Year_Numeric,College,Course,Subject,Avg_Grade,Std_Grade,Student_Cnt,Fail_Count,Fail_Rate
2022.0,CAHS,Bachelor of Science in Midwifery,BTIP0112,1.5,,1,0,0.0
2022.0,CAHS,Bachelor of Science in Midwifery,CPHC0613,1.7,0.6,44,1,2.27
2022.0,CAHS,Bachelor of Science in Midwifery,CPHC0822,1.45,0.1,38,0,0.0
2022.0,CAHS,Bachelor of Science in Midwifery,CPMP0100,2.43,0.65,223,27,12.11
2022.0,CAHS,Bachelor of Science in Midwifery,CPMP0103,1.59,0.16,38,0,0.0
2022.0,CAHS,Bachelor of Science in Midwifery,CPMP0104,1.54,0.11,36,0,0.0
2022.0,CAHS,Bachelor of Science in Midwifery,CPMP0105,1.88,0.79,35,2,5.71
2022.0,CAHS,Bachelor of Science in Midwifery,CPMP0106,1.62,0.38,29,0,0.0
2022.0,CAHS,Bachelor of Science in Midwifery,CPMP0108,1.54,0.17,35,0,0.0
2022.0,CAHS,Bachelor of Science in Midwifery,CPMP0110,1.88,0.79,35,2,5.71
2022.0,CAHS,Bachelor of Science in Midwifery,CPMP0113,1.27,0.25,30,0,0.0
2022.0,CAHS,Bachelor of Science in Midwifery,CPMP0216,1.71,0.15,44,0,0.0
2022.0,CAHS,Bachelor of Science in Midwifery,CPMP0223,2.03,0.32,207,2,0.97
2022.0,CAHS,Bachelor of Science in Midwifery,EGEC0103,1.94,0.69,216,9,4.17
2022.0,CAHS,Bachelor of Science in Midwifery,EGEC0203,1.78,0.7,217,7,3.23
2022.0,CAHS,Bachelor of Science in Midwifery,EGEC0303,1.4,0.44,209,2,0.96
2022.0,CAHS,Bachelor of Science in Midwifery,FCHM0113,2.21,0.93,36,4,11.11
2022.0,CAHS,Bachelor of Science in Midwifery,FMHE0413,1.94,0.24,61,0,0.0
2022.0,CAHS,Bachelor of Science in Midwifery,FNAP0115,2.37,0.71,218,35,16.06
2022.0,CAHS,Bachelor of Science in Midwifery,FNMP0324,2.29,0.62,205,13,6.34
2022.0,CAHS,Bachelor of Science in Midwifery,FOLA0313,2.21,0.37,56,5,8.93
2022.0,CAHS,Bachelor of Science in Midwifery,FOLA0423,1.89,0.41,53,2,3.77
2022.0,CAHS,Bachelor of Science in Midwifery,FPHC0514,2.25,0.93,59,7,11.86
2022.0,CAHS,Bachelor of Science in Midwifery,FPHC0723,2.11,0.36,40,1,2.5
2022.0,CAHS,Bachelor of Science in Midwifery,FPHY0425,1.84,0.78,59,4,6.78
2022.0,CAHS,Bachelor of Science in Midwifery,MATH3623,1.76,0.29,58,0,0.0
2022.0,CAHS,Bachelor of Science in Midwifery,MIDP0102,3.01,0.97,46,16,34.78
2022.0,CAHS,Bachelor of Science in Midwifery,MIDP0103,1.8,0.38,38,0,0.0
2022.0,CAHS,Bachelor of Science in Midwifery,MIDP0104,1.61,0.21,36,0,0.0
2022.0,CAHS,Bachelor of Science in Midwifery,MIDP0105,1.53,0.23,35,0,0.0
2022.0,CAHS,Bachelor of Science in Midwifery,MIDP0106,1.66,0.18,30,0,0.0
2022.0,CAHS,Bachelor of Science in Midwifery,MIDP0107,2.1,0.36,34,1,2.94
2022.0,CAHS,Bachelor of Science in Midwifery,MIDP0108,1.62,0.32,35,0,0.0
2022.0,CAHS,Bachelor of Science in Midwifery,MIDP0109,1.75,0.23,59,0,0.0
2022.0,CAHS,Bachelor of Science in Midwifery,MIDP0110,1.95,0.36,35,1,2.86
2022.0,CAHS,Bachelor of Science in Midwifery,MIDP0111,2.02,0.27,30,0,0.0
2022.0,CAHS,Bachelor of Science in Midwifery,MIDP0112,1.72,0.27,30,0,0.0
2022.0,CAHS,Bachelor of Science in Midwifery,MIDP0113,1.27,0.23,30,0,0.0
2022.0,CAHS,Bachelor of Science in Midwifery,MIDW0113,2.32,0.64,220,25,11.36
2022.0,CAHS,Bachelor of Science in Midwifery,MIDW0223,3.06,1.06,224,91,40.62
2022.0,CAHS,Bachelor of Science in Midwifery,MIDW0323,2.62,0.67,208,53,25.48
2022.0,CAHS,Bachelor of Science in Midwifery,NGEC0103,1.88,1.14,207,23,11.11
2022.0,CAHS,Bachelor of Science in Midwifery,NGEC0203,2.17,0.86,215,18,8.37
2022.0,CAHS,Bachelor of Science in Midwifery,NGEC0303,2.36,0.99,204,36,17.65
2022.0,CAHS,Bachelor of Science in Midwifery,NGEC0403,2.26,0.6,214,10,4.67
2022.0,CAHS,Bachelor of Science in Midwifery,NGEC0503,3.0,,1,1,100.0
2022.0,CAHS,Bachelor of Science in Midwifery,NGEC0513,1.77,0.37,58,0,0.0
2022.0,CAHS,Bachelor of Science in Midwifery,NGEC0603,2.06,0.95,210,24,11.43
2022.0,CAHS,Bachelor of Science in Midwifery,NGEC0723,1.62,0.61,57,1,1.75
2022.0,CAHS,Bachelor of Science in Midwifery,NGEC0823,1.2,0.43,57,2,3.51
2022.0,CAHS,Bachelor of Science in Midwifery,NGEC0913,1.54,0.99,61,4,6.56
2022.0,CAHS,Bachelor of Science in Midwifery,NGEC1023,2.0,,1,0,0.0
2022.0,CAHS,Bachelor of Science in Midwifery,NGEC1223,1.57,0.61,57,1,1.75
2022.0,CAHS,Bachelor of Science in Midwifery,NSTP0001,1.68,0.62,149,4,2.68
2022.0,CAHS,Bachelor of Science in Midwifery,NSTP0113,1.69,0.81,59,3,5.08
2022.0,CAHS,Bachelor of Science in Midwifery,NSTP0223,1.78,0.74,206,9,4.37
2022.0,CAHS,Bachelor of Science in Midwifery,PEDU0112,1.71,0.86,224,12,5.36
2022.0,CAHS,Bachelor of Science in Midwifery,PEDU0222,1.68,0.99,209,16,7.66
2022.0,CAHS,Bachelor of Science in Midwifery,PHED0222,1.46,0.85,57,3,5.26
2022.0,CAHS,Bachelor of Science in Midwifery,PHED0312,2.0,,1,0,0.0
2022.0,CAHS,Bachelor of Science in Midwifery,PHED0422,1.19,0.15,59,0,0.0
2022.0,CAHS,Bachelor of Science in Midwifery,UIEC0101,1.7,0.96,223,16,7.17
2022.0,CAHS,Bachelor of Science in Nursing,ACIE0113,2.0,,1,0,0.0
2022.0,CAHS,Bachelor of Science in Nursing,EGEC0103,1.39,0.43,284,2,0.7
2022.0,CAHS,Bachelor of Science in Nursing,EGEC0203,1.37,0.48,289,4,1.38
2022.0,CAHS,Bachelor of Science in Nursing,EGEC0303,1.62,0.68,282,10,3.55
2022.0,CAHS,Bachelor of Science in Nursing,FNAP0115,2.09,0.55,272,9,3.31
2022.0,CAHS,Bachelor of Science in Nursing,FNBC0215,1.65,0.45,270,5,1.85
2022.0,CAHS,Bachelor of Science in Nursing,FNMP0324,2.16,0.52,280,11,3.93
2022.0,CAHS,Bachelor of Science in Nursing,FOLA0103,1.5,,1,0,0.0
2022.0,CAHS,Bachelor of Science in Nursing,FOLA0313,1.81,0.31,156,0,0.0
2022.0,CAHS,Bachelor of Science in Nursing,FOLA0423,1.3,0.25,144,0,0.0
2022.0,CAHS,Bachelor of Science in Nursing,GECO0313,2.5,,1,0,0.0
2022.0,CAHS,Bachelor of Science in Nursing,IEER0313,1.5,,1,0,0.0
2022.0,CAHS,Bachelor of Science in Nursing,IEIM0312,2.0,,1,0,0.0
2022.0,CAHS,Bachelor of Science in Nursing,IEIP0312,1.5,,1,0,0.0
2022.0,CAHS,Bachelor of Science in Nursing,IEOR0313,3.0,,1,1,100.0
2022.0,CAHS,Bachelor of Science in Nursing,IEQM0323,1.75,,1,0,0.0
2022.0,CAHS,Bachelor of Science in Nursing,METD0323,1.5,,1,0,0.0
2022.0,CAHS,Bachelor of Science in Nursing,NCEC0123,2.01,0.45,100,2,2.0
2022.0,CAHS,Bachelor of Science in Nursing,NGEC0103,1.6,0.57,272,5,1.84
2022.0,CAHS,Bachelor of Science in Nursing,NGEC0203,1.6,0.46,280,3,1.07
2022.0,CAHS,Bachelor of Science in Nursing,NGEC0303,1.3,0.59,267,3,1.12
2022.0,CAHS,Bachelor of Science in Nursing,NGEC0403,5.0,,1,1,100.0
2022.0,CAHS,Bachelor of Science in Nursing,NGEC0503,1.53,0.41,274,2,0.73
2022.0,CAHS,Bachelor of Science in Nursing,NGEC0513,1.56,0.34,154,1,0.65
2022.0,CAHS,Bachelor of Science in Nursing,NGEC0603,1.88,0.14,4,0,0.0
2022.0,CAHS,Bachelor of Science in Nursing,NGEC0703,1.3,0.47,281,2,0.71
2022.0,CAHS,Bachelor of Science in Nursing,NGEC0723,1.3,0.38,147,0,0.0
2022.0,CAHS,Bachelor of Science in Nursing,NGEC0823,1.21,0.43,138,1,0.72
2022.0,CAHS,Bachelor of Science in Nursing,NGEC0913,1.1,0.2,146,0,0.0
2022.0,CAHS,Bachelor of Science in Nursing,NGEC1023,1.29,0.37,134,1,0.75
2022.0,CAHS,Bachelor of Science in Nursing,NGEC1223,1.1,0.23,145,0,0.0
2022.0,CAHS,Bachelor of Science in Nursing,NRCM0100,2.61,0.73,274,42,15.33
2022.0,CAHS,Bachelor of Science in Nursing,NRCM0101,1.97,0.45,275,10,3.64
2022.0,CAHS,Bachelor of Science in Nursing,NRCM0101-R,2.18,0.45,274,8,2.92
2022.0,CAHS,Bachelor of Science in Nursing,NRCM0102,1.96,0.45,260,5,1.92
2022.0,CAHS,Bachelor of Science in Nursing,NRCM0103,1.86,0.64,264,19,7.2
2022.0,CAHS,Bachelor of Science in Nursing,NRCM0103-R,1.97,0.35,261,2,0.77
2022.0,CAHS,Bachelor of Science in Nursing,NRCM0104.,2.43,0.34,151,16,10.6
2022.0,CAHS,Bachelor of Science in Nursing,NRCM0105,1.78,0.22,153,0,0.0
2022.0,CAHS,Bachelor of Science in Nursing,NRCM0106,2.55,0.37,153,39,25.49
2022.0,CAHS,Bachelor of Science in Nursing,NRCM0107.,1.6,0.22,152,0,0.0
2022.0,CAHS,Bachelor of Science in Nursing,NRCM0108,1.9,0.29,144,0,0.0
2022.0,CAHS,Bachelor of Science in Nursing,NRCM0109.,2.79,0.72,151,63,41.72
2022.0,CAHS,Bachelor of Science in Nursing,NRCM0110,1.56,0.24,152,0,0.0
2022.0,CAHS,Bachelor of Science in Nursing,NRCM0111.,2.0,0.39,124,3,2.42
2022.0,CAHS,Bachelor of Science in Nursing,NRCM0112.,1.8,0.47,123,3,2.44
2022.0,CAHS,Bachelor of Science in Nursing,NRCM0113.,2.04,0.33,122,0,0.0
2022.0,CAHS,Bachelor of Science in Nursing,NRCM0114.,1.96,0.4,123,2,1.63
2022.0,CAHS,Bachelor of Science in Nursing,NRCM0115-R,2.09,0.31,127,2,1.57
2022.0,CAHS,Bachelor of Science in Nursing,NRCM0116.,1.74,0.39,126,1,0.79
2022.0,CAHS,Bachelor of Science in Nursing,NRCM0117.,1.93,0.34,126,1,0.79
2022.0,CAHS,Bachelor of Science in Nursing,NRCM0118.,2.56,0.37,97,27,27.84
2022.0,CAHS,Bachelor of Science in Nursing,NRCM0119.,2.07,0.42,99,2,2.02
2022.0,CAHS,Bachelor of Science in Nursing,NRCM0121.,1.4,0.29,99,0,0.0
2022.0,CAHS,Bachelor of Science in Nursing,NRCM0122-R,1.44,0.19,101,0,0.0
2022.0,CAHS,Bachelor of Science in Nursing,NSTP0113,1.46,0.44,270,3,1.11
2022.0,CAHS,Bachelor of Science in Nursing,NSTP0223,1.46,0.28,274,0,0.0
2022.0,CAHS,Bachelor of Science in Nursing,PEDU0112,1.31,0.4,276,3,1.09
2022.0,CAHS,Bachelor of Science in Nursing,PEDU0222,1.35,0.52,274,5,1.82
2022.0,CAHS,Bachelor of Science in Nursing,PHED0222,1.14,0.2,143,0,0.0
2022.0,CAHS,Bachelor of Science in Nursing,PHED0422,1.38,0.29,146,0,0.0
2022.0,CAHS,Bachelor of Science in Nursing,UIEC0301,1.31,0.53,285,7,2.46
2022.0,CBA,Bachelor of Science in Hospitality Management,EGEC0103,1.63,0.34,165,1,0.61
2022.0,CBA,Bachelor of Science in Hospitality Management,EGEC0203,1.42,0.56,158,3,1.9
2022.0,CBA,Bachelor of Science in Hospitality Management,EGEC0303,1.06,0.33,163,1,0.61
2022.0,CBA,Bachelor of Science in Hospitality Management,ELEC0113,2.16,0.65,93,4,4.3
2022.0,CBA,Bachelor of Science in Hospitality Management,ELEC0213,1.2,0.22,91,0,0.0
2022.0,CBA,Bachelor of Science in Hospitality Management,FOLA0113,2.88,0.99,100,29,29.0
2022.0,CBA,Bachelor of Science in Hospitality Management,FOLA0223,1.34,0.48,85,1,1.18
2022.0,CBA,Bachelor of Science in Hospitality Management,FOLA0313,1.72,0.66,131,4,3.05
2022.0,CBA,Bachelor of Science in Hospitality Management,FOLA0423,1.33,0.37,125,1,0.8
2022.0,CBA,Bachelor of Science in Hospitality Management,HBME0113,2.34,0.79,41,3,7.32
2022.0,CBA,Bachelor of Science in Hospitality Management,HBME0223,1.25,0.71,93,3,3.23
2022.0,CBA,Bachelor of Science in Hospitality Management,HCEC0113,1.41,0.31,91,0,0.0
2022.0,CBA,Bachelor of Science in Hospitality Management,HMBE0113,2.03,0.75,59,3,5.08
2022.0,CBA,Bachelor of Science in Hospitality Management,HMPC0113,1.78,1.0,130,10,7.69
2022.0,CBA,Bachelor of Science in Hospitality Management,HMPC0213,1.58,0.77,135,5,3.7
2022.0,CBA,Bachelor of Science in Hospitality Management,HMPC0313,1.64,0.87,63,4,6.35
2022.0,CBA,Bachelor of Science in Hospitality Management,HMPC0313.,1.51,0.7,68,2,2.94
2022.0,CBA,Bachelor of Science in Hospitality Management,HMPC0413,1.89,0.89,135,8,5.93
2022.0,CBA,Bachelor of Science in Hospitality Management,HMPC0513,1.46,0.75,130,5,3.85
2022.0,CBA,Bachelor of Science in Hospitality Management,HMPC0623.,1.16,0.4,130,1,0.77
2022.0,CBA,Bachelor of Science in Hospitality Management,HMPC0723,1.44,0.64,98,2,2.04
2022.0,CBA,Bachelor of Science in Hospitality Management,HMPC0813,1.24,0.22,90,0,0.0
2022.0,CBA,Bachelor of Science in Hospitality Management,HMPE0123,1.56,0.57,132,3,2.27
2022.0,CBA,Bachelor of Science in Hospitality Management,HMPE0213,1.67,0.87,91,5,5.49
2022.0,CBA,Bachelor of Science in Hospitality Management,HMPE0313,1.83,0.63,59,2,3.39
2022.0,CBA,Bachelor of Science in Hospitality Management,HMPE0313.,2.29,1.06,40,5,12.5
2022.0,CBA,Bachelor of Science in Hospitality Management,HMPE0423,1.36,0.57,95,2,2.11
2022.0,CBA,Bachelor of Science in Hospitality Management,HMPE0513,1.57,0.3,89,0,0.0
2022.0,CBA,Bachelor of Science in Hospitality Management,HTMB0420,2.48,1.01,78,11,14.1
2022.0,CBA,Bachelor of Science in Hospitality Management,HTMB0520,1.76,1.0,75,6,8.0
2022.0,CBA,Bachelor of Science in Hospitality Management,HTMC0213,2.0,0.51,162,2,1.23
2022.0,CBA,Bachelor of Science in Hospitality Management,HTMC0613,1.73,0.67,92,3,3.26
2022.0,CBA,Bachelor of Science in Hospitality Management,HTMC0713,1.52,0.67,95,3,3.16
2022.0,CBA,Bachelor of Science in Hospitality Management,HTMC0823,2.1,0.5,95,5,5.26
2022.0,CBA,Bachelor of Science in Hospitality Management,HTMC0923,1.78,0.69,98,7,7.14
2022.0,CBA,Bachelor of Science in Hospitality Management,HTMC1023,1.33,0.61,97,2,2.06
2022.0,CBA,Bachelor of Science in Hospitality Management,NGEC0103,2.2,0.32,154,1,0.65
2022.0,CBA,Bachelor of Science in Hospitality Management,NGEC0303,1.0,,1,0,0.0
2022.0,CBA,Bachelor of Science in Hospitality Management,NGEC0403,1.93,0.66,161,8,4.97
2022.0,CBA,Bachelor of Science in Hospitality Management,NGEC0513,2.13,0.91,127,11,8.66
2022.0,CBA,Bachelor of Science in Hospitality Management,NGEC0723,1.62,0.51,130,2,1.54
2022.0,CBA,Bachelor of Science in Hospitality Management,NGEC0823,1.76,0.91,128,11,8.59
2022.0,CBA,Bachelor of Science in Hospitality Management,NGEC0913,1.69,1.07,130,11,8.46
2022.0,CBA,Bachelor of Science in Hospitality Management,NGEC1023,1.81,0.95,93,7,7.53
2022.0,CBA,Bachelor of Science in Hospitality Management,NGEC1223,1.32,0.4,133,0,0.0
2022.0,CBA,Bachelor of Science in Hospitality Management,NSTP0113,1.81,0.57,160,4,2.5
2022.0,CBA,Bachelor of Science in Hospitality Management,NSTP0223,1.63,0.59,156,4,2.56
2022.0,CBA,Bachelor of Science in Hospitality Management,PEDU0112,1.67,0.74,163,7,4.29
2022.0,CBA,Bachelor of Science in Hospitality Management,PEDU0222,1.58,0.76,159,7,4.4
2022.0,CBA,Bachelor of Science in Hospitality Management,PHED0222,1.76,0.66,132,5,3.79
2022.0,CBA,Bachelor of Science in Hospitality Management,PHED0422,1.51,0.63,131,3,2.29
2022.0,CBA,Bachelor of Science in Hospitality Management,PRAC0126,1.23,0.44,91,1,1.1
2022.0,CBA,Bachelor of Science in Hospitality Management,THBC0103,2.26,0.32,162,3,1.85
2022.0,CBA,Bachelor of Science in Hospitality Management,THBC0203,1.47,0.51,164,2,1.22
2022.0,CBA,Bachelor of Science in Hospitality Management,THMC0113,2.11,0.56,164,5,3.05
2022.0,CBA,Bachelor of Science in Hospitality Management,THMC0323,1.87,0.59,168,6,3.57
2022.0,CBA,Bachelor of Science in Hospitality Management,THMC0423,1.69,0.57,161,4,2.48
2022.0,CBA,Bachelor of Science in Hospitality Management,THMC0523,1.82,0.66,161,6,3.73
2022.0,CBA,Bachelor of Science in Hospitality Management,UIEC0101,1.46,0.87,163,8,4.91
2022.0,CBA,Bachelor of Science in Hospitality Management,UIEC0201,1.31,0.75,162,6,3.7
2022.0,CBA,Bachelor of Science in Hospitality Management,UIEC0301,1.18,0.38,162,1,0.62
2022.0,CBA,Bachelor of Science in Tourism Management,BMEC0123,1.92,0.21,132,0,0.0
2022.0,CBA,Bachelor of Science in Tourism Management,BMEC0323,1.74,0.17,132,0,0.0
2022.0,CBA,Bachelor of Science in Tourism Management,CENC0223,1.53,0.32,122,1,0.82
2022.0,CBA,Bachelor of Science in Tourism Management,EGEC0103,2.04,0.91,157,12,7.64
2022.0,CBA,Bachelor of Science in Tourism Management,EGEC0203,1.79,0.8,161,8,4.97
2022.0,CBA,Bachelor of Science in Tourism Management,EGEC0303,1.84,0.68,155,6,3.87
2022.0,CBA,Bachelor of Science in Tourism Management,FOLA0113,1.82,0.35,133,1,0.75
2022.0,CBA,Bachelor of Science in Tourism Management,FOLA0223,1.82,0.43,140,4,2.86
2022.0,CBA,Bachelor of Science in Tourism Management,FOLA0313,1.8,0.28,120,0,0.0
2022.0,CBA,Bachelor of Science in Tourism Management,FOLA0423,1.71,0.3,122,1,0.82
2022.0,CBA,Bachelor of Science in Tourism Management,HTMC0823,2.0,,1,0,0.0
2022.0,CBA,Bachelor of Science in Tourism Management,NGEC0103,2.07,0.67,151,8,5.3
2022.0,CBA,Bachelor of Science in Tourism Management,NGEC0203,5.0,,1,1,100.0
2022.0,CBA,Bachelor of Science in Tourism Management,NGEC0303,1.75,,1,0,0.0
2022.0,CBA,Bachelor of Science in Tourism Management,NGEC0403,2.4,0.89,155,22,14.19
2022.0,CBA,Bachelor of Science in Tourism Management,NGEC0513,1.72,0.75,130,6,4.62
2022.0,CBA,Bachelor of Science in Tourism Management,NGEC0603,1.96,1.09,147,16,10.88
2022.0,CBA,Bachelor of Science in Tourism Management,NGEC0723,1.57,0.45,123,0,0.0
2022.0,CBA,Bachelor of Science in Tourism Management,NGEC0803,1.34,0.83,160,7,4.38
2022.0,CBA,Bachelor of Science in Tourism Management,NGEC0823,1.44,0.5,126,1,0.79
2022.0,CBA,Bachelor of Science in Tourism Management,NGEC0913,1.41,0.89,128,7,5.47
2022.0,CBA,Bachelor of Science in Tourism Management,NGEC1023,1.44,0.16,135,0,0.0
2022.0,CBA,Bachelor of Science in Tourism Management,NGEC1223,1.13,0.29,126,0,0.0
2022.0,CBA,Bachelor of Science in Tourism Management,NSTP0113,1.94,0.82,161,10,6.21
2022.0,CBA,Bachelor of Science in Tourism Management,NSTP0223,1.73,0.68,156,5,3.21
2022.0,CBA,Bachelor of Science in Tourism Management,PEDU0112,1.52,1.05,164,15,9.15
2022.0,CBA,Bachelor of Science in Tourism Management,PEDU0222,1.68,0.81,152,8,5.26
2022.0,CBA,Bachelor of Science in Tourism Management,PHED0112,1.5,,1,0,0.0
2022.0,CBA,Bachelor of Science in Tourism Management,PHED0222,1.5,0.34,126,1,0.79
2022.0,CBA,Bachelor of Science in Tourism Management,PHED0312,1.75,,1,0,0.0
2022.0,CBA,Bachelor of Science in Tourism Management,PHED0422,1.56,0.87,128,7,5.47
2022.0,CBA,Bachelor of Science in Tourism Management,THBC0103,2.22,0.73,156,10,6.41
2022.0,CBA,Bachelor of Science in Tourism Management,THBC0203,1.89,0.51,159,3,1.89
2022.0,CBA,Bachelor of Science in Tourism Management,THMC0113,2.04,0.72,163,8,4.91
2022.0,CBA,Bachelor of Science in Tourism Management,THMC0213,1.95,0.78,162,9,5.56
2022.0,CBA,Bachelor of Science in Tourism Management,THMC0323,1.87,0.63,155,6,3.87
2022.0,CBA,Bachelor of Science in Tourism Management,THMC0523,1.75,0.64,120,4,3.33
2022.0,CBA,Bachelor of Science in Tourism Management,THMC0613,1.54,0.37,134,1,0.75
2022.0,CBA,Bachelor of Science in Tourism Management,THMC0703,1.72,0.94,125,9,7.2
2022.0,CBA,Bachelor of Science in Tourism Management,THMC0813,1.85,0.4,130,0,0.0
2022.0,CBA,Bachelor of Science in Tourism Management,THMC0903,1.73,0.47,135,2,1.48
2022.0,CBA,Bachelor of Science in Tourism Management,THMC1023,1.66,0.55,135,4,2.96
2022.0,CBA,Bachelor of Science in Tourism Management,TMBC0523,1.39,0.24,55,0,0.0
2022.0,CBA,Bachelor of Science in Tourism Management,TMEC0123,1.43,0.35,126,1,0.79
2022.0,CBA,Bachelor of Science in Tourism Management,TMEC0213,1.46,0.42,127,1,0.79
2022.0,CBA,Bachelor of Science in Tourism Management,TMEC0313,2.26,0.57,123,3,2.44
2022.0,CBA,Bachelor of Science in Tourism Management,TMEC0413,1.98,0.56,127,3,2.36
2022.0,CBA,Bachelor of Science in Tourism Management,TMPC0113,1.85,0.63,130,4,3.08
2022.0,CBA,Bachelor of Science in Tourism Management,TMPC0223,1.75,,1,0,0.0
2022.0,CBA,Bachelor of Science in Tourism Management,TMPC0313,2.32,0.57,127,4,3.15
2022.0,CBA,Bachelor of Science in Tourism Management,TMPC0413,1.98,0.63,130,4,3.08
2022.0,CBA,Bachelor of Science in Tourism Management,TMPC0723,1.52,0.42,127,2,1.57
2022.0,CBA,Bachelor of Science in Tourism Management,TMPC0813,1.79,0.45,136,2,1.47
2022.0,CBA,Bachelor of Science in Tourism Management,TMPC0923,1.29,0.13,133,0,0.0
2022.0,CBA,Bachelor of Science in Tourism Management,TMPC1013,1.64,0.38,122,1,0.82
2022.0,CBA,Bachelor of Science in Tourism Management,TMPE0113,1.77,0.63,127,4,3.15
2022.0,CBA,Bachelor of Science in Tourism Management,TMPE0223,1.56,0.27,127,0,0.0
2022.0,CBA,Bachelor of Science in Tourism Management,TMPE0313,1.72,0.51,130,3,2.31
2022.0,CBA,Bachelor of Science in Tourism Management,TMPE0423,1.4,0.26,135,0,0.0
2022.0,CBA,Bachelor of Science in Tourism Management,TMPE0513,1.49,0.5,129,2,1.55
2022.0,CBA,Bachelor of Science in Tourism Management,TMPR0126,1.28,0.46,124,1,0.81
2022.0,CBA,Bachelor of Science in Tourism Management,UIEC0101,1.53,1.12,164,16,9.76
2022.0,CBA,Bachelor of Science in Tourism Management,UIEC0201,1.99,0.82,162,12,7.41
2022.0,CBA,Bachelor of Science in Tourism Management,UIEC0301,1.39,0.53,163,3,1.84
2022.0,CCST,Bachelor of Science in Computer Science,BTIP0112,2.25,,1,0,0.0
2022.0,CCST,Bachelor of Science in Computer Science,CSCC0103,2.08,0.85,106,9,8.49
2022.0,CCST,Bachelor of Science in Computer Science,CSCC0223,1.65,0.76,105,4,3.81
2022.0,CCST,Bachelor of Science in Computer Science,CSCC0323,2.25,0.99,105,12,11.43
2022.0,CCST,Bachelor of Science in Computer Science,CSCI0123,2.5,,1,0,0.0
2022.0,CCST,Bachelor of Science in Computer Science,CSCI0213,1.34,0.2,72,0,0.0
2022.0,CCST,Bachelor of Science in Computer Science,CSCI0323,1.99,0.71,74,5,6.76
2022.0,CCST,Bachelor of Science in Computer Science,CSCI0413,1.92,0.45,120,2,1.67
2022.0,CCST,Bachelor of Science in Computer Science,CSCI0513,1.66,0.44,124,3,2.42
2022.0,CCST,Bachelor of Science in Computer Science,CSCI0613,2.17,0.68,124,7,5.65
2022.0,CCST,Bachelor of Science in Computer Science,CSCI0723,1.97,0.58,124,3,2.42
2022.0,CCST,Bachelor of Science in Computer Science,CSCI0823,1.96,0.4,127,1,0.79
2022.0,CCST,Bachelor of Science in Computer Science,CSCI0923,1.92,0.85,127,9,7.09
2022.0,CCST,Bachelor of Science in Computer Science,CSCI1013,2.08,0.29,54,0,0.0
2022.0,CCST,Bachelor of Science in Computer Science,CSCI1123,1.69,0.32,54,0,0.0
2022.0,CCST,Bachelor of Science in Computer Science,CSND0113,1.78,0.69,56,2,3.57
2022.0,CCST,Bachelor of Science in Computer Science,CSND0223,1.5,0.31,56,0,0.0
2022.0,CCST,Bachelor of Science in Computer Science,CSND0313,2.09,0.46,30,3,10.0
2022.0,CCST,Bachelor of Science in Computer Science,CSND0413,1.7,0.68,29,1,3.45
2022.0,CCST,Bachelor of Science in Computer Science,CSSD0113,1.84,0.42,64,1,1.56
2022.0,CCST,Bachelor of Science in Computer Science,CSSD0223,1.44,0.21,66,0,0.0
2022.0,CCST,Bachelor of Science in Computer Science,CSSD0313,2.13,0.74,27,2,7.41
2022.0,CCST,Bachelor of Science in Computer Science,CSSD0423,1.99,0.68,27,1,3.7
2022.0,CCST,Bachelor of Science in Computer Science,CTCC0113,2.24,0.99,108,14,12.96
2022.0,CCST,Bachelor of Science in Computer Science,CTCC0213,2.14,0.88,98,9,9.18
2022.0,CCST,Bachelor of Science in Computer Science,CTCC0323,2.28,1.35,97,18,18.56
2022.0,CCST,Bachelor of Science in Computer Science,CTCC0403,1.5,,1,0,0.0
2022.0,CCST,Bachelor of Science in Computer Science,EGEC0103,1.47,0.15,97,0,0.0
2022.0,CCST,Bachelor of Science in Computer Science,EGEC0203,1.39,0.55,103,2,1.94
2022.0,CCST,Bachelor of Science in Computer Science,EGEC0303,1.29,0.77,105,4,3.81
2022.0,CCST,Bachelor of Science in Computer Science,FOLA0103,1.58,0.73,107,4,3.74
2022.0,CCST,Bachelor of Science in Computer Science,FOLA0113,2.08,0.8,74,5,6.76
2022.0,CCST,Bachelor of Science in Computer Science,FOLA0223,1.43,0.67,72,2,2.78
2022.0,CCST,Bachelor of Science in Computer Science,ICTC0613,2.07,0.91,78,8,10.26
2022.0,CCST,Bachelor of Science in Computer Science,ICTC0713,1.77,0.64,78,2,2.56
2022.0,CCST,Bachelor of Science in Computer Science,ICTC0813,1.87,0.65,75,5,6.67
2022.0,CCST,Bachelor of Science in Computer Science,ICTC0923,1.27,0.55,71,1,1.41
2022.0,CCST,Bachelor of Science in Computer Science,ICTC1023,1.93,0.93,70,5,7.14
2022.0,CCST,Bachelor of Science in Computer Science,ICTC1113,2.07,0.74,124,6,4.84
2022.0,CCST,Bachelor of Science in Computer Science,ICTC1213,1.77,0.47,124,4,3.23
2022.0,CCST,Bachelor of Science in Computer Science,ICTC1323,1.42,0.73,127,4,3.15
2022.0,CCST,Bachelor of Science in Computer Science,ICTC1413,3.75,1.46,4,2,50.0
2022.0,CCST,Bachelor of Science in Computer Science,ICTC1423,1.76,0.79,123,5,4.07
2022.0,CCST,Bachelor of Science in Computer Science,ICTC1513,2.25,,1,0,0.0
2022.0,CCST,Bachelor of Science in Computer Science,ICTC1523,1.54,0.45,119,2,1.68
2022.0,CCST,Bachelor of Science in Computer Science,ICTC1613,1.12,0.54,56,1,1.79
2022.0,CCST,Bachelor of Science in Computer Science,ICTC1711,1.32,0.75,56,2,3.57
2022.0,CCST,Bachelor of Science in Computer Science,ICTC1823,1.57,0.25,55,0,0.0
2022.0,CCST,Bachelor of Science in Computer Science,ICTC1920,1.45,0.7,55,2,3.64
2022.0,CCST,Bachelor of Science in Computer Science,MATH1913,2.2,0.48,123,11,8.94
2022.0,CCST,Bachelor of Science in Computer Science,NGEC0103,1.95,0.45,99,2,2.02
2022.0,CCST,Bachelor of Science in Computer Science,NGEC0203,1.59,0.69,99,3,3.03
2022.0,CCST,Bachelor of Science in Computer Science,NGEC0303,1.2,0.81,96,4,4.17
2022.0,CCST,Bachelor of Science in Computer Science,NGEC0403,2.25,1.05,106,14,13.21
2022.0,CCST,Bachelor of Science in Computer Science,NGEC0513,1.96,0.76,81,4,4.94
2022.0,CCST,Bachelor of Science in Computer Science,NGEC0723,1.38,0.51,73,1,1.37
2022.0,CCST,Bachelor of Science in Computer Science,NGEC0803,1.5,,1,0,0.0
2022.0,CCST,Bachelor of Science in Computer Science,NGEC0823,1.97,0.77,74,4,5.41
2022.0,CCST,Bachelor of Science in Computer Science,NGEC0913,1.1,0.5,71,1,1.41
2022.0,CCST,Bachelor of Science in Computer Science,NGEC1023,1.36,0.44,125,1,0.8
2022.0,CCST,Bachelor of Science in Computer Science,NGEC1223,1.21,0.5,75,1,1.33
2022.0,CCST,Bachelor of Science in Computer Science,NSTP0113,1.83,0.66,102,3,2.94
2022.0,CCST,Bachelor of Science in Computer Science,NSTP0223,1.59,0.54,100,2,2.0
2022.0,CCST,Bachelor of Science in Computer Science,PEDU0112,2.06,1.04,107,11,10.28
2022.0,CCST,Bachelor of Science in Computer Science,PEDU0222,1.72,0.39,95,1,1.05
2022.0,CCST,Bachelor of Science in Computer Science,PHED0222,1.55,0.88,71,4,5.63
2022.0,CCST,Bachelor of Science in Computer Science,PHED0422,1.55,0.68,72,3,4.17
2022.0,CCST,Bachelor of Science in Computer Science,UIEC0101,2.25,1.27,112,21,18.75
2022.0,CCST,Bachelor of Science in Computer Science,UIEC0201,1.63,1.12,107,13,12.15
2022.0,CCST,Bachelor of Science in Computer Science,UIEC0301,1.0,0.0,2,0,0.0
2022.0,CCST,Bachelor of Science in Entertainment and Multimedia Computing,CTCC0113,2.04,0.94,125,10,8.0
2022.0,CCST,Bachelor of Science in Entertainment and Multimedia Computing,CTCC0213,2.77,0.99,122,44,36.07
2022.0,CCST,Bachelor of Science in Entertainment and Multimedia Computing,CTCC0323,2.14,0.99,102,13,12.75
2022.0,CCST,Bachelor of Science in Entertainment and Multimedia Computing,CTCC0403,1.83,0.29,3,0,0.0
2022.0,CCST,Bachelor of Science in Entertainment and Multimedia Computing,EGEC0103,1.5,0.14,108,0,0.0
2022.0,CCST,Bachelor of Science in Entertainment and Multimedia Computing,EGEC0203,1.48,0.37,112,1,0.89
2022.0,CCST,Bachelor of Science in Entertainment and Multimedia Computing,EGEC0303,1.5,1.03,110,8,7.27
2022.0,CCST,Bachelor of Science in Entertainment and Multimedia Computing,EMCC0113,3.17,1.43,130,54,41.54
2022.0,CCST,Bachelor of Science in Entertainment and Multimedia Computing,EMCC0223,2.57,1.54,88,27,30.68
2022.0,CCST,Bachelor of Science in Entertainment and Multimedia Computing,EMCC0323,2.33,1.03,106,17,16.04
2022.0,CCST,Bachelor of Science in Entertainment and Multimedia Computing,EMCC0413,2.32,1.22,64,12,18.75
2022.0,CCST,Bachelor of Science in Entertainment and Multimedia Computing,EMCC0513,2.39,1.34,66,13,19.7
2022.0,CCST,Bachelor of Science in Entertainment and Multimedia Computing,EMCC0613,2.63,1.42,65,16,24.62
2022.0,CCST,Bachelor of Science in Entertainment and Multimedia Computing,EMCC0723,2.77,1.44,56,17,30.36
2022.0,CCST,Bachelor of Science in Entertainment and Multimedia Computing,EMCC0823,2.07,1.46,52,10,19.23
2022.0,CCST,Bachelor of Science in Entertainment and Multimedia Computing,EMCC0923,3.14,1.01,54,27,50.0
2022.0,CCST,Bachelor of Science in Entertainment and Multimedia Computing,EMCC1013,4.7,0.93,49,44,89.8
2022.0,CCST,Bachelor of Science in Entertainment and Multimedia Computing,EMCC1113,3.34,1.15,54,44,81.48
2022.0,CCST,Bachelor of Science in Entertainment and Multimedia Computing,EMCC1213,1.97,0.9,53,7,13.21
2022.0,CCST,Bachelor of Science in Entertainment and Multimedia Computing,EMCC1323,3.0,1.72,29,12,41.38
2022.0,CCST,Bachelor of Science in Entertainment and Multimedia Computing,EMCC1413,2.08,0.85,51,3,5.88
2022.0,CCST,Bachelor of Science in Entertainment and Multimedia Computing,EMDA0113,1.63,0.16,31,0,0.0
2022.0,CCST,Bachelor of Science in Entertainment and Multimedia Computing,EMDA0213,2.41,1.03,35,10,28.57
2022.0,CCST,Bachelor of Science in Entertainment and Multimedia Computing,EMDA0313,4.62,1.05,32,29,90.62
2022.0,CCST,Bachelor of Science in Entertainment and Multimedia Computing,EMDA0413,2.0,1.14,33,4,12.12
2022.0,CCST,Bachelor of Science in Entertainment and Multimedia Computing,EMDA0523,3.12,0.97,26,11,42.31
2022.0,CCST,Bachelor of Science in Entertainment and Multimedia Computing,EMDA0623,2.9,1.52,29,10,34.48
2022.0,CCST,Bachelor of Science in Entertainment and Multimedia Computing,EMDA0723,2.74,0.24,24,8,33.33
2022.0,CCST,Bachelor of Science in Entertainment and Multimedia Computing,EMDA0813,1.75,0.76,28,1,3.57
2022.0,CCST,Bachelor of Science in Entertainment and Multimedia Computing,EMDA0913,1.62,0.21,27,0,0.0
2022.0,CCST,Bachelor of Science in Entertainment and Multimedia Computing,EMGD0113,2.44,1.71,4,1,25.0
2022.0,CCST,Bachelor of Science in Entertainment and Multimedia Computing,EMGD0213,4.57,0.9,15,14,93.33
2022.0,CCST,Bachelor of Science in Entertainment and Multimedia Computing,EMGD0313,3.71,1.47,6,4,66.67
2022.0,CCST,Bachelor of Science in Entertainment and Multimedia Computing,EMGD0423,4.0,1.1,6,6,100.0
2022.0,CCST,Bachelor of Science in Entertainment and Multimedia Computing,EMGD0523,2.42,1.34,6,1,16.67
2022.0,CCST,Bachelor of Science in Entertainment and Multimedia Computing,EMGD0623,2.94,1.48,4,1,25.0
2022.0,CCST,Bachelor of Science in Entertainment and Multimedia Computing,EMGD0723,5.0,0.0,5,5,100.0
2022.0,CCST,Bachelor of Science in Entertainment and Multimedia Computing,EMGD0813,2.36,0.67,21,1,4.76
2022.0,CCST,Bachelor of Science in Entertainment and Multimedia Computing,EMGD0913,2.85,1.2,23,5,21.74
2022.0,CCST,Bachelor of Science in Entertainment and Multimedia Computing,EMPE0113,1.6,0.2,53,0,0.0
2022.0,CCST,Bachelor of Science in Entertainment and Multimedia Computing,FOLA0103,2.9,1.29,113,33,29.2
2022.0,CCST,Bachelor of Science in Entertainment and Multimedia Computing,FOLA0113,2.33,0.94,56,6,10.71
2022.0,CCST,Bachelor of Science in Entertainment and Multimedia Computing,FOLA0223,2.32,1.16,55,12,21.82
2022.0,CCST,Bachelor of Science in Entertainment and Multimedia Computing,ICTC0613,2.87,1.25,63,21,33.33
2022.0,CCST,Bachelor of Science in Entertainment and Multimedia Computing,ICTC0813,2.55,1.33,60,15,25.0
2022.0,CCST,Bachelor of Science in Entertainment and Multimedia Computing,ICTC1113,2.98,1.48,39,13,33.33
2022.0,CCST,Bachelor of Science in Entertainment and Multimedia Computing,ICTC1323,1.51,1.16,33,3,9.09
2022.0,CCST,Bachelor of Science in Entertainment and Multimedia Computing,ICTC1413,2.2,1.38,33,6,18.18
2022.0,CCST,Bachelor of Science in Entertainment and Multimedia Computing,ICTC1513,2.59,1.17,36,8,22.22
2022.0,CCST,Bachelor of Science in Entertainment and Multimedia Computing,ICTC1711,1.35,0.39,52,0,0.0
2022.0,CCST,Bachelor of Science in Entertainment and Multimedia Computing,ICTC1920,1.79,0.89,48,6,12.5
2022.0,CCST,Bachelor of Science in Entertainment and Multimedia Computing,ICTC2329,1.22,0.27,45,0,0.0
2022.0,CCST,Bachelor of Science in Entertainment and Multimedia Computing,NGEC0103,1.58,0.87,104,6,5.77
2022.0,CCST,Bachelor of Science in Entertainment and Multimedia Computing,NGEC0203,2.29,1.08,110,27,24.55
2022.0,CCST,Bachelor of Science in Entertainment and Multimedia Computing,NGEC0303,1.23,0.88,100,5,5.0
2022.0,CCST,Bachelor of Science in Entertainment and Multimedia Computing,NGEC0403,2.32,1.04,113,18,15.93
2022.0,CCST,Bachelor of Science in Entertainment and Multimedia Computing,NGEC0513,2.72,1.27,77,18,23.38
2022.0,CCST,Bachelor of Science in Entertainment and Multimedia Computing,NGEC0723,2.16,0.85,68,6,8.82
2022.0,CCST,Bachelor of Science in Entertainment and Multimedia Computing,NGEC0823,2.5,1.41,63,16,25.4
2022.0,CCST,Bachelor of Science in Entertainment and Multimedia Computing,NGEC0913,1.9,0.62,57,4,7.02
2022.0,CCST,Bachelor of Science in Entertainment and Multimedia Computing,NGEC1023,2.1,1.06,29,3,10.34
2022.0,CCST,Bachelor of Science in Entertainment and Multimedia Computing,NGEC1223,2.28,0.84,58,6,10.34
2022.0,CCST,Bachelor of Science in Entertainment and Multimedia Computing,NSTP0113,2.06,0.89,112,8,7.14
2022.0,CCST,Bachelor of Science in Entertainment and Multimedia Computing,NSTP0223,1.52,0.7,105,4,3.81
2022.0,CCST,Bachelor of Science in Entertainment and Multimedia Computing,PEDU0112,2.1,1.13,122,15,12.3
2022.0,CCST,Bachelor of Science in Entertainment and Multimedia Computing,PEDU0222,1.83,0.95,105,8,7.62
2022.0,CCST,Bachelor of Science in Entertainment and Multimedia Computing,PHED0222,1.61,0.85,60,3,5.0
2022.0,CCST,Bachelor of Science in Entertainment and Multimedia Computing,PHED0422,2.25,1.44,64,14,21.88
2022.0,CCST,Bachelor of Science in Entertainment and Multimedia Computing,UIEC0101,2.02,1.12,124,17,13.71
2022.0,CCST,Bachelor of Science in Entertainment and Multimedia Computing,UIEC0201,1.4,0.89,122,6,4.92
2022.0,CCST,Bachelor of Science in Entertainment and Multimedia Computing,UIEC0301,1.0,,1,0,0.0
2022.0,CCST,Bachelor of Science in Information Technology,CSCC0103,4.0,1.73,3,2,66.67
2022.0,CCST,Bachelor of Science in Information Technology,CSCC0223,5.0,,1,1,100.0
2022.0,CCST,Bachelor of Science in Information Technology,CSCI0613,5.0,0.0,3,3,100.0
2022.0,CCST,Bachelor of Science in Information Technology,CSND0223,1.92,0.52,3,0,0.0
2022.0,CCST,Bachelor of Science in Information Technology,CTCC0113,2.16,0.88,156,16,10.26
2022.0,CCST,Bachelor of Science in Information Technology,CTCC0213,2.2,0.98,151,18,11.92
2022.0,CCST,Bachelor of Science in Information Technology,CTCC0323,2.36,1.24,142,26,18.31
2022.0,CCST,Bachelor of Science in Information Technology,CTCC0403,1.69,0.63,150,6,4.0
2022.0,CCST,Bachelor of Science in Information Technology,EEEL0413,3.0,,1,1,100.0
2022.0,CCST,Bachelor of Science in Information Technology,EEEM0412,1.75,,1,0,0.0
2022.0,CCST,Bachelor of Science in Information Technology,EEIC0413,2.5,,1,0,0.0
2022.0,CCST,Bachelor of Science in Information Technology,EEMP0412,1.25,,1,0,0.0
2022.0,CCST,Bachelor of Science in Information Technology,EERM0411,2.5,,1,0,0.0
2022.0,CCST,Bachelor of Science in Information Technology,EESD0415,2.5,,1,0,0.0
2022.0,CCST,Bachelor of Science in Information Technology,EESP0411,1.75,,1,0,0.0
2022.0,CCST,Bachelor of Science in Information Technology,EGEC0103,1.32,0.14,151,0,0.0
2022.0,CCST,Bachelor of Science in Information Technology,EGEC0203,1.4,0.46,154,2,1.3
2022.0,CCST,Bachelor of Science in Information Technology,EGEC0303,1.23,0.66,156,4,2.56
2022.0,CCST,Bachelor of Science in Information Technology,EMCC1013,5.0,,1,1,100.0
2022.0,CCST,Bachelor of Science in Information Technology,EMCC1413,1.56,0.12,4,0,0.0
2022.0,CCST,Bachelor of Science in Information Technology,EMDA0113,1.5,,1,0,0.0
2022.0,CCST,Bachelor of Science in Information Technology,EMDA0213,1.5,,1,0,0.0
2022.0,CCST,Bachelor of Science in Information Technology,EMDA0313,2.0,,1,0,0.0
2022.0,CCST,Bachelor of Science in Information Technology,EMDA0413,1.5,,1,0,0.0
2022.0,CCST,Bachelor of Science in Information Technology,FOLA0103,1.75,1.05,155,13,8.39
2022.0,CCST,Bachelor of Science in Information Technology,FOLA0113,2.02,0.51,115,3,2.61
2022.0,CCST,Bachelor of Science in Information Technology,FOLA0223,1.63,0.84,112,9,8.04
2022.0,CCST,Bachelor of Science in Information Technology,GETE0413,1.25,,1,0,0.0
2022.0,CCST,Bachelor of Science in Information Technology,HMBE0113,2.0,,1,0,0.0
2022.0,CCST,Bachelor of Science in Information Technology,HMPE0213,1.25,,1,0,0.0
2022.0,CCST,Bachelor of Science in Information Technology,HMPE0313,1.75,,1,0,0.0
2022.0,CCST,Bachelor of Science in Information Technology,HTMC0613,1.5,,1,0,0.0
2022.0,CCST,Bachelor of Science in Information Technology,HTMC0713,1.25,,1,0,0.0
2022.0,CCST,Bachelor of Science in Information Technology,ICTC0613,2.16,0.88,127,12,9.45
2022.0,CCST,Bachelor of Science in Information Technology,ICTC0713,1.73,0.86,130,7,5.38
2022.0,CCST,Bachelor of Science in Information Technology,ICTC0813,1.25,,1,0,0.0
2022.0,CCST,Bachelor of Science in Information Technology,ICTC0923,1.93,0.73,110,5,4.55
2022.0,CCST,Bachelor of Science in Information Technology,ICTC1023,2.3,1.11,114,14,12.28
2022.0,CCST,Bachelor of Science in Information Technology,ICTC1113,3.5,2.12,2,1,50.0
2022.0,CCST,Bachelor of Science in Information Technology,ICTC1213,1.55,0.51,106,2,1.89
2022.0,CCST,Bachelor of Science in Information Technology,ICTC1323,1.48,0.66,105,2,1.9
2022.0,CCST,Bachelor of Science in Information Technology,ICTC1413,2.28,1.22,127,19,14.96
2022.0,CCST,Bachelor of Science in Information Technology,ICTC1513,1.76,0.94,129,10,7.75
2022.0,CCST,Bachelor of Science in Information Technology,ICTC1523,5.0,,1,1,100.0
2022.0,CCST,Bachelor of Science in Information Technology,ICTC1711,1.32,0.82,73,3,4.11
2022.0,CCST,Bachelor of Science in Information Technology,ICTC1823,1.66,0.95,116,8,6.9
2022.0,CCST,Bachelor of Science in Information Technology,ICTC1920,1.62,0.66,69,6,8.7
2022.0,CCST,Bachelor of Science in Information Technology,ICTC2023,2.91,1.5,109,38,34.86
2022.0,CCST,Bachelor of Science in Information Technology,ICTC2226,1.27,0.22,69,0,0.0
2022.0,CCST,Bachelor of Science in Information Technology,ITCC0123,2.69,1.06,150,35,23.33
2022.0,CCST,Bachelor of Science in Information Technology,ITCC0223,2.15,1.15,161,22,13.66
2022.0,CCST,Bachelor of Science in Information Technology,ITNW0223,2.34,1.4,116,24,20.69
2022.0,CCST,Bachelor of Science in Information Technology,ITNW0313,1.47,0.4,109,1,0.92
2022.0,CCST,Bachelor of Science in Information Technology,ITNW0413,1.68,0.63,104,2,1.92
2022.0,CCST,Bachelor of Science in Information Technology,ITNW0513,1.88,0.44,104,3,2.88
2022.0,CCST,Bachelor of Science in Information Technology,ITNW0613,1.86,0.53,108,2,1.85
2022.0,CCST,Bachelor of Science in Information Technology,ITNW0713,2.07,0.51,108,3,2.78
2022.0,CCST,Bachelor of Science in Information Technology,ITNW0823,1.55,0.68,103,3,2.91
2022.0,CCST,Bachelor of Science in Information Technology,ITNW0923,1.16,0.24,99,0,0.0
2022.0,CCST,Bachelor of Science in Information Technology,ITNW1023,2.22,0.8,109,9,8.26
2022.0,CCST,Bachelor of Science in Information Technology,ITNW1123,1.43,0.55,99,2,2.02
2022.0,CCST,Bachelor of Science in Information Technology,ITNW1223,1.47,0.4,105,1,0.95
2022.0,CCST,Bachelor of Science in Information Technology,ITNW1313,2.13,0.76,71,5,7.04
2022.0,CCST,Bachelor of Science in Information Technology,ITNW1413,2.2,0.77,70,5,7.14
2022.0,CCST,Bachelor of Science in Information Technology,ITNW1613,1.81,0.51,61,1,1.64
2022.0,CCST,Bachelor of Science in Information Technology,MATH1913,3.0,,1,1,100.0
2022.0,CCST,Bachelor of Science in Information Technology,NGEC0103,1.43,0.8,151,7,4.64
2022.0,CCST,Bachelor of Science in Information Technology,NGEC0203,1.72,0.63,155,2,1.29
2022.0,CCST,Bachelor of Science in Information Technology,NGEC0303,1.12,0.66,144,4,2.78
2022.0,CCST,Bachelor of Science in Information Technology,NGEC0403,1.98,0.77,158,8,5.06
2022.0,CCST,Bachelor of Science in Information Technology,NGEC0513,1.97,0.53,126,2,1.59
2022.0,CCST,Bachelor of Science in Information Technology,NGEC0723,1.64,0.66,110,3,2.73
2022.0,CCST,Bachelor of Science in Information Technology,NGEC0823,1.95,0.89,115,9,7.83
2022.0,CCST,Bachelor of Science in Information Technology,NGEC0913,1.22,0.88,119,6,5.04
2022.0,CCST,Bachelor of Science in Information Technology,NGEC1023,1.69,0.9,108,6,5.56
2022.0,CCST,Bachelor of Science in Information Technology,NGEC1223,1.85,0.42,112,3,2.68
2022.0,CCST,Bachelor of Science in Information Technology,NSTP0113,1.82,0.71,150,6,4.0
2022.0,CCST,Bachelor of Science in Information Technology,NSTP0223,1.5,0.74,149,5,3.36
2022.0,CCST,Bachelor of Science in Information Technology,PEDU0112,1.86,0.87,164,11,6.71
2022.0,CCST,Bachelor of Science in Information Technology,PEDU0222,1.63,0.96,152,11,7.24
2022.0,CCST,Bachelor of Science in Information Technology,PHED0222,1.6,0.83,115,6,5.22
2022.0,CCST,Bachelor of Science in Information Technology,PHED0422,1.82,0.98,119,11,9.24
2022.0,CCST,Bachelor of Science in Information Technology,UIEC0101,1.84,0.94,162,15,9.26
2022.0,CCST,Bachelor of Science in Information Technology,UIEC0201,1.5,1.2,157,17,10.83
2022.0,CEA,Bachelor of Science in Architecture,ARDS0213,2.48,0.76,122,11,9.02
2022.0,CEA,Bachelor of Science in Architecture,ARDS0223,1.69,0.19,124,0,0.0
2022.0,CEA,Bachelor of Science in Architecture,ARDS0314,2.34,0.51,84,4,4.76
2022.0,CEA,Bachelor of Science in Architecture,ARDS0324,3.14,1.06,75,31,41.33
2022.0,CEA,Bachelor of Science in Architecture,ARDS0415,2.07,0.27,101,1,0.99
2022.0,CEA,Bachelor of Science in Architecture,ARDS0425,3.37,1.22,106,49,46.23
2022.0,CEA,Bachelor of Science in Architecture,ARDS0515,2.34,0.62,94,10,10.64
2022.0,CEA,Bachelor of Science in Architecture,ARDS0525,3.22,1.33,86,35,40.7
2022.0,CEA,Bachelor of Science in Architecture,ARHS0512,1.47,0.25,105,1,0.95
2022.0,CEA,Bachelor of Science in Architecture,ARPC0112,2.24,0.33,147,1,0.68
2022.0,CEA,Bachelor of Science in Architecture,ARPC0212,2.48,1.14,144,24,16.67
2022.0,CEA,Bachelor of Science in Architecture,ARPC1122,2.32,0.88,153,14,9.15
2022.0,CEA,Bachelor of Science in Architecture,ARPC1212,1.62,0.29,146,1,0.68
2022.0,CEA,Bachelor of Science in Architecture,ARPC1322,2.34,0.86,155,19,12.26
2022.0,CEA,Bachelor of Science in Architecture,ARPC1423,2.07,0.7,146,7,4.79
2022.0,CEA,Bachelor of Science in Architecture,ARPC2212,2.31,0.41,148,11,7.43
2022.0,CEA,Bachelor of Science in Architecture,ARSC0503,1.93,0.48,117,2,1.71
2022.0,CEA,Bachelor of Science in Architecture,ARSC0513,1.28,0.38,102,1,0.98
2022.0,CEA,Bachelor of Science in Architecture,ARSC0523,1.25,0.5,87,1,1.15
2022.0,CEA,Bachelor of Science in Architecture,ARST0513,1.99,0.56,108,10,9.26
2022.0,CEA,Bachelor of Science in Architecture,BMAR0513,2.17,0.34,102,1,0.98
2022.0,CEA,Bachelor of Science in Architecture,BMAR0523,1.76,0.6,88,2,2.27
2022.0,CEA,Bachelor of Science in Architecture,BTCH0213,2.14,0.74,129,7,5.43
2022.0,CEA,Bachelor of Science in Architecture,BTCH0223,1.83,0.44,128,2,1.56
2022.0,CEA,Bachelor of Science in Architecture,BTCH0313,3.12,0.96,83,33,39.76
2022.0,CEA,Bachelor of Science in Architecture,BTCH0323,2.34,0.79,80,10,12.5
2022.0,CEA,Bachelor of Science in Architecture,BTCH0413,1.24,0.69,113,3,2.65
2022.0,CEA,Bachelor of Science in Architecture,CADD0312,1.88,0.5,100,2,2.0
2022.0,CEA,Bachelor of Science in Architecture,CADD0322,1.56,0.5,97,1,1.03
2022.0,CEA,Bachelor of Science in Architecture,CEFS0213,2.51,0.31,120,5,4.17
2022.0,CEA,Bachelor of Science in Architecture,CESD0413,2.63,0.42,108,9,8.33
2022.0,CEA,Bachelor of Science in Architecture,CEST0313,1.72,0.32,89,0,0.0
2022.0,CEA,Bachelor of Science in Architecture,COCO0423,2.75,0.77,106,26,24.53
2022.0,CEA,Bachelor of Science in Architecture,EAAC1203,1.62,0.33,149,2,1.34
2022.0,CEA,Bachelor of Science in Architecture,EAAC1302,2.38,0.73,151,14,9.27
2022.0,CEA,Bachelor of Science in Architecture,EAAC1403,2.77,0.99,153,32,20.92
2022.0,CEA,Bachelor of Science in Architecture,EEEL0214,3.0,,1,1,100.0
2022.0,CEA,Bachelor of Science in Architecture,EGEC0103,1.68,0.76,149,7,4.7
2022.0,CEA,Bachelor of Science in Architecture,EGEC0203,1.54,0.64,148,4,2.7
2022.0,CEA,Bachelor of Science in Architecture,EGEC0303,1.1,0.36,146,1,0.68
2022.0,CEA,Bachelor of Science in Architecture,EMAT0303,2.29,0.47,148,8,5.41
2022.0,CEA,Bachelor of Science in Architecture,EMAT0702,1.96,0.6,148,5,3.38
2022.0,CEA,Bachelor of Science in Architecture,ENDA0213,1.5,,1,0,0.0
2022.0,CEA,Bachelor of Science in Architecture,FOLA0113,2.34,0.48,129,7,5.43
2022.0,CEA,Bachelor of Science in Architecture,FOLA0223,2.57,0.61,128,17,13.28
2022.0,CEA,Bachelor of Science in Architecture,GEEM0313,3.0,,1,1,100.0
2022.0,CEA,Bachelor of Science in Architecture,GESB0223,2.26,0.31,116,4,3.45
2022.0,CEA,Bachelor of Science in Architecture,GESM0313,2.33,0.72,102,9,8.82
2022.0,CEA,Bachelor of Science in Architecture,HRCH0212,1.57,0.87,127,10,7.87
2022.0,CEA,Bachelor of Science in Architecture,HRCH0222,1.21,0.38,123,0,0.0
2022.0,CEA,Bachelor of Science in Architecture,HRCH0312,2.23,0.69,94,5,5.32
2022.0,CEA,Bachelor of Science in Architecture,ICTE0112,3.0,,1,1,100.0
2022.0,CEA,Bachelor of Science in Architecture,MATH2013,3.0,,1,1,100.0
2022.0,CEA,Bachelor of Science in Architecture,NGEC0103,1.63,0.43,147,2,1.36
2022.0,CEA,Bachelor of Science in Architecture,NGEC0113,2.25,,1,0,0.0
2022.0,CEA,Bachelor of Science in Architecture,NGEC0303,1.25,,1,0,0.0
2022.0,CEA,Bachelor of Science in Architecture,NGEC0403,1.9,0.66,145,7,4.83
2022.0,CEA,Bachelor of Science in Architecture,NGEC0513,1.76,0.93,124,7,5.65
2022.0,CEA,Bachelor of Science in Architecture,NGEC0723,1.6,0.48,122,1,0.82
2022.0,CEA,Bachelor of Science in Architecture,NGEC0823,1.61,0.59,129,3,2.33
2022.0,CEA,Bachelor of Science in Architecture,NGEC0913,1.81,0.46,122,2,1.64
2022.0,CEA,Bachelor of Science in Architecture,NGEC1023,1.52,0.36,96,0,0.0
2022.0,CEA,Bachelor of Science in Architecture,NGEC1223,1.59,0.24,128,0,0.0
2022.0,CEA,Bachelor of Science in Architecture,NSTP0113,1.66,0.46,144,2,1.39
2022.0,CEA,Bachelor of Science in Architecture,NSTP0223,1.34,0.33,143,0,0.0
2022.0,CEA,Bachelor of Science in Architecture,PEDU0112,1.39,0.95,147,9,6.12
2022.0,CEA,Bachelor of Science in Architecture,PEDU0222,1.64,0.8,140,7,5.0
2022.0,CEA,Bachelor of Science in Architecture,PHED0222,1.28,0.78,123,5,4.07
2022.0,CEA,Bachelor of Science in Architecture,PHED0422,1.22,0.65,121,3,2.48
2022.0,CEA,Bachelor of Science in Architecture,PLAN0313,2.06,0.44,99,3,3.03
2022.0,CEA,Bachelor of Science in Architecture,PLAN0413,1.69,0.42,96,1,1.04
2022.0,CEA,Bachelor of Science in Architecture,PLAN0423,1.35,0.39,114,0,0.0
2022.0,CEA,Bachelor of Science in Architecture,PRCT0323,2.82,1.01,93,27,29.03
2022.0,CEA,Bachelor of Science in Architecture,PRCT0413,2.51,0.95,110,22,20.0
2022.0,CEA,Bachelor of Science in Architecture,PRCT0423,2.56,0.43,92,27,29.35
2022.0,CEA,Bachelor of Science in Architecture,RMAR0423,2.42,1.2,104,18,17.31
2022.0,CEA,Bachelor of Science in Architecture,TROP0212,1.79,0.8,120,9,7.5
2022.0,CEA,Bachelor of Science in Architecture,UTIL0213,2.49,0.77,128,11,8.59
2022.0,CEA,Bachelor of Science in Architecture,UTIL0313,2.63,1.12,103,24,23.3
2022.0,CEA,Bachelor of Science in Architecture,UTIL0414,2.56,0.51,100,23,23.0
2022.0,CEA,Bachelor of Science in Architecture,VTCH0122,2.57,0.86,144,25,17.36
2022.0,CEA,Bachelor of Science in Architecture,VTCH0212,2.31,0.62,124,5,4.03
2022.0,CEA,Bachelor of Science in Civil Engineering,ARCD0121,1.68,0.24,207,0,0.0
2022.0,CEA,Bachelor of Science in Civil Engineering,ARDP0111,2.22,0.59,213,11,5.16
2022.0,CEA,Bachelor of Science in Civil Engineering,BECC0201,1.25,,1,0,0.0
2022.0,CEA,Bachelor of Science in Civil Engineering,BECC0303-...,1.53,0.23,218,0,0.0
2022.0,CEA,Bachelor of Science in Civil Engineering,BECC0703,1.65,0.57,215,4,1.86
2022.0,CEA,Bachelor of Science in Civil Engineering,BMEC0123,2.0,,1,0,0.0
2022.0,CEA,Bachelor of Science in Civil Engineering,BTIP0112,1.25,,1,0,0.0
2022.0,CEA,Bachelor of Science in Civil Engineering,CEBD0313,1.87,0.5,175,6,3.43
2022.0,CEA,Bachelor of Science in Civil Engineering,CECE0203,3.17,0.94,172,118,68.6
2022.0,CEA,Bachelor of Science in Civil Engineering,CECE0223,3.43,1.0,112,77,68.75
2022.0,CEA,Bachelor of Science in Civil Engineering,CECM0323,1.53,0.2,169,0,0.0
2022.0,CEA,Bachelor of Science in Civil Engineering,CECP0412,2.63,1.23,266,65,24.44
2022.0,CEA,Bachelor of Science in Civil Engineering,CECP0422,1.6,0.7,169,6,3.55
2022.0,CEA,Bachelor of Science in Civil Engineering,CEEN0313,1.45,0.47,175,2,1.14
2022.0,CEA,Bachelor of Science in Civil Engineering,CEFS0214,3.04,1.26,205,65,31.71
2022.0,CEA,Bachelor of Science in Civil Engineering,CEGO0222,1.51,0.18,187,0,0.0
2022.0,CEA,Bachelor of Science in Civil Engineering,CEHR0313,3.06,1.12,175,77,44.0
2022.0,CEA,Bachelor of Science in Civil Engineering,CEHS0325,3.89,1.18,170,140,82.35
2022.0,CEA,Bachelor of Science in Civil Engineering,CEHY0322,2.08,0.41,220,1,0.45
2022.0,CEA,Bachelor of Science in Civil Engineering,CELC0422,1.55,0.19,213,0,0.0
2022.0,CEA,Bachelor of Science in Civil Engineering,CEMT0413,2.24,0.59,175,11,6.29
2022.0,CEA,Bachelor of Science in Civil Engineering,CEPC0501,1.81,0.47,84,1,1.19
2022.0,CEA,Bachelor of Science in Civil Engineering,CEPC0502,1.38,0.45,84,1,1.19
2022.0,CEA,Bachelor of Science in Civil Engineering,CEPC0503,1.35,0.19,89,0,0.0
2022.0,CEA,Bachelor of Science in Civil Engineering,CEPC0504,1.75,0.09,91,0,0.0
2022.0,CEA,Bachelor of Science in Civil Engineering,CEPC0505,1.3,0.17,126,0,0.0
2022.0,CEA,Bachelor of Science in Civil Engineering,CEPC0506,2.5,0.45,94,21,22.34
2022.0,CEA,Bachelor of Science in Civil Engineering,CEPC0507,2.16,0.57,97,7,7.22
2022.0,CEA,Bachelor of Science in Civil Engineering,CEPC0508,1.57,0.11,96,0,0.0
2022.0,CEA,Bachelor of Science in Civil Engineering,CEPC0509,2.5,0.47,96,17,17.71
2022.0,CEA,Bachelor of Science in Civil Engineering,CEPC0510,1.89,0.72,98,7,7.14
2022.0,CEA,Bachelor of Science in Civil Engineering,CEQS0322,2.19,0.42,149,4,2.68
2022.0,CEA,Bachelor of Science in Civil Engineering,CERC0324,3.24,1.02,103,55,53.4
2022.0,CEA,Bachelor of Science in Civil Engineering,CESD0323,2.6,0.51,98,10,10.2
2022.0,CEA,Bachelor of Science in Civil Engineering,CESM0414,1.59,0.37,157,1,0.64
2022.0,CEA,Bachelor of Science in Civil Engineering,CEST0314,3.54,1.22,245,151,61.63
2022.0,CEA,Bachelor of Science in Civil Engineering,CETE0413,1.37,0.36,163,1,0.61
2022.0,CEA,Bachelor of Science in Civil Engineering,CSCC0103,1.5,,1,0,0.0
2022.0,CEA,Bachelor of Science in Civil Engineering,CTCC0113,1.75,,1,0,0.0
2022.0,CEA,Bachelor of Science in Civil Engineering,CTCC0213,1.75,,1,0,0.0
2022.0,CEA,Bachelor of Science in Civil Engineering,ECCE0313,3.0,,1,1,100.0
2022.0,CEA,Bachelor of Science in Civil Engineering,ECIE0314,5.0,,1,1,100.0
2022.0,CEA,Bachelor of Science in Civil Engineering,ECME0313,1.25,,1,0,0.0
2022.0,CEA,Bachelor of Science in Civil Engineering,EECO0313,2.32,0.43,203,6,2.96
2022.0,CEA,Bachelor of Science in Civil Engineering,EEEM0312,5.0,,1,1,100.0
2022.0,CEA,Bachelor of Science in Civil Engineering,EGEC0103,1.96,0.38,223,2,0.9
2022.0,CEA,Bachelor of Science in Civil Engineering,EGEC0203,1.58,0.33,12,0,0.0
2022.0,CEA,Bachelor of Science in Civil Engineering,EGEC0303,1.5,0.5,3,0,0.0
2022.0,CEA,Bachelor of Science in Civil Engineering,EMAT0103,2.49,0.66,208,37,17.79
2022.0,CEA,Bachelor of Science in Civil Engineering,EMAT0203,2.88,0.8,207,99,47.83
2022.0,CEA,Bachelor of Science in Civil Engineering,EMCC1013,5.0,,1,1,100.0
2022.0,CEA,Bachelor of Science in Civil Engineering,EMDA0223,2.8,1.07,201,70,34.83
2022.0,CEA,Bachelor of Science in Civil Engineering,EMGD0113,5.0,,1,1,100.0
2022.0,CEA,Bachelor of Science in Civil Engineering,EMGD0213,5.0,,1,1,100.0
2022.0,CEA,Bachelor of Science in Civil Engineering,EMGD0313,5.0,,1,1,100.0
2022.0,CEA,Bachelor of Science in Civil Engineering,EMGT0312,1.45,0.35,174,1,0.57
2022.0,CEA,Bachelor of Science in Civil Engineering,EMNS0323,2.2,0.55,172,9,5.23
2022.0,CEA,Bachelor of Science in Civil Engineering,ENDA0213,1.25,,1,0,0.0
2022.0,CEA,Bachelor of Science in Civil Engineering,ENPS0104,1.62,0.29,206,0,0.0
2022.0,CEA,Bachelor of Science in Civil Engineering,ENPS0204,3.5,1.08,206,138,66.99
2022.0,CEA,Bachelor of Science in Civil Engineering,FOLA0103,1.6,0.85,218,11,5.05
2022.0,CEA,Bachelor of Science in Civil Engineering,FOLA0113,1.93,0.43,189,3,1.59
2022.0,CEA,Bachelor of Science in Civil Engineering,FOLA0223,1.5,0.57,190,4,2.11
2022.0,CEA,Bachelor of Science in Civil Engineering,GECO0313,2.75,,1,0,0.0
2022.0,CEA,Bachelor of Science in Civil Engineering,GEDB0313,1.25,,1,0,0.0
2022.0,CEA,Bachelor of Science in Civil Engineering,GEEM0315,1.65,0.38,102,0,0.0
2022.0,CEA,Bachelor of Science in Civil Engineering,GESB0313,3.88,1.18,209,146,69.86
2022.0,CEA,Bachelor of Science in Civil Engineering,GESM0325,3.26,0.99,103,53,51.46
2022.0,CEA,Bachelor of Science in Civil Engineering,GETE0413,2.08,0.39,225,0,0.0
2022.0,CEA,Bachelor of Science in Civil Engineering,GEUT0213,1.87,0.41,214,4,1.87
2022.0,CEA,Bachelor of Science in Civil Engineering,GEUT0313,1.53,0.38,170,1,0.59
2022.0,CEA,Bachelor of Science in Civil Engineering,ICTC1113,5.0,,1,1,100.0
2022.0,CEA,Bachelor of Science in Civil Engineering,ICTC1413,5.0,,1,1,100.0
2022.0,CEA,Bachelor of Science in Civil Engineering,ICTC1513,5.0,,1,1,100.0
2022.0,CEA,Bachelor of Science in Civil Engineering,ICTE0521,2.5,1.33,11,3,27.27
2022.0,CEA,Bachelor of Science in Civil Engineering,MATH2013,2.2,0.86,209,19,9.09
2022.0,CEA,Bachelor of Science in Civil Engineering,MECA0311,1.0,,1,0,0.0
2022.0,CEA,Bachelor of Science in Civil Engineering,MEFM0313,2.0,,1,0,0.0
2022.0,CEA,Bachelor of Science in Civil Engineering,MEHT0312,2.25,,1,0,0.0
2022.0,CEA,Bachelor of Science in Civil Engineering,MEME0313,1.25,,1,0,0.0
2022.0,CEA,Bachelor of Science in Civil Engineering,MEVE0312,1.25,,1,0,0.0
2022.0,CEA,Bachelor of Science in Civil Engineering,NGEC0103,1.58,0.28,207,1,0.48
2022.0,CEA,Bachelor of Science in Civil Engineering,NGEC0203,2.22,1.24,8,1,12.5
2022.0,CEA,Bachelor of Science in Civil Engineering,NGEC0303,1.62,0.72,4,0,0.0
2022.0,CEA,Bachelor of Science in Civil Engineering,NGEC0403,1.63,0.47,215,2,0.93
2022.0,CEA,Bachelor of Science in Civil Engineering,NGEC0503,1.71,0.73,219,7,3.2
2022.0,CEA,Bachelor of Science in Civil Engineering,NGEC0513,1.73,0.43,196,2,1.02
2022.0,CEA,Bachelor of Science in Civil Engineering,NGEC0603,1.65,0.67,217,8,3.69
2022.0,CEA,Bachelor of Science in Civil Engineering,NGEC0703,1.49,0.51,217,3,1.38
2022.0,CEA,Bachelor of Science in Civil Engineering,NGEC0723,1.49,0.51,190,3,1.58
2022.0,CEA,Bachelor of Science in Civil Engineering,NGEC0803,1.17,0.43,211,2,0.95
2022.0,CEA,Bachelor of Science in Civil Engineering,NGEC0823,1.82,0.68,184,7,3.8
2022.0,CEA,Bachelor of Science in Civil Engineering,NGEC0913,1.47,0.35,187,0,0.0
2022.0,CEA,Bachelor of Science in Civil Engineering,NGEC1023,1.63,0.43,152,2,1.32
2022.0,CEA,Bachelor of Science in Civil Engineering,NGEC1223,1.09,0.44,182,2,1.1
2022.0,CEA,Bachelor of Science in Civil Engineering,NSTP0113,1.55,0.32,203,1,0.49
2022.0,CEA,Bachelor of Science in Civil Engineering,NSTP0223,1.47,0.51,207,3,1.45
2022.0,CEA,Bachelor of Science in Civil Engineering,PEDU0112,1.32,0.27,223,1,0.45
2022.0,CEA,Bachelor of Science in Civil Engineering,PEDU0222,1.25,0.48,215,3,1.4
2022.0,CEA,Bachelor of Science in Civil Engineering,PHED0222,1.39,0.8,188,8,4.26
2022.0,CEA,Bachelor of Science in Civil Engineering,PHED0312,1.0,,1,0,0.0
2022.0,CEA,Bachelor of Science in Civil Engineering,PHED0422,1.46,0.7,193,6,3.11
2022.0,CEA,Bachelor of Science in Civil Engineering,PRED2213,1.0,,1,0,0.0
2022.0,CEA,Bachelor of Science in Civil Engineering,PRED2313,1.0,,1,0,0.0
2022.0,CEA,Bachelor of Science in Civil Engineering,TEIP0113,1.25,,1,0,0.0
2022.0,CEA,Bachelor of Science in Civil Engineering,THMC0613,1.75,,1,0,0.0
2022.0,CEA,Bachelor of Science in Civil Engineering,THMC0813,2.0,,1,0,0.0
2022.0,CEA,Bachelor of Science in Civil Engineering,TMPC0813,2.0,,1,0,0.0
2022.0,CEA,Bachelor of Science in Civil Engineering,TMPE0313,1.75,,1,0,0.0
2022.0,CEA,Bachelor of Science in Civil Engineering,UIEC0101,2.17,1.4,6,1,16.67
2022.0,CEA,Bachelor of Science in Civil Engineering,UIEC0201,1.28,0.76,223,9,4.04
2022.0,CEA,Bachelor of Science in Civil Engineering,UIEC0301,1.23,0.76,221,9,4.07
2022.0,CEA,Bachelor of Science in Electrical Engineering,BCOM0613,1.25,,1,0,0.0
2022.0,CEA,Bachelor of Science in Electrical Engineering,BCOM0713,1.5,,1,0,0.0
2022.0,CEA,Bachelor of Science in Electrical Engineering,BECC0201,1.87,0.64,127,3,2.36
2022.0,CEA,Bachelor of Science in Electrical Engineering,BOSH0101,2.5,1.05,118,36,30.51
2022.0,CEA,Bachelor of Science in Electrical Engineering,CCOM0213,1.75,,1,0,0.0
2022.0,CEA,Bachelor of Science in Electrical Engineering,CCOM0313,1.25,,1,0,0.0
2022.0,CEA,Bachelor of Science in Electrical Engineering,CCOM0413,1.25,,1,0,0.0
2022.0,CEA,Bachelor of Science in Electrical Engineering,CEEN0322,1.83,0.52,111,2,1.8
2022.0,CEA,Bachelor of Science in Electrical Engineering,EAAC0201,2.92,0.91,136,36,26.47
2022.0,CEA,Bachelor of Science in Electrical Engineering,EAAC0202,5.0,,1,1,100.0
2022.0,CEA,Bachelor of Science in Electrical Engineering,ECCE0313,2.96,0.31,116,88,75.86
2022.0,CEA,Bachelor of Science in Electrical Engineering,ECEE0224,3.31,1.24,138,69,50.0
2022.0,CEA,Bachelor of Science in Electrical Engineering,ECEE0312,2.17,0.37,115,2,1.74
2022.0,CEA,Bachelor of Science in Electrical Engineering,ECEM0222,3.77,1.26,141,103,73.05
2022.0,CEA,Bachelor of Science in Electrical Engineering,ECFC0322,1.87,0.19,144,0,0.0
2022.0,CEA,Bachelor of Science in Electrical Engineering,ECIE0314,2.64,0.76,117,32,27.35
2022.0,CEA,Bachelor of Science in Electrical Engineering,ECMS0322,2.59,0.61,115,22,19.13
2022.0,CEA,Bachelor of Science in Electrical Engineering,ECOM0213,1.75,,1,0,0.0
2022.0,CEA,Bachelor of Science in Electrical Engineering,EEAD0323,3.86,1.09,139,116,83.45
2022.0,CEA,Bachelor of Science in Electrical Engineering,EEAM0324,3.77,1.09,121,97,80.17
2022.0,CEA,Bachelor of Science in Electrical Engineering,EECE0223,3.7,1.04,138,127,92.03
2022.0,CEA,Bachelor of Science in Electrical Engineering,EECE0423,1.57,0.15,84,0,0.0
2022.0,CEA,Bachelor of Science in Electrical Engineering,EEDS0423,3.57,1.22,119,88,73.95
2022.0,CEA,Bachelor of Science in Electrical Engineering,EEEC0224,3.28,1.14,134,72,53.73
2022.0,CEA,Bachelor of Science in Electrical Engineering,EEEL0214,2.11,0.65,135,11,8.15
2022.0,CEA,Bachelor of Science in Electrical Engineering,EEEL0413,2.66,0.54,119,57,47.9
2022.0,CEA,Bachelor of Science in Electrical Engineering,EEEL0423,2.34,0.52,105,16,15.24
2022.0,CEA,Bachelor of Science in Electrical Engineering,EEEM0312,3.57,1.1,163,117,71.78
2022.0,CEA,Bachelor of Science in Electrical Engineering,EEEM0412,1.82,0.34,118,1,0.85
2022.0,CEA,Bachelor of Science in Electrical Engineering,EEIC0413,1.44,0.69,96,4,4.17
2022.0,CEA,Bachelor of Science in Electrical Engineering,EELC0323,2.29,0.41,115,2,1.74
2022.0,CEA,Bachelor of Science in Electrical Engineering,EEMP0412,1.86,0.75,118,7,5.93
2022.0,CEA,Bachelor of Science in Electrical Engineering,EEOJT0302,2.07,0.78,18,1,5.56
2022.0,CEA,Bachelor of Science in Electrical Engineering,EEPP0421,2.1,0.73,113,23,20.35
2022.0,CEA,Bachelor of Science in Electrical Engineering,EEPS0424,1.64,0.4,125,3,2.4
2022.0,CEA,Bachelor of Science in Electrical Engineering,EERM0411,2.04,0.45,111,7,6.31
2022.0,CEA,Bachelor of Science in Electrical Engineering,EERP0421,2.06,0.72,113,9,7.96
2022.0,CEA,Bachelor of Science in Electrical Engineering,EESC0421,1.0,0.0,119,0,0.0
2022.0,CEA,Bachelor of Science in Electrical Engineering,EESD0415,2.3,0.31,94,3,3.19
2022.0,CEA,Bachelor of Science in Electrical Engineering,EESP0411,1.85,0.52,114,2,1.75
2022.0,CEA,Bachelor of Science in Electrical Engineering,EGEC0103,1.75,0.41,131,1,0.76
2022.0,CEA,Bachelor of Science in Electrical Engineering,EGEC0203,1.53,0.7,138,5,3.62
2022.0,CEA,Bachelor of Science in Electrical Engineering,EGEC0303,1.69,0.5,131,2,1.53
2022.0,CEA,Bachelor of Science in Electrical Engineering,EMAT0103,2.7,0.76,124,39,31.45
2022.0,CEA,Bachelor of Science in Electrical Engineering,EMAT0203,2.88,0.86,123,37,30.08
2022.0,CEA,Bachelor of Science in Electrical Engineering,EMCC1013,5.0,,1,1,100.0
2022.0,CEA,Bachelor of Science in Electrical Engineering,EMDA0113,1.5,,1,0,0.0
2022.0,CEA,Bachelor of Science in Electrical Engineering,EMDA0213,3.0,,1,1,100.0
2022.0,CEA,Bachelor of Science in Electrical Engineering,EMDA0313,5.0,,1,1,100.0
2022.0,CEA,Bachelor of Science in Electrical Engineering,EMDA0413,5.0,,1,1,100.0
2022.0,CEA,Bachelor of Science in Electrical Engineering,EMEE0223,3.53,1.11,143,125,87.41
2022.0,CEA,Bachelor of Science in Electrical Engineering,ENDA0213,1.41,0.35,145,1,0.69
2022.0,CEA,Bachelor of Science in Electrical Engineering,ENNM0313,2.69,0.89,113,39,34.51
2022.0,CEA,Bachelor of Science in Electrical Engineering,ENPS0104,1.64,0.27,124,0,0.0
2022.0,CEA,Bachelor of Science in Electrical Engineering,ENPS0204,2.56,0.64,126,46,36.51
2022.0,CEA,Bachelor of Science in Electrical Engineering,FOLA0113,1.83,0.24,133,1,0.75
2022.0,CEA,Bachelor of Science in Electrical Engineering,FOLA0223,1.43,0.48,147,3,2.04
2022.0,CEA,Bachelor of Science in Electrical Engineering,GECO0313,2.29,0.4,115,4,3.48
2022.0,CEA,Bachelor of Science in Electrical Engineering,GEEM0313,2.17,0.54,135,7,5.19
2022.0,CEA,Bachelor of Science in Electrical Engineering,GESM0222,1.67,0.26,136,1,0.74
2022.0,CEA,Bachelor of Science in Electrical Engineering,GETE0413,1.82,0.7,117,6,5.13
2022.0,CEA,Bachelor of Science in Electrical Engineering,ICTC1113,2.25,,1,0,0.0
2022.0,CEA,Bachelor of Science in Electrical Engineering,ICTC1513,2.75,,1,0,0.0
2022.0,CEA,Bachelor of Science in Electrical Engineering,ICTE0112,2.6,0.52,143,29,20.28
2022.0,CEA,Bachelor of Science in Electrical Engineering,MATH2013,2.67,0.48,140,66,47.14
2022.0,CEA,Bachelor of Science in Electrical Engineering,MEFM0322,3.39,0.86,111,100,90.09
2022.0,CEA,Bachelor of Science in Electrical Engineering,METD0222,1.98,0.67,143,7,4.9
2022.0,CEA,Bachelor of Science in Electrical Engineering,NGEC0103,1.57,0.17,123,0,0.0
2022.0,CEA,Bachelor of Science in Electrical Engineering,NGEC0203,1.45,0.93,128,8,6.25
2022.0,CEA,Bachelor of Science in Electrical Engineering,NGEC0303,1.0,0.0,5,0,0.0
2022.0,CEA,Bachelor of Science in Electrical Engineering,NGEC0403,1.95,0.9,137,10,7.3
2022.0,CEA,Bachelor of Science in Electrical Engineering,NGEC0503,2.0,0.0,2,0,0.0
2022.0,CEA,Bachelor of Science in Electrical Engineering,NGEC0513,1.53,0.74,146,5,3.42
2022.0,CEA,Bachelor of Science in Electrical Engineering,NGEC0603,1.93,0.31,131,0,0.0
2022.0,CEA,Bachelor of Science in Electrical Engineering,NGEC0723,1.58,0.32,139,1,0.72
2022.0,CEA,Bachelor of Science in Electrical Engineering,NGEC0803,1.48,0.97,133,8,6.02
2022.0,CEA,Bachelor of Science in Electrical Engineering,NGEC0823,1.77,0.78,120,5,4.17
2022.0,CEA,Bachelor of Science in Electrical Engineering,NGEC0913,1.76,0.49,142,4,2.82
2022.0,CEA,Bachelor of Science in Electrical Engineering,NGEC1023,1.66,0.32,110,0,0.0
2022.0,CEA,Bachelor of Science in Electrical Engineering,NGEC1223,1.83,0.6,110,4,3.64
2022.0,CEA,Bachelor of Science in Electrical Engineering,NSTP0113,1.47,0.46,123,1,0.81
2022.0,CEA,Bachelor of Science in Electrical Engineering,NSTP0223,1.53,0.48,130,1,0.77
2022.0,CEA,Bachelor of Science in Electrical Engineering,PEDU0112,1.31,0.15,130,0,0.0
2022.0,CEA,Bachelor of Science in Electrical Engineering,PEDU0222,1.55,0.91,137,8,5.84
2022.0,CEA,Bachelor of Science in Electrical Engineering,PHED0222,1.29,0.6,137,3,2.19
2022.0,CEA,Bachelor of Science in Electrical Engineering,PHED0422,1.22,0.51,136,2,1.47
2022.0,CEA,Bachelor of Science in Electrical Engineering,PRED1513,2.5,,1,0,0.0
2022.0,CEA,Bachelor of Science in Electrical Engineering,PRED1613,1.75,,1,0,0.0
2022.0,CEA,Bachelor of Science in Electrical Engineering,PRED1713,2.25,,1,0,0.0
2022.0,CEA,Bachelor of Science in Electrical Engineering,PRED1823,2.0,,1,0,0.0
2022.0,CEA,Bachelor of Science in Electrical Engineering,TEAU0913,2.0,,1,0,0.0
2022.0,CEA,Bachelor of Science in Electrical Engineering,TEAU1013,2.25,,1,0,0.0
2022.0,CEA,Bachelor of Science in Electrical Engineering,TELE0313,2.25,,1,0,0.0
2022.0,CEA,Bachelor of Science in Electrical Engineering,TELE0413,2.0,,1,0,0.0
2022.0,CEA,Bachelor of Science in Electrical Engineering,TELE0513,2.0,,1,0,0.0
2022.0,CEA,Bachelor of Science in Electrical Engineering,TELE0613,1.25,,1,0,0.0
2022.0,CEA,Bachelor of Science in Electrical Engineering,UIEC0201,1.35,0.59,131,6,4.58
2022.0,CEA,Bachelor of Science in Electrical Engineering,UIEC0301,1.33,0.9,138,7,5.07
2022.0,CEA,Bachelor of Science in Electronics Engineering,BECC0201,1.33,0.24,76,0,0.0
2022.0,CEA,Bachelor of Science in Electronics Engineering,CECP0412,1.5,0.35,2,0,0.0
2022.0,CEA,Bachelor of Science in Electronics Engineering,CEEN0423,1.51,0.52,69,1,1.45
2022.0,CEA,Bachelor of Science in Electronics Engineering,CEHY0322,1.62,0.18,2,0,0.0
2022.0,CEA,Bachelor of Science in Electronics Engineering,CEPC0506,2.5,0.0,2,0,0.0
2022.0,CEA,Bachelor of Science in Electronics Engineering,CEPC0507,2.0,0.0,2,0,0.0
2022.0,CEA,Bachelor of Science in Electronics Engineering,CESM0414,1.38,0.18,2,0,0.0
2022.0,CEA,Bachelor of Science in Electronics Engineering,CETE0413,1.25,0.0,2,0,0.0
2022.0,CEA,Bachelor of Science in Electronics Engineering,EAAC0104,2.27,0.63,56,7,12.5
2022.0,CEA,Bachelor of Science in Electronics Engineering,EAAC0202,2.52,0.83,79,13,16.46
2022.0,CEA,Bachelor of Science in Electronics Engineering,ECCD0423,2.79,0.4,68,44,64.71
2022.0,CEA,Bachelor of Science in Electronics Engineering,ECCE0223,3.92,1.15,54,40,74.07
2022.0,CEA,Bachelor of Science in Electronics Engineering,ECCE0224,3.44,1.01,53,33,62.26
2022.0,CEA,Bachelor of Science in Electronics Engineering,ECCE0314,2.63,0.4,66,19,28.79
2022.0,CEA,Bachelor of Science in Electronics Engineering,ECCE0324,3.8,1.12,68,47,69.12
2022.0,CEA,Bachelor of Science in Electronics Engineering,ECCE0334,2.77,1.12,68,15,22.06
2022.0,CEA,Bachelor of Science in Electronics Engineering,ECCE0423,2.18,0.51,68,7,10.29
2022.0,CEA,Bachelor of Science in Electronics Engineering,ECCS0324,1.8,0.36,66,0,0.0
2022.0,CEA,Bachelor of Science in Electronics Engineering,ECDE0314,2.57,0.87,73,12,16.44
2022.0,CEA,Bachelor of Science in Electronics Engineering,ECDE0324,2.33,0.61,62,8,12.9
2022.0,CEA,Bachelor of Science in Electronics Engineering,ECDP0411,1.73,0.21,68,0,0.0
2022.0,CEA,Bachelor of Science in Electronics Engineering,ECDP0421,1.54,0.36,68,0,0.0
2022.0,CEA,Bachelor of Science in Electronics Engineering,ECEC0214,2.69,0.95,59,28,47.46
2022.0,CEA,Bachelor of Science in Electronics Engineering,ECEC0224,2.97,1.21,68,23,33.82
2022.0,CEA,Bachelor of Science in Electronics Engineering,ECEC0314,2.05,0.75,66,10,15.15
2022.0,CEA,Bachelor of Science in Electronics Engineering,ECEL0213,1.75,0.66,57,3,5.26
2022.0,CEA,Bachelor of Science in Electronics Engineering,ECEM0313,2.53,0.44,65,8,12.31
2022.0,CEA,Bachelor of Science in Electronics Engineering,ECEM0414,2.13,0.37,66,2,3.03
2022.0,CEA,Bachelor of Science in Electronics Engineering,ECME0213,2.39,0.79,59,6,10.17
2022.0,CEA,Bachelor of Science in Electronics Engineering,ECMR0413,1.78,0.46,69,1,1.45
2022.0,CEA,Bachelor of Science in Electronics Engineering,ECPE0414,2.5,0.53,69,27,39.13
2022.0,CEA,Bachelor of Science in Electronics Engineering,ECPE0424,1.9,0.2,69,0,0.0
2022.0,CEA,Bachelor of Science in Electronics Engineering,ECPS0413,2.75,0.97,70,37,52.86
2022.0,CEA,Bachelor of Science in Electronics Engineering,ECSC0421,1.0,0.0,69,0,0.0
2022.0,CEA,Bachelor of Science in Electronics Engineering,ECSS0414,2.46,0.47,68,15,22.06
2022.0,CEA,Bachelor of Science in Electronics Engineering,EEEC0214,2.04,0.63,57,3,5.26
2022.0,CEA,Bachelor of Science in Electronics Engineering,EEEC0224,2.27,0.43,66,5,7.58
2022.0,CEA,Bachelor of Science in Electronics Engineering,EGEC0103,1.46,0.26,76,0,0.0
2022.0,CEA,Bachelor of Science in Electronics Engineering,EGEC0203,1.73,0.18,77,0,0.0
2022.0,CEA,Bachelor of Science in Electronics Engineering,EGEC0303,1.38,0.68,77,2,2.6
2022.0,CEA,Bachelor of Science in Electronics Engineering,EMAT0103,3.2,1.3,76,42,55.26
2022.0,CEA,Bachelor of Science in Electronics Engineering,EMAT0203,2.6,1.04,56,12,21.43
2022.0,CEA,Bachelor of Science in Electronics Engineering,EMGT0312,2.34,0.65,71,4,5.63
2022.0,CEA,Bachelor of Science in Electronics Engineering,ENPS0104,2.72,1.38,76,23,30.26
2022.0,CEA,Bachelor of Science in Electronics Engineering,ENPS0204,1.68,0.39,57,2,3.51
2022.0,CEA,Bachelor of Science in Electronics Engineering,FOLA0103,1.69,0.27,78,0,0.0
2022.0,CEA,Bachelor of Science in Electronics Engineering,FOLA0113,1.83,0.67,53,2,3.77
2022.0,CEA,Bachelor of Science in Electronics Engineering,FOLA0223,2.4,0.25,53,2,3.77
2022.0,CEA,Bachelor of Science in Electronics Engineering,GECO0313,3.84,1.3,65,43,66.15
2022.0,CEA,Bachelor of Science in Electronics Engineering,GETE0413,1.59,0.14,59,0,0.0
2022.0,CEA,Bachelor of Science in Electronics Engineering,MATH2013,2.46,0.53,55,17,30.91
2022.0,CEA,Bachelor of Science in Electronics Engineering,NGEC0103,1.68,0.45,76,1,1.32
2022.0,CEA,Bachelor of Science in Electronics Engineering,NGEC0203,2.07,0.46,76,5,6.58
2022.0,CEA,Bachelor of Science in Electronics Engineering,NGEC0403,1.79,0.41,76,2,2.63
2022.0,CEA,Bachelor of Science in Electronics Engineering,NGEC0513,1.89,0.66,55,2,3.64
2022.0,CEA,Bachelor of Science in Electronics Engineering,NGEC0723,1.82,0.59,53,2,3.77
2022.0,CEA,Bachelor of Science in Electronics Engineering,NGEC0803,1.5,,1,0,0.0
2022.0,CEA,Bachelor of Science in Electronics Engineering,NGEC0823,1.79,0.83,51,3,5.88
2022.0,CEA,Bachelor of Science in Electronics Engineering,NGEC0913,1.35,0.31,52,0,0.0
2022.0,CEA,Bachelor of Science in Electronics Engineering,NGEC1023,1.69,0.49,57,1,1.75
2022.0,CEA,Bachelor of Science in Electronics Engineering,NGEC1223,1.53,0.23,53,0,0.0
2022.0,CEA,Bachelor of Science in Electronics Engineering,NSTP0113,1.55,0.25,75,0,0.0
2022.0,CEA,Bachelor of Science in Electronics Engineering,NSTP0223,1.54,0.59,80,2,2.5
2022.0,CEA,Bachelor of Science in Electronics Engineering,PEDU0112,1.42,0.46,77,1,1.3
2022.0,CEA,Bachelor of Science in Electronics Engineering,PEDU0222,1.37,0.45,76,1,1.32
2022.0,CEA,Bachelor of Science in Electronics Engineering,PHED0222,1.34,0.91,54,3,5.56
2022.0,CEA,Bachelor of Science in Electronics Engineering,PHED0422,1.48,0.55,56,1,1.79
2022.0,CEA,Bachelor of Science in Electronics Engineering,UIEC0101,1.6,0.56,77,1,1.3
2022.0,CEA,Bachelor of Science in Electronics Engineering,UIEC0201,1.13,0.34,77,0,0.0
2022.0,CEA,Bachelor of Science in Electronics Engineering,UIEC0301,1.5,,1,0,0.0
2022.0,CEA,Bachelor of Science in Industrial Engineering,ACIE0113,2.34,0.52,78,3,3.85
2022.0,CEA,Bachelor of Science in Industrial Engineering,ACIE0223,2.09,0.54,75,2,2.67
2022.0,CEA,Bachelor of Science in Industrial Engineering,ARDS0515,2.0,,1,0,0.0
2022.0,CEA,Bachelor of Science in Industrial Engineering,ARHS0512,1.75,,1,0,0.0
2022.0,CEA,Bachelor of Science in Industrial Engineering,ARSC0513,1.25,,1,0,0.0
2022.0,CEA,Bachelor of Science in Industrial Engineering,ARST0513,3.0,,1,1,100.0
2022.0,CEA,Bachelor of Science in Industrial Engineering,BCOM0613,1.25,,1,0,0.0
2022.0,CEA,Bachelor of Science in Industrial Engineering,BCOM0713,1.75,,1,0,0.0
2022.0,CEA,Bachelor of Science in Industrial Engineering,BMAR0513,2.5,,1,0,0.0
2022.0,CEA,Bachelor of Science in Industrial Engineering,BOSH0101,1.92,0.65,76,2,2.63
2022.0,CEA,Bachelor of Science in Industrial Engineering,CCOM0213,2.25,,1,0,0.0
2022.0,CEA,Bachelor of Science in Industrial Engineering,CCOM0313,1.25,,1,0,0.0
2022.0,CEA,Bachelor of Science in Industrial Engineering,CCOM0413,1.25,,1,0,0.0
2022.0,CEA,Bachelor of Science in Industrial Engineering,CEED0111,1.75,,1,0,0.0
2022.0,CEA,Bachelor of Science in Industrial Engineering,CEIE0423,1.8,0.67,99,3,3.03
2022.0,CEA,Bachelor of Science in Industrial Engineering,CSCI0613,2.0,,1,0,0.0
2022.0,CEA,Bachelor of Science in Industrial Engineering,EAAC2403,1.68,0.44,100,1,1.0
2022.0,CEA,Bachelor of Science in Industrial Engineering,ECCE0413,1.5,,1,0,0.0
2022.0,CEA,Bachelor of Science in Industrial Engineering,ECOM0213,1.75,,1,0,0.0
2022.0,CEA,Bachelor of Science in Industrial Engineering,EEEL0413,1.5,,1,0,0.0
2022.0,CEA,Bachelor of Science in Industrial Engineering,EEEM0412,1.75,,1,0,0.0
2022.0,CEA,Bachelor of Science in Industrial Engineering,EEIC0413,1.25,,1,0,0.0
2022.0,CEA,Bachelor of Science in Industrial Engineering,EEIE0413,2.57,0.67,95,11,11.58
2022.0,CEA,Bachelor of Science in Industrial Engineering,EEMP0412,1.25,,1,0,0.0
2022.0,CEA,Bachelor of Science in Industrial Engineering,EERM0411,1.25,,1,0,0.0
2022.0,CEA,Bachelor of Science in Industrial Engineering,EESD0415,1.25,,1,0,0.0
2022.0,CEA,Bachelor of Science in Industrial Engineering,EESP0411,1.25,,1,0,0.0
2022.0,CEA,Bachelor of Science in Industrial Engineering,EGEC0103,2.31,1.41,96,20,20.83
2022.0,CEA,Bachelor of Science in Industrial Engineering,EGEC0203,1.56,0.24,4,0,0.0
2022.0,CEA,Bachelor of Science in Industrial Engineering,EGEC0303,1.05,0.16,99,0,0.0
2022.0,CEA,Bachelor of Science in Industrial Engineering,EMAT0103,2.93,0.78,98,45,45.92
2022.0,CEA,Bachelor of Science in Industrial Engineering,EMAT0203,2.92,0.7,91,39,42.86
2022.0,CEA,Bachelor of Science in Industrial Engineering,EMGT0312,1.25,,1,0,0.0
2022.0,CEA,Bachelor of Science in Industrial Engineering,ENPS0104,1.62,0.2,98,0,0.0
2022.0,CEA,Bachelor of Science in Industrial Engineering,ENPS0204,3.41,1.12,91,60,65.93
2022.0,CEA,Bachelor of Science in Industrial Engineering,FOLA0103,1.75,,1,0,0.0
2022.0,CEA,Bachelor of Science in Industrial Engineering,FOLA0113,2.75,0.96,89,21,23.6
2022.0,CEA,Bachelor of Science in Industrial Engineering,FOLA0223,1.53,0.3,86,0,0.0
2022.0,CEA,Bachelor of Science in Industrial Engineering,GECO0313,2.5,0.81,84,17,20.24
2022.0,CEA,Bachelor of Science in Industrial Engineering,GEEM0313,2.31,0.49,79,3,3.8
2022.0,CEA,Bachelor of Science in Industrial Engineering,GETE0413,1.6,0.2,90,0,0.0
2022.0,CEA,Bachelor of Science in Industrial Engineering,ICTC1113,2.5,,1,0,0.0
2022.0,CEA,Bachelor of Science in Industrial Engineering,ICTC1213,2.25,,1,0,0.0
2022.0,CEA,Bachelor of Science in Industrial Engineering,ICTE0112,2.99,0.68,82,50,60.98
2022.0,CEA,Bachelor of Science in Industrial Engineering,ICTE0521,1.78,0.59,84,2,2.38
2022.0,CEA,Bachelor of Science in Industrial Engineering,IEAM0223,2.57,0.51,75,33,44.0
2022.0,CEA,Bachelor of Science in Industrial Engineering,IEAM0411,1.25,0.42,92,1,1.09
2022.0,CEA,Bachelor of Science in Industrial Engineering,IECE0223,2.73,0.47,77,41,53.25
2022.0,CEA,Bachelor of Science in Industrial Engineering,IECE0423,2.9,0.31,92,62,67.39
2022.0,CEA,Bachelor of Science in Industrial Engineering,IECP0412,1.69,0.16,90,0,0.0
2022.0,CEA,Bachelor of Science in Industrial Engineering,IECP0421,2.08,0.63,92,2,2.17
2022.0,CEA,Bachelor of Science in Industrial Engineering,IEER0313,1.94,0.99,84,7,8.33
2022.0,CEA,Bachelor of Science in Industrial Engineering,IEER0323,2.14,0.51,78,2,2.56
2022.0,CEA,Bachelor of Science in Industrial Engineering,IEFP0413,1.72,0.4,91,1,1.1
2022.0,CEA,Bachelor of Science in Industrial Engineering,IEII0402,1.62,1.03,13,1,7.69
2022.0,CEA,Bachelor of Science in Industrial Engineering,IEIM0312,2.4,1.17,87,14,16.09
2022.0,CEA,Bachelor of Science in Industrial Engineering,IEIP0312,2.02,1.19,83,11,13.25
2022.0,CEA,Bachelor of Science in Industrial Engineering,IEIS0413,1.7,0.25,96,0,0.0
2022.0,CEA,Bachelor of Science in Industrial Engineering,IELS0422,1.92,0.16,94,0,0.0
2022.0,CEA,Bachelor of Science in Industrial Engineering,IEMP0211,1.61,0.13,81,0,0.0
2022.0,CEA,Bachelor of Science in Industrial Engineering,IEMP0213,2.64,0.61,81,23,28.4
2022.0,CEA,Bachelor of Science in Industrial Engineering,IEOM0213,1.89,0.64,80,5,6.25
2022.0,CEA,Bachelor of Science in Industrial Engineering,IEOM0324,2.51,0.67,72,15,20.83
2022.0,CEA,Bachelor of Science in Industrial Engineering,IEOR0313,2.98,0.92,84,41,48.81
2022.0,CEA,Bachelor of Science in Industrial Engineering,IEOR0323,2.62,0.67,74,19,25.68
2022.0,CEA,Bachelor of Science in Industrial Engineering,IEPC0423,2.73,0.78,101,33,32.67
2022.0,CEA,Bachelor of Science in Industrial Engineering,IEPC2321,1.39,0.86,97,6,6.19
2022.0,CEA,Bachelor of Science in Industrial Engineering,IEPF0413,1.41,0.19,91,0,0.0
2022.0,CEA,Bachelor of Science in Industrial Engineering,IEPM0423,2.0,0.94,106,9,8.49
2022.0,CEA,Bachelor of Science in Industrial Engineering,IEQC0313,2.18,0.67,79,4,5.06
2022.0,CEA,Bachelor of Science in Industrial Engineering,IEQM0323,1.94,0.86,84,9,10.71
2022.0,CEA,Bachelor of Science in Industrial Engineering,IESA0213,2.76,0.99,84,26,30.95
2022.0,CEA,Bachelor of Science in Industrial Engineering,IESC0413,1.73,0.32,91,1,1.1
2022.0,CEA,Bachelor of Science in Industrial Engineering,IESE0413,1.91,0.49,98,2,2.04
2022.0,CEA,Bachelor of Science in Industrial Engineering,IESP0411,1.53,0.38,100,0,0.0
2022.0,CEA,Bachelor of Science in Industrial Engineering,IETQ0423,2.23,0.77,111,6,5.41
2022.0,CEA,Bachelor of Science in Industrial Engineering,IEWM0225,1.97,0.41,67,2,2.99
2022.0,CEA,Bachelor of Science in Industrial Engineering,MATH1913,2.25,,1,0,0.0
2022.0,CEA,Bachelor of Science in Industrial Engineering,MATH2013,2.78,0.65,77,44,57.14
2022.0,CEA,Bachelor of Science in Industrial Engineering,MEAC0413,2.0,,1,0,0.0
2022.0,CEA,Bachelor of Science in Industrial Engineering,MEFC0101,1.25,,1,0,0.0
2022.0,CEA,Bachelor of Science in Industrial Engineering,MELB0412,1.0,,1,0,0.0
2022.0,CEA,Bachelor of Science in Industrial Engineering,MELE0412,1.0,,1,0,0.0
2022.0,CEA,Bachelor of Science in Industrial Engineering,MEMD0413,2.0,,1,0,0.0
2022.0,CEA,Bachelor of Science in Industrial Engineering,MEPD0414,1.5,,1,0,0.0
2022.0,CEA,Bachelor of Science in Industrial Engineering,MEPS0411,1.25,,1,0,0.0
2022.0,CEA,Bachelor of Science in Industrial Engineering,METD0323,2.09,1.1,89,13,14.61
2022.0,CEA,Bachelor of Science in Industrial Engineering,NGEC0103,1.92,0.4,96,1,1.04
2022.0,CEA,Bachelor of Science in Industrial Engineering,NGEC0203,1.92,0.52,93,3,3.23
2022.0,CEA,Bachelor of Science in Industrial Engineering,NGEC0303,1.23,0.42,98,1,1.02
2022.0,CEA,Bachelor of Science in Industrial Engineering,NGEC0403,1.46,0.57,94,2,2.13
2022.0,CEA,Bachelor of Science in Industrial Engineering,NGEC0513,1.87,0.53,81,2,2.47
2022.0,CEA,Bachelor of Science in Industrial Engineering,NGEC0603,2.08,0.37,97,4,4.12
2022.0,CEA,Bachelor of Science in Industrial Engineering,NGEC0723,1.61,0.26,79,0,0.0
2022.0,CEA,Bachelor of Science in Industrial Engineering,NGEC0823,1.85,0.71,82,3,3.66
2022.0,CEA,Bachelor of Science in Industrial Engineering,NGEC0913,1.41,0.41,78,1,1.28
2022.0,CEA,Bachelor of Science in Industrial Engineering,NGEC1023,1.31,0.33,63,0,0.0
2022.0,CEA,Bachelor of Science in Industrial Engineering,NGEC1223,1.15,0.47,83,1,1.2
2022.0,CEA,Bachelor of Science in Industrial Engineering,NSTP0113,1.81,0.65,97,4,4.12
2022.0,CEA,Bachelor of Science in Industrial Engineering,NSTP0223,1.7,0.5,91,1,1.1
2022.0,CEA,Bachelor of Science in Industrial Engineering,PEDU0112,1.34,0.17,96,0,0.0
2022.0,CEA,Bachelor of Science in Industrial Engineering,PEDU0222,1.2,0.44,92,1,1.09
2022.0,CEA,Bachelor of Science in Industrial Engineering,PHED0222,1.33,0.96,82,5,6.1
2022.0,CEA,Bachelor of Science in Industrial Engineering,PHED0422,1.51,0.64,80,2,2.5
2022.0,CEA,Bachelor of Science in Mechanical Engineering,ARPC0112,2.5,,1,0,0.0
2022.0,CEA,Bachelor of Science in Mechanical Engineering,ARPC1212,1.75,,1,0,0.0
2022.0,CEA,Bachelor of Science in Mechanical Engineering,ARPC2212,2.5,,1,0,0.0
2022.0,CEA,Bachelor of Science in Mechanical Engineering,BECC0201,1.78,0.84,132,8,6.06
2022.0,CEA,Bachelor of Science in Mechanical Engineering,BOSH0101,1.24,0.21,126,0,0.0
2022.0,CEA,Bachelor of Science in Mechanical Engineering,BTIP0112,1.75,0.71,2,0,0.0
2022.0,CEA,Bachelor of Science in Mechanical Engineering,CEED0111,2.02,0.5,132,3,2.27
2022.0,CEA,Bachelor of Science in Mechanical Engineering,CEEN0313,2.75,0.43,3,2,66.67
2022.0,CEA,Bachelor of Science in Mechanical Engineering,EAAC0201,3.19,1.34,4,3,75.0
2022.0,CEA,Bachelor of Science in Mechanical Engineering,EAAC1203,1.75,,1,0,0.0
2022.0,CEA,Bachelor of Science in Mechanical Engineering,EAAC1302,2.25,,1,0,0.0
2022.0,CEA,Bachelor of Science in Mechanical Engineering,ECCE0413,1.59,0.28,122,0,0.0
2022.0,CEA,Bachelor of Science in Mechanical Engineering,ECME0313,2.22,0.91,108,16,14.81
2022.0,CEA,Bachelor of Science in Mechanical Engineering,EEDA0323,2.56,0.65,102,47,46.08
2022.0,CEA,Bachelor of Science in Mechanical Engineering,EEME0213,2.01,0.7,154,7,4.55
2022.0,CEA,Bachelor of Science in Mechanical Engineering,EGEC0103,2.65,1.53,147,43,29.25
2022.0,CEA,Bachelor of Science in Mechanical Engineering,EGEC0203,1.73,1.04,141,12,8.51
2022.0,CEA,Bachelor of Science in Mechanical Engineering,EGEC0303,1.82,0.51,136,3,2.21
2022.0,CEA,Bachelor of Science in Mechanical Engineering,EMAT0103,2.54,0.89,127,44,34.65
2022.0,CEA,Bachelor of Science in Mechanical Engineering,EMAT0203,2.66,1.24,125,28,22.4
2022.0,CEA,Bachelor of Science in Mechanical Engineering,EMAT0702,1.25,,1,0,0.0
2022.0,CEA,Bachelor of Science in Mechanical Engineering,EMDA0223,2.75,,1,0,0.0
2022.0,CEA,Bachelor of Science in Mechanical Engineering,EMGT0312,1.32,0.27,125,0,0.0
2022.0,CEA,Bachelor of Science in Mechanical Engineering,EMME0223,1.69,0.64,145,5,3.45
2022.0,CEA,Bachelor of Science in Mechanical Engineering,ENDA0213,1.67,0.53,105,2,1.9
2022.0,CEA,Bachelor of Science in Mechanical Engineering,ENPS0104,2.25,1.04,127,28,22.05
2022.0,CEA,Bachelor of Science in Mechanical Engineering,ENPS0204,1.92,0.81,128,8,6.25
2022.0,CEA,Bachelor of Science in Mechanical Engineering,FNAP0115,1.5,,1,0,0.0
2022.0,CEA,Bachelor of Science in Mechanical Engineering,FNBC0215,1.25,,1,0,0.0
2022.0,CEA,Bachelor of Science in Mechanical Engineering,FOLA0103,1.94,0.52,125,3,2.4
2022.0,CEA,Bachelor of Science in Mechanical Engineering,FOLA0113,2.05,0.78,148,9,6.08
2022.0,CEA,Bachelor of Science in Mechanical Engineering,FOLA0223,1.54,0.63,140,4,2.86
2022.0,CEA,Bachelor of Science in Mechanical Engineering,GECO0313,1.85,0.76,128,5,3.91
2022.0,CEA,Bachelor of Science in Mechanical Engineering,GEDB0313,1.83,0.58,104,1,0.96
2022.0,CEA,Bachelor of Science in Mechanical Engineering,GEEM0222,1.96,0.56,139,3,2.16
2022.0,CEA,Bachelor of Science in Mechanical Engineering,GESB0213,2.56,0.57,144,51,35.42
2022.0,CEA,Bachelor of Science in Mechanical Engineering,GETE0413,1.89,0.4,123,1,0.81
2022.0,CEA,Bachelor of Science in Mechanical Engineering,ICTE0521,1.71,0.19,6,0,0.0
2022.0,CEA,Bachelor of Science in Mechanical Engineering,MATH2013,1.68,0.5,144,2,1.39
2022.0,CEA,Bachelor of Science in Mechanical Engineering,MEAC0413,2.83,0.92,167,60,35.93
2022.0,CEA,Bachelor of Science in Mechanical Engineering,MECA0311,1.17,0.6,105,3,2.86
2022.0,CEA,Bachelor of Science in Mechanical Engineering,MEEC0223,3.36,1.33,159,76,47.8
2022.0,CEA,Bachelor of Science in Mechanical Engineering,MEEC0423,2.64,0.32,147,39,26.53
2022.0,CEA,Bachelor of Science in Mechanical Engineering,MEFC0101,1.94,0.76,134,10,7.46
2022.0,CEA,Bachelor of Science in Mechanical Engineering,MEFC0201,1.89,0.52,145,3,2.07
2022.0,CEA,Bachelor of Science in Mechanical Engineering,MEFM0313,2.49,0.71,106,34,32.08
2022.0,CEA,Bachelor of Science in Mechanical Engineering,MEFM0323,2.73,1.03,109,32,29.36
2022.0,CEA,Bachelor of Science in Mechanical Engineering,MEHT0312,2.31,0.61,108,10,9.26
2022.0,CEA,Bachelor of Science in Mechanical Engineering,MEIC0322,3.14,1.03,127,67,52.76
2022.0,CEA,Bachelor of Science in Mechanical Engineering,MEIP0422,1.48,0.35,128,0,0.0
2022.0,CEA,Bachelor of Science in Mechanical Engineering,MEIP0424,1.99,0.22,143,0,0.0
2022.0,CEA,Bachelor of Science in Mechanical Engineering,MELB0321,1.46,0.35,106,0,0.0
2022.0,CEA,Bachelor of Science in Mechanical Engineering,MELB0412,1.8,0.42,148,1,0.68
2022.0,CEA,Bachelor of Science in Mechanical Engineering,MELB0422,2.34,0.19,142,1,0.7
2022.0,CEA,Bachelor of Science in Mechanical Engineering,MELC0422,1.27,0.19,127,0,0.0
2022.0,CEA,Bachelor of Science in Mechanical Engineering,MELE0322,1.58,0.3,120,1,0.83
2022.0,CEA,Bachelor of Science in Mechanical Engineering,MELE0412,1.24,0.18,147,0,0.0
2022.0,CEA,Bachelor of Science in Mechanical Engineering,MEMD0413,2.92,0.86,166,72,43.37
2022.0,CEA,Bachelor of Science in Mechanical Engineering,MEMD0423,2.56,0.55,148,37,25.0
2022.0,CEA,Bachelor of Science in Mechanical Engineering,MEME0313,1.46,0.44,104,1,0.96
2022.0,CEA,Bachelor of Science in Mechanical Engineering,MEMT0323,1.89,0.15,106,0,0.0
2022.0,CEA,Bachelor of Science in Mechanical Engineering,MEPD0414,1.97,0.47,144,2,1.39
2022.0,CEA,Bachelor of Science in Mechanical Engineering,MEPS0411,2.0,0.66,145,10,6.9
2022.0,CEA,Bachelor of Science in Mechanical Engineering,MEPS0421,1.59,0.41,146,1,0.68
2022.0,CEA,Bachelor of Science in Mechanical Engineering,MERE0323,1.57,0.37,107,1,0.93
2022.0,CEA,Bachelor of Science in Mechanical Engineering,MERM0321,1.91,0.47,105,0,0.0
2022.0,CEA,Bachelor of Science in Mechanical Engineering,MESH0212,2.02,0.44,138,3,2.17
2022.0,CEA,Bachelor of Science in Mechanical Engineering,METD0213,2.79,0.73,144,32,22.22
2022.0,CEA,Bachelor of Science in Mechanical Engineering,METD0223,2.53,1.12,137,28,20.44
2022.0,CEA,Bachelor of Science in Mechanical Engineering,MEVE0312,1.49,0.3,107,0,0.0
2022.0,CEA,Bachelor of Science in Mechanical Engineering,NGEC0103,1.56,0.55,126,3,2.38
2022.0,CEA,Bachelor of Science in Mechanical Engineering,NGEC0203,2.16,1.0,136,14,10.29
2022.0,CEA,Bachelor of Science in Mechanical Engineering,NGEC0303,2.36,0.6,128,14,10.94
2022.0,CEA,Bachelor of Science in Mechanical Engineering,NGEC0403,1.51,0.79,139,6,4.32
2022.0,CEA,Bachelor of Science in Mechanical Engineering,NGEC0503,1.94,0.76,132,10,7.58
2022.0,CEA,Bachelor of Science in Mechanical Engineering,NGEC0513,1.81,0.95,152,10,6.58
2022.0,CEA,Bachelor of Science in Mechanical Engineering,NGEC0603,1.25,,1,0,0.0
2022.0,CEA,Bachelor of Science in Mechanical Engineering,NGEC0723,1.7,0.68,131,5,3.82
2022.0,CEA,Bachelor of Science in Mechanical Engineering,NGEC0823,1.88,0.88,144,14,9.72
2022.0,CEA,Bachelor of Science in Mechanical Engineering,NGEC0913,1.49,0.5,149,2,1.34
2022.0,CEA,Bachelor of Science in Mechanical Engineering,NGEC1023,1.55,0.75,121,5,4.13
2022.0,CEA,Bachelor of Science in Mechanical Engineering,NGEC1223,1.55,0.7,148,5,3.38
2022.0,CEA,Bachelor of Science in Mechanical Engineering,NRCM0100,1.75,,1,0,0.0
2022.0,CEA,Bachelor of Science in Mechanical Engineering,NRCM0101,1.25,,1,0,0.0
2022.0,CEA,Bachelor of Science in Mechanical Engineering,NRCM0101-R,1.5,,1,0,0.0
2022.0,CEA,Bachelor of Science in Mechanical Engineering,NSTP0113,1.47,0.53,124,2,1.61
2022.0,CEA,Bachelor of Science in Mechanical Engineering,NSTP0223,1.52,0.65,130,5,3.85
2022.0,CEA,Bachelor of Science in Mechanical Engineering,PEDU0112,1.48,0.19,126,0,0.0
2022.0,CEA,Bachelor of Science in Mechanical Engineering,PEDU0222,1.59,0.9,132,8,6.06
2022.0,CEA,Bachelor of Science in Mechanical Engineering,PHED0222,1.39,0.76,134,5,3.73
2022.0,CEA,Bachelor of Science in Mechanical Engineering,PHED0422,1.43,0.73,149,5,3.36
2022.0,COAS,Bachelor of Arts in Communication,ACOM0113,1.85,0.71,152,15,9.87
2022.0,COAS,Bachelor of Arts in Communication,ACOM0223,2.05,0.96,152,13,8.55
2022.0,COAS,Bachelor of Arts in Communication,ARDP0111,2.0,,1,0,0.0
2022.0,COAS,Bachelor of Arts in Communication,BCOM0323,1.58,0.32,74,1,1.35
2022.0,COAS,Bachelor of Arts in Communication,BCOM0423,2.24,0.38,75,2,2.67
2022.0,COAS,Bachelor of Arts in Communication,BCOM0523,2.27,0.52,73,4,5.48
2022.0,COAS,Bachelor of Arts in Communication,BCOM0613,1.45,0.49,61,1,1.64
2022.0,COAS,Bachelor of Arts in Communication,BCOM0713,1.52,0.51,66,1,1.52
2022.0,COAS,Bachelor of Arts in Communication,BCOM0823,2.09,0.37,64,1,1.56
2022.0,COAS,Bachelor of Arts in Communication,BCOM0913,1.8,0.32,65,0,0.0
2022.0,COAS,Bachelor of Arts in Communication,BCOM1023,1.64,0.23,62,0,0.0
2022.0,COAS,Bachelor of Arts in Communication,BCOM1133,1.24,0.32,73,1,1.37
2022.0,COAS,Bachelor of Arts in Communication,BCOM1213,1.85,0.34,72,0,0.0
2022.0,COAS,Bachelor of Arts in Communication,BCOM1323,1.64,0.4,74,0,0.0
2022.0,COAS,Bachelor of Arts in Communication,BCOM1423,1.56,0.42,75,1,1.33
2022.0,COAS,Bachelor of Arts in Communication,BCOM1523,1.51,0.4,75,1,1.33
2022.0,COAS,Bachelor of Arts in Communication,BECC0703,1.5,,1,0,0.0
2022.0,COAS,Bachelor of Arts in Communication,CCOM0213,2.05,0.3,26,0,0.0
2022.0,COAS,Bachelor of Arts in Communication,CCOM0313,1.52,0.1,26,0,0.0
2022.0,COAS,Bachelor of Arts in Communication,CCOM0413,1.38,0.13,26,0,0.0
2022.0,COAS,Bachelor of Arts in Communication,ECOM0113,1.7,0.35,73,0,0.0
2022.0,COAS,Bachelor of Arts in Communication,ECOM0213,1.56,0.55,63,2,3.17
2022.0,COAS,Bachelor of Arts in Communication,ECOM0323,1.39,0.19,64,0,0.0
2022.0,COAS,Bachelor of Arts in Communication,ECOM0413,1.12,0.16,72,0,0.0
2022.0,COAS,Bachelor of Arts in Communication,ECOM0523,1.58,0.2,64,0,0.0
2022.0,COAS,Bachelor of Arts in Communication,ECOM0613,1.26,0.25,72,0,0.0
2022.0,COAS,Bachelor of Arts in Communication,ECOM0713,1.35,0.22,71,0,0.0
2022.0,COAS,Bachelor of Arts in Communication,ECOM0813,1.55,0.47,75,1,1.33
2022.0,COAS,Bachelor of Arts in Communication,EGEC0103,2.26,0.7,147,8,5.44
2022.0,COAS,Bachelor of Arts in Communication,EGEC0203,1.88,0.75,145,7,4.83
2022.0,COAS,Bachelor of Arts in Communication,EGEC0303,1.78,0.6,142,4,2.82
2022.0,COAS,Bachelor of Arts in Communication,EMAT0103,3.0,,1,1,100.0
2022.0,COAS,Bachelor of Arts in Communication,ENPS0104,1.75,,1,0,0.0
2022.0,COAS,Bachelor of Arts in Communication,FOLA0103,2.12,0.53,2,0,0.0
2022.0,COAS,Bachelor of Arts in Communication,FOLA0113,2.6,1.1,80,25,31.25
2022.0,COAS,Bachelor of Arts in Communication,FOLA0223,1.77,0.3,68,0,0.0
2022.0,COAS,Bachelor of Arts in Communication,ICTC0923,1.5,,1,0,0.0
2022.0,COAS,Bachelor of Arts in Communication,ICTC1213,1.25,,1,0,0.0
2022.0,COAS,Bachelor of Arts in Communication,ITNW0313,1.5,,1,0,0.0
2022.0,COAS,Bachelor of Arts in Communication,ITNW0413,1.75,,1,0,0.0
2022.0,COAS,Bachelor of Arts in Communication,ITNW0513,1.75,,1,0,0.0
2022.0,COAS,Bachelor of Arts in Communication,ITNW0613,1.5,,1,0,0.0
2022.0,COAS,Bachelor of Arts in Communication,ITNW0713,2.5,,1,0,0.0
2022.0,COAS,Bachelor of Arts in Communication,NCOM0113,1.51,0.4,43,0,0.0
2022.0,COAS,Bachelor of Arts in Communication,NCOM0213,1.91,0.47,44,1,2.27
2022.0,COAS,Bachelor of Arts in Communication,NCOM0313,1.45,0.6,39,1,2.56
2022.0,COAS,Bachelor of Arts in Communication,NCOM0423,1.44,0.29,38,0,0.0
2022.0,COAS,Bachelor of Arts in Communication,NGEC0103,1.94,0.96,143,12,8.39
2022.0,COAS,Bachelor of Arts in Communication,NGEC0203,2.39,0.87,141,14,9.93
2022.0,COAS,Bachelor of Arts in Communication,NGEC0303,1.44,0.84,141,7,4.96
2022.0,COAS,Bachelor of Arts in Communication,NGEC0403,2.18,0.6,139,13,9.35
2022.0,COAS,Bachelor of Arts in Communication,NGEC0503,2.08,0.58,3,0,0.0
2022.0,COAS,Bachelor of Arts in Communication,NGEC0513,1.82,0.73,80,4,5.0
2022.0,COAS,Bachelor of Arts in Communication,NGEC0603,1.25,,1,0,0.0
2022.0,COAS,Bachelor of Arts in Communication,NGEC0723,1.57,0.5,82,1,1.22
2022.0,COAS,Bachelor of Arts in Communication,NGEC0803,1.0,0.0,2,0,0.0
2022.0,COAS,Bachelor of Arts in Communication,NGEC0823,1.71,0.81,78,4,5.13
2022.0,COAS,Bachelor of Arts in Communication,NGEC0913,1.61,0.99,80,5,6.25
2022.0,COAS,Bachelor of Arts in Communication,NGEC1023,1.34,0.81,73,3,4.11
2022.0,COAS,Bachelor of Arts in Communication,NGEC1223,1.78,0.66,75,4,5.33
2022.0,COAS,Bachelor of Arts in Communication,NSTP0113,2.14,0.83,139,12,8.63
2022.0,COAS,Bachelor of Arts in Communication,NSTP0223,1.86,1.03,131,11,8.4
2022.0,COAS,Bachelor of Arts in Communication,PEDU0112,1.9,1.47,149,26,17.45
2022.0,COAS,Bachelor of Arts in Communication,PEDU0222,1.56,0.61,117,3,2.56
2022.0,COAS,Bachelor of Arts in Communication,PHED0222,1.44,0.27,73,0,0.0
2022.0,COAS,Bachelor of Arts in Communication,PHED0312,1.75,,1,0,0.0
2022.0,COAS,Bachelor of Arts in Communication,PHED0422,1.67,1.09,80,8,10.0
2022.0,COAS,Bachelor of Arts in Communication,UIEC0101,1.76,1.31,150,20,13.33
2022.0,COAS,Bachelor of Arts in Communication,UIEC0201,1.13,0.49,153,2,1.31
2022.0,COAS,Bachelor of Arts in Communication,UIEC0301,1.0,,1,0,0.0
2022.0,CTEC,Bachelor of Science in Industrial Technology,ARDS0213,5.0,,1,1,100.0
2022.0,CTEC,Bachelor of Science in Industrial Technology,ARDS0314,2.75,,1,0,0.0
2022.0,CTEC,Bachelor of Science in Industrial Technology,ARDS0415,2.0,,1,0,0.0
2022.0,CTEC,Bachelor of Science in Industrial Technology,BCOM1133,1.62,0.53,2,0,0.0
2022.0,CTEC,Bachelor of Science in Industrial Technology,BCOM1213,2.38,0.18,2,0,0.0
2022.0,CTEC,Bachelor of Science in Industrial Technology,BTAU0515,2.66,0.3,45,16,35.56
2022.0,CTEC,Bachelor of Science in Industrial Technology,BTAU0612,2.48,0.25,47,6,12.77
2022.0,CTEC,Bachelor of Science in Industrial Technology,BTAU0725,3.26,1.52,45,19,42.22
2022.0,CTEC,Bachelor of Science in Industrial Technology,BTAU0822,2.15,0.69,44,2,4.55
2022.0,CTEC,Bachelor of Science in Industrial Technology,BTAU0915,1.98,0.37,15,0,0.0
2022.0,CTEC,Bachelor of Science in Industrial Technology,BTAU1012,2.17,0.28,15,0,0.0
2022.0,CTEC,Bachelor of Science in Industrial Technology,BTAU1125,2.26,1.07,17,2,11.76
2022.0,CTEC,Bachelor of Science in Industrial Technology,BTAU1222,1.8,0.19,16,0,0.0
2022.0,CTEC,Bachelor of Science in Industrial Technology,BTCH0213,5.0,,1,1,100.0
2022.0,CTEC,Bachelor of Science in Industrial Technology,BTCH0413,1.12,0.18,2,0,0.0
2022.0,CTEC,Bachelor of Science in Industrial Technology,BTDR0325,2.5,,1,0,0.0
2022.0,CTEC,Bachelor of Science in Industrial Technology,BTDR0515,1.99,0.78,22,1,4.55
2022.0,CTEC,Bachelor of Science in Industrial Technology,BTDR0612,1.8,0.84,22,1,4.55
2022.0,CTEC,Bachelor of Science in Industrial Technology,BTDR0725,1.75,0.34,21,0,0.0
2022.0,CTEC,Bachelor of Science in Industrial Technology,BTDR0822,1.64,0.23,21,0,0.0
2022.0,CTEC,Bachelor of Science in Industrial Technology,BTDR0915,1.78,0.21,8,0,0.0
2022.0,CTEC,Bachelor of Science in Industrial Technology,BTDR1012,1.78,0.21,8,0,0.0
2022.0,CTEC,Bachelor of Science in Industrial Technology,BTDR1125,1.86,0.38,9,0,0.0
2022.0,CTEC,Bachelor of Science in Industrial Technology,BTDR1222,1.86,0.38,9,0,0.0
2022.0,CTEC,Bachelor of Science in Industrial Technology,BTEC0515,1.86,0.35,36,1,2.78
2022.0,CTEC,Bachelor of Science in Industrial Technology,BTEC0612,1.7,0.35,36,1,2.78
2022.0,CTEC,Bachelor of Science in Industrial Technology,BTEC0725,2.2,0.57,36,2,5.56
2022.0,CTEC,Bachelor of Science in Industrial Technology,BTEC0822,2.08,0.58,36,1,2.78
2022.0,CTEC,Bachelor of Science in Industrial Technology,BTEC0915,2.77,0.44,33,7,21.21
2022.0,CTEC,Bachelor of Science in Industrial Technology,BTEC1012,2.6,0.46,33,1,3.03
2022.0,CTEC,Bachelor of Science in Industrial Technology,BTEC1125,2.67,0.89,33,4,12.12
2022.0,CTEC,Bachelor of Science in Industrial Technology,BTEC1222,2.71,0.89,32,4,12.5
2022.0,CTEC,Bachelor of Science in Industrial Technology,BTEX0515,2.05,0.23,19,0,0.0
2022.0,CTEC,Bachelor of Science in Industrial Technology,BTEX0612,2.05,0.23,19,0,0.0
2022.0,CTEC,Bachelor of Science in Industrial Technology,BTEX0725,2.25,0.93,21,2,9.52
2022.0,CTEC,Bachelor of Science in Industrial Technology,BTEX0822,2.11,0.67,21,1,4.76
2022.0,CTEC,Bachelor of Science in Industrial Technology,BTEX0915,1.75,0.0,11,0,0.0
2022.0,CTEC,Bachelor of Science in Industrial Technology,BTEX1012,1.75,0.0,11,0,0.0
2022.0,CTEC,Bachelor of Science in Industrial Technology,BTEX1125,1.5,0.0,10,0,0.0
2022.0,CTEC,Bachelor of Science in Industrial Technology,BTEX1222,1.62,0.13,10,0,0.0
2022.0,CTEC,Bachelor of Science in Industrial Technology,BTFS0515,2.27,0.74,35,3,8.57
2022.0,CTEC,Bachelor of Science in Industrial Technology,BTFS0612,2.27,0.74,35,3,8.57
2022.0,CTEC,Bachelor of Science in Industrial Technology,BTFS0725,2.17,0.55,35,1,2.86
2022.0,CTEC,Bachelor of Science in Industrial Technology,BTFS0822,2.17,0.55,35,1,2.86
2022.0,CTEC,Bachelor of Science in Industrial Technology,BTFS0915,1.84,0.3,35,0,0.0
2022.0,CTEC,Bachelor of Science in Industrial Technology,BTFS1012,1.91,0.31,35,0,0.0
2022.0,CTEC,Bachelor of Science in Industrial Technology,BTFS1125,1.89,0.27,35,0,0.0
2022.0,CTEC,Bachelor of Science in Industrial Technology,BTFS1222,2.03,0.23,35,0,0.0
2022.0,CTEC,Bachelor of Science in Industrial Technology,BTGF0515,1.36,0.13,7,0,0.0
2022.0,CTEC,Bachelor of Science in Industrial Technology,BTGF0612,1.39,0.13,7,0,0.0
2022.0,CTEC,Bachelor of Science in Industrial Technology,BTGF0725,1.54,0.17,7,0,0.0
2022.0,CTEC,Bachelor of Science in Industrial Technology,BTGF0822,1.32,0.24,7,0,0.0
2022.0,CTEC,Bachelor of Science in Industrial Technology,BTGF0915,1.62,0.18,2,0,0.0
2022.0,CTEC,Bachelor of Science in Industrial Technology,BTGF1012,1.62,0.18,2,0,0.0
2022.0,CTEC,Bachelor of Science in Industrial Technology,BTGF1125,1.5,0.35,2,0,0.0
2022.0,CTEC,Bachelor of Science in Industrial Technology,BTGF1222,1.62,0.18,2,0,0.0
2022.0,CTEC,Bachelor of Science in Industrial Technology,BTHV0515,1.54,0.19,6,0,0.0
2022.0,CTEC,Bachelor of Science in Industrial Technology,BTHV0612,1.54,0.19,6,0,0.0
2022.0,CTEC,Bachelor of Science in Industrial Technology,BTHV0725,1.71,0.29,6,0,0.0
2022.0,CTEC,Bachelor of Science in Industrial Technology,BTHV0822,1.54,0.29,6,0,0.0
2022.0,CTEC,Bachelor of Science in Industrial Technology,BTHV0915,2.43,1.14,7,1,14.29
2022.0,CTEC,Bachelor of Science in Industrial Technology,BTHV1012,2.18,1.25,7,1,14.29
2022.0,CTEC,Bachelor of Science in Industrial Technology,BTHV1125,1.71,0.09,7,0,0.0
2022.0,CTEC,Bachelor of Science in Industrial Technology,BTHV1222,1.96,0.09,7,0,0.0
2022.0,CTEC,Bachelor of Science in Industrial Technology,BTIP0112,1.76,0.72,286,12,4.2
2022.0,CTEC,Bachelor of Science in Industrial Technology,BTIP0212,1.7,0.58,282,7,2.48
2022.0,CTEC,Bachelor of Science in Industrial Technology,BTME0515,2.91,0.65,26,6,23.08
2022.0,CTEC,Bachelor of Science in Industrial Technology,BTME0612,2.85,0.48,25,5,20.0
2022.0,CTEC,Bachelor of Science in Industrial Technology,BTME0725,3.35,1.13,26,9,34.62
2022.0,CTEC,Bachelor of Science in Industrial Technology,BTME0822,3.37,1.12,26,9,34.62
2022.0,CTEC,Bachelor of Science in Industrial Technology,BTME0915,1.75,0.0,8,0,0.0
2022.0,CTEC,Bachelor of Science in Industrial Technology,BTME1012,1.75,0.0,8,0,0.0
2022.0,CTEC,Bachelor of Science in Industrial Technology,BTME1125,1.5,0.0,8,0,0.0
2022.0,CTEC,Bachelor of Science in Industrial Technology,BTME1222,1.5,0.0,8,0,0.0
2022.0,CTEC,Bachelor of Science in Industrial Technology,BTPS0113,2.09,0.99,148,13,8.78
2022.0,CTEC,Bachelor of Science in Industrial Technology,BTPS0213,2.24,0.82,151,11,7.28
2022.0,CTEC,Bachelor of Science in Industrial Technology,BTPS0313,2.47,0.75,143,9,6.29
2022.0,CTEC,Bachelor of Science in Industrial Technology,BTPS0423,1.89,0.69,143,6,4.2
2022.0,CTEC,Bachelor of Science in Industrial Technology,BTPS0523,2.57,1.43,147,37,25.17
2022.0,CTEC,Bachelor of Science in Industrial Technology,BTPS0623,1.81,0.65,142,4,2.82
2022.0,CTEC,Bachelor of Science in Industrial Technology,BTPS0723,1.97,0.74,143,7,4.9
2022.0,CTEC,Bachelor of Science in Industrial Technology,BTPS0823,2.21,0.63,142,10,7.04
2022.0,CTEC,Bachelor of Science in Industrial Technology,BTWF0515,2.46,0.37,24,4,16.67
2022.0,CTEC,Bachelor of Science in Industrial Technology,BTWF0612,2.28,0.44,24,2,8.33
2022.0,CTEC,Bachelor of Science in Industrial Technology,BTWF0725,2.44,0.25,24,0,0.0
2022.0,CTEC,Bachelor of Science in Industrial Technology,BTWF0822,2.31,0.21,24,0,0.0
2022.0,CTEC,Bachelor of Science in Industrial Technology,BTWF0915,1.91,0.27,19,0,0.0
2022.0,CTEC,Bachelor of Science in Industrial Technology,BTWF1012,1.91,0.27,19,0,0.0
2022.0,CTEC,Bachelor of Science in Industrial Technology,BTWF1125,2.28,0.69,19,1,5.26
2022.0,CTEC,Bachelor of Science in Industrial Technology,BTWF1222,2.28,0.69,19,1,5.26
2022.0,CTEC,Bachelor of Science in Industrial Technology,CECP0412,2.65,1.38,5,1,20.0
2022.0,CTEC,Bachelor of Science in Industrial Technology,CEED0111,2.69,1.6,4,1,25.0
2022.0,CTEC,Bachelor of Science in Industrial Technology,CEHY0322,2.08,0.2,6,0,0.0
2022.0,CTEC,Bachelor of Science in Industrial Technology,CENC0223,1.5,0.0,2,0,0.0
2022.0,CTEC,Bachelor of Science in Industrial Technology,CEPC0501,1.81,0.31,4,0,0.0
2022.0,CTEC,Bachelor of Science in Industrial Technology,CEPC0502,1.62,0.25,4,0,0.0
2022.0,CTEC,Bachelor of Science in Industrial Technology,CEPC0506,2.38,0.53,2,0,0.0
2022.0,CTEC,Bachelor of Science in Industrial Technology,CEPC0507,2.38,0.18,2,0,0.0
2022.0,CTEC,Bachelor of Science in Industrial Technology,CESD0413,2.75,0.25,3,1,33.33
2022.0,CTEC,Bachelor of Science in Industrial Technology,CESM0414,1.67,0.26,6,0,0.0
2022.0,CTEC,Bachelor of Science in Industrial Technology,CETE0413,1.75,0.32,6,0,0.0
2022.0,CTEC,Bachelor of Science in Industrial Technology,CSCI1013,2.5,,1,0,0.0
2022.0,CTEC,Bachelor of Science in Industrial Technology,CSSD0313,2.0,,1,0,0.0
2022.0,CTEC,Bachelor of Science in Industrial Technology,DRAW0221,2.43,0.71,19,1,5.26
2022.0,CTEC,Bachelor of Science in Industrial Technology,DRAW0311,2.25,0.67,203,14,6.9
2022.0,CTEC,Bachelor of Science in Industrial Technology,DRAW0421,2.54,0.8,205,57,27.8
2022.0,CTEC,Bachelor of Science in Industrial Technology,EAAC2403,1.5,,1,0,0.0
2022.0,CTEC,Bachelor of Science in Industrial Technology,ECCE0413,1.75,,1,0,0.0
2022.0,CTEC,Bachelor of Science in Industrial Technology,ECOM0413,1.62,0.18,2,0,0.0
2022.0,CTEC,Bachelor of Science in Industrial Technology,ECOM0613,1.38,0.18,2,0,0.0
2022.0,CTEC,Bachelor of Science in Industrial Technology,ECOM0713,1.62,0.18,2,0,0.0
2022.0,CTEC,Bachelor of Science in Industrial Technology,EEEL0413,3.0,,1,1,100.0
2022.0,CTEC,Bachelor of Science in Industrial Technology,EEEM0412,2.0,,1,0,0.0
2022.0,CTEC,Bachelor of Science in Industrial Technology,EEIC0413,1.25,,1,0,0.0
2022.0,CTEC,Bachelor of Science in Industrial Technology,EEMP0412,1.75,,1,0,0.0
2022.0,CTEC,Bachelor of Science in Industrial Technology,EERM0411,2.75,,1,0,0.0
2022.0,CTEC,Bachelor of Science in Industrial Technology,EESD0415,3.0,,1,1,100.0
2022.0,CTEC,Bachelor of Science in Industrial Technology,EESP0411,2.5,,1,0,0.0
2022.0,CTEC,Bachelor of Science in Industrial Technology,EGEC0103,2.13,0.82,295,37,12.54
2022.0,CTEC,Bachelor of Science in Industrial Technology,EGEC0203,2.05,0.9,292,21,7.19
2022.0,CTEC,Bachelor of Science in Industrial Technology,EGEC0303,1.57,0.36,286,2,0.7
2022.0,CTEC,Bachelor of Science in Industrial Technology,ELEC0113,1.83,0.58,3,0,0.0
2022.0,CTEC,Bachelor of Science in Industrial Technology,ELEC0213,1.33,0.38,3,0,0.0
2022.0,CTEC,Bachelor of Science in Industrial Technology,EMAT0103,3.0,,1,1,100.0
2022.0,CTEC,Bachelor of Science in Industrial Technology,EMCC1013,3.25,2.47,2,1,50.0
2022.0,CTEC,Bachelor of Science in Industrial Technology,EMCC1213,1.75,,1,0,0.0
2022.0,CTEC,Bachelor of Science in Industrial Technology,EMCC1413,2.0,,1,0,0.0
2022.0,CTEC,Bachelor of Science in Industrial Technology,EMDA0113,1.5,,1,0,0.0
2022.0,CTEC,Bachelor of Science in Industrial Technology,EMDA0213,2.5,0.71,2,1,50.0
2022.0,CTEC,Bachelor of Science in Industrial Technology,EMDA0313,1.75,,1,0,0.0
2022.0,CTEC,Bachelor of Science in Industrial Technology,EMDA0413,1.75,,1,0,0.0
2022.0,CTEC,Bachelor of Science in Industrial Technology,EMGT0312,1.25,,1,0,0.0
2022.0,CTEC,Bachelor of Science in Industrial Technology,ENPS0104,1.5,,1,0,0.0
2022.0,CTEC,Bachelor of Science in Industrial Technology,ESEN0113,2.33,0.63,3,1,33.33
2022.0,CTEC,Bachelor of Science in Industrial Technology,FCHM0713,2.0,,1,0,0.0
2022.0,CTEC,Bachelor of Science in Industrial Technology,FOLA0113,2.13,0.87,206,23,11.17
2022.0,CTEC,Bachelor of Science in Industrial Technology,FOLA0223,2.79,0.88,200,78,39.0
2022.0,CTEC,Bachelor of Science in Industrial Technology,FPHY0813,2.6,1.26,206,44,21.36
2022.0,CTEC,Bachelor of Science in Industrial Technology,GESM0313,5.0,,1,1,100.0
2022.0,CTEC,Bachelor of Science in Industrial Technology,GETE0413,1.75,0.0,2,0,0.0
2022.0,CTEC,Bachelor of Science in Industrial Technology,HCEC0113,1.75,0.25,3,0,0.0
2022.0,CTEC,Bachelor of Science in Industrial Technology,HMPC0813,1.33,0.14,3,0,0.0
2022.0,CTEC,Bachelor of Science in Industrial Technology,HMPE0513,1.67,0.14,3,0,0.0
2022.0,CTEC,Bachelor of Science in Industrial Technology,HRCH0212,5.0,,1,1,100.0
2022.0,CTEC,Bachelor of Science in Industrial Technology,ICTC0613,5.0,,1,1,100.0
2022.0,CTEC,Bachelor of Science in Industrial Technology,ICTC1113,1.75,,1,0,0.0
2022.0,CTEC,Bachelor of Science in Industrial Technology,ICTC1513,2.0,,1,0,0.0
2022.0,CTEC,Bachelor of Science in Industrial Technology,ICTC1613,1.25,,1,0,0.0
2022.0,CTEC,Bachelor of Science in Industrial Technology,ICTC1711,1.08,0.14,3,0,0.0
2022.0,CTEC,Bachelor of Science in Industrial Technology,ICTE0813,1.88,0.18,2,0,0.0
2022.0,CTEC,Bachelor of Science in Industrial Technology,ICTE0923,2.0,0.0,2,0,0.0
2022.0,CTEC,Bachelor of Science in Industrial Technology,ITNW1313,2.0,0.0,2,0,0.0
2022.0,CTEC,Bachelor of Science in Industrial Technology,ITNW1413,2.0,0.0,2,0,0.0
2022.0,CTEC,Bachelor of Science in Industrial Technology,ITNW1613,1.5,,1,0,0.0
2022.0,CTEC,Bachelor of Science in Industrial Technology,MATH0913,2.04,0.63,219,8,3.65
2022.0,CTEC,Bachelor of Science in Industrial Technology,MEAC0413,2.0,,1,0,0.0
2022.0,CTEC,Bachelor of Science in Industrial Technology,MELB0412,2.0,,1,0,0.0
2022.0,CTEC,Bachelor of Science in Industrial Technology,MELE0412,1.25,,1,0,0.0
2022.0,CTEC,Bachelor of Science in Industrial Technology,MEMD0413,2.5,,1,0,0.0
2022.0,CTEC,Bachelor of Science in Industrial Technology,MEPD0414,1.5,,1,0,0.0
2022.0,CTEC,Bachelor of Science in Industrial Technology,MEPS0411,1.5,,1,0,0.0
2022.0,CTEC,Bachelor of Science in Industrial Technology,NGEC0103,2.94,1.14,282,78,27.66
2022.0,CTEC,Bachelor of Science in Industrial Technology,NGEC0113,2.5,0.0,2,0,0.0
2022.0,CTEC,Bachelor of Science in Industrial Technology,NGEC0203,2.0,,1,0,0.0
2022.0,CTEC,Bachelor of Science in Industrial Technology,NGEC0303,2.62,1.86,6,2,33.33
2022.0,CTEC,Bachelor of Science in Industrial Technology,NGEC0403,2.31,0.69,286,18,6.29
2022.0,CTEC,Bachelor of Science in Industrial Technology,NGEC0513,2.7,1.0,220,63,28.64
2022.0,CTEC,Bachelor of Science in Industrial Technology,NGEC0603,2.06,1.07,262,34,12.98
2022.0,CTEC,Bachelor of Science in Industrial Technology,NGEC0723,2.0,0.61,211,6,2.84
2022.0,CTEC,Bachelor of Science in Industrial Technology,NGEC0823,2.34,0.88,222,23,10.36
2022.0,CTEC,Bachelor of Science in Industrial Technology,NGEC0913,2.41,0.78,211,31,14.69
2022.0,CTEC,Bachelor of Science in Industrial Technology,NGEC1023,1.87,1.11,148,14,9.46
2022.0,CTEC,Bachelor of Science in Industrial Technology,NGEC1223,2.4,0.89,203,25,12.32
2022.0,CTEC,Bachelor of Science in Industrial Technology,NRCM0118.,2.75,,1,0,0.0
2022.0,CTEC,Bachelor of Science in Industrial Technology,NRCM0119.,2.25,,1,0,0.0
2022.0,CTEC,Bachelor of Science in Industrial Technology,NSTP0113,2.25,0.98,292,32,10.96
2022.0,CTEC,Bachelor of Science in Industrial Technology,NSTP0223,2.26,0.87,287,27,9.41
2022.0,CTEC,Bachelor of Science in Industrial Technology,PEDU0112,1.91,1.07,311,32,10.29
2022.0,CTEC,Bachelor of Science in Industrial Technology,PEDU0222,1.9,1.0,267,26,9.74
2022.0,CTEC,Bachelor of Science in Industrial Technology,PHED0112,3.83,2.02,3,2,66.67
2022.0,CTEC,Bachelor of Science in Industrial Technology,PHED0222,1.51,1.05,200,16,8.0
2022.0,CTEC,Bachelor of Science in Industrial Technology,PHED0312,2.42,1.28,6,1,16.67
2022.0,CTEC,Bachelor of Science in Industrial Technology,PHED0422,1.83,0.8,211,11,5.21
2022.0,CTEC,Bachelor of Science in Industrial Technology,PLAN0413,2.0,,1,0,0.0
2022.0,CTEC,Bachelor of Science in Industrial Technology,PRCT0413,2.67,0.38,3,1,33.33
2022.0,CTEC,Bachelor of Science in Industrial Technology,PSSC0513,1.94,0.68,144,6,4.17
2022.0,CTEC,Bachelor of Science in Industrial Technology,PSSC0613,2.48,0.84,155,22,14.19
2022.0,CTEC,Bachelor of Science in Industrial Technology,PSSC0923,2.03,0.66,140,7,5.0
2022.0,CTEC,Bachelor of Science in Industrial Technology,PSYC1113,2.46,0.71,209,33,15.79
2022.0,CTEC,Bachelor of Science in Industrial Technology,TADT0203,2.37,1.31,27,5,18.52
2022.0,CTEC,Bachelor of Science in Industrial Technology,TADT0303,1.71,0.18,23,0,0.0
2022.0,CTEC,Bachelor of Science in Industrial Technology,TADT0403,1.75,0.2,23,0,0.0
2022.0,CTEC,Bachelor of Science in Industrial Technology,TADTC0112,2.45,1.26,27,5,18.52
2022.0,CTEC,Bachelor of Science in Industrial Technology,TAFT0103,1.89,0.21,11,0,0.0
2022.0,CTEC,Bachelor of Science in Industrial Technology,TAFT0203,1.77,0.18,11,0,0.0
2022.0,CTEC,Bachelor of Science in Industrial Technology,TAFT0303,1.61,0.38,11,0,0.0
2022.0,CTEC,Bachelor of Science in Industrial Technology,TAFT0403,1.75,0.34,11,0,0.0
2022.0,CTEC,Bachelor of Science in Industrial Technology,TATM0103,2.68,0.74,50,7,14.0
2022.0,CTEC,Bachelor of Science in Industrial Technology,TATM0703,2.49,0.44,45,2,4.44
2022.0,CTEC,Bachelor of Science in Industrial Technology,TATM1503,2.58,0.76,50,6,12.0
2022.0,CTEC,Bachelor of Science in Industrial Technology,TATM1603,2.52,0.44,45,3,6.67
2022.0,CTEC,Bachelor of Science in Industrial Technology,TCUT0113,1.98,1.1,47,5,10.64
2022.0,CTEC,Bachelor of Science in Industrial Technology,TCUT0213,1.88,1.13,47,5,10.64
2022.0,CTEC,Bachelor of Science in Industrial Technology,TCUT0323,1.6,0.36,42,0,0.0
2022.0,CTEC,Bachelor of Science in Industrial Technology,TCUT0423,1.59,0.34,42,0,0.0
2022.0,CTEC,Bachelor of Science in Industrial Technology,TEAC0112,2.77,0.99,311,106,34.08
2022.0,CTEC,Bachelor of Science in Industrial Technology,TEFC0113,2.33,0.68,306,23,7.52
2022.0,CTEC,Bachelor of Science in Industrial Technology,TEFC0223,2.25,0.91,284,25,8.8
2022.0,CTEC,Bachelor of Science in Industrial Technology,TEFC0523,2.61,0.89,287,58,20.21
2022.0,CTEC,Bachelor of Science in Industrial Technology,TELC0103,2.52,0.44,50,15,30.0
2022.0,CTEC,Bachelor of Science in Industrial Technology,TELC0203,2.52,0.44,50,15,30.0
2022.0,CTEC,Bachelor of Science in Industrial Technology,TELC0303,3.44,1.39,40,19,47.5
2022.0,CTEC,Bachelor of Science in Industrial Technology,TELC0403,3.68,1.43,40,22,55.0
2022.0,CTEC,Bachelor of Science in Industrial Technology,TELX0103,2.53,0.72,31,3,9.68
2022.0,CTEC,Bachelor of Science in Industrial Technology,TELX0203,2.46,0.77,31,3,9.68
2022.0,CTEC,Bachelor of Science in Industrial Technology,TELX0303,2.86,1.01,29,5,17.24
2022.0,CTEC,Bachelor of Science in Industrial Technology,TELX0403,2.86,1.01,29,5,17.24
2022.0,CTEC,Bachelor of Science in Industrial Technology,TEPC0103,2.44,1.09,309,46,14.89
2022.0,CTEC,Bachelor of Science in Industrial Technology,TEPC0202,2.59,0.68,273,100,36.63
2022.0,CTEC,Bachelor of Science in Industrial Technology,THVA0103,2.24,0.58,28,1,3.57
2022.0,CTEC,Bachelor of Science in Industrial Technology,THVA0203,2.06,0.19,27,0,0.0
2022.0,CTEC,Bachelor of Science in Industrial Technology,THVA0303,1.9,0.17,28,0,0.0
2022.0,CTEC,Bachelor of Science in Industrial Technology,THVA0403,1.99,0.2,27,0,0.0
2022.0,CTEC,Bachelor of Science in Industrial Technology,TMEC0103,2.43,0.82,36,3,8.33
2022.0,CTEC,Bachelor of Science in Industrial Technology,TMEC0203,2.37,0.85,36,3,8.33
2022.0,CTEC,Bachelor of Science in Industrial Technology,TMEC0213,1.25,0.0,2,0,0.0
2022.0,CTEC,Bachelor of Science in Industrial Technology,TMEC0303,2.42,0.32,33,4,12.12
2022.0,CTEC,Bachelor of Science in Industrial Technology,TMEC0313,1.5,0.0,2,0,0.0
2022.0,CTEC,Bachelor of Science in Industrial Technology,TMEC0403,2.49,0.33,33,4,12.12
2022.0,CTEC,Bachelor of Science in Industrial Technology,TMEC0413,1.62,0.18,2,0,0.0
2022.0,CTEC,Bachelor of Science in Industrial Technology,TMPC1013,1.5,0.0,2,0,0.0
2022.0,CTEC,Bachelor of Science in Industrial Technology,TMPE0513,1.25,0.0,2,0,0.0
2022.0,CTEC,Bachelor of Science in Industrial Technology,TWAF0103,2.67,0.75,27,7,25.93
2022.0,CTEC,Bachelor of Science in Industrial Technology,TWAF0203,2.56,0.78,27,3,11.11
2022.0,CTEC,Bachelor of Science in Industrial Technology,TWAF0303,3.11,1.38,23,11,47.83
2022.0,CTEC,Bachelor of Science in Industrial Technology,TWAF0403,2.62,1.11,22,7,31.82
2022.0,CTEC,Bachelor of Science in Industrial Technology,UTIL0313,5.0,,1,1,100.0
2022.0,CTEC,Bachelor of Science in Industrial Technology,UTIL0414,2.42,0.52,3,1,33.33
2022.0,CTEC,Bachelor of Science in Industrial Technology,VTCH0212,5.0,,1,1,100.0
2022.0,CTEC,Bachelor of Technical-Vocational Teacher Education,BMEC0123,1.75,,1,0,0.0
2022.0,CTEC,Bachelor of Technical-Vocational Teacher Education,BTIP0112,2.25,,1,0,0.0
2022.0,CTEC,Bachelor of Technical-Vocational Teacher Education,CENC0223,1.49,0.04,69,0,0.0
2022.0,CTEC,Bachelor of Technical-Vocational Teacher Education,CSCI0413,1.5,,1,0,0.0
2022.0,CTEC,Bachelor of Technical-Vocational Teacher Education,CSCI0513,1.25,,1,0,0.0
2022.0,CTEC,Bachelor of Technical-Vocational Teacher Education,CSCI0613,1.75,,1,0,0.0
2022.0,CTEC,Bachelor of Technical-Vocational Teacher Education,CSND0113,1.5,,1,0,0.0
2022.0,CTEC,Bachelor of Technical-Vocational Teacher Education,DRAW0311,2.02,0.69,140,5,3.57
2022.0,CTEC,Bachelor of Technical-Vocational Teacher Education,DRAW0421,2.25,0.62,133,16,12.03
2022.0,CTEC,Bachelor of Technical-Vocational Teacher Education,EANI0113,2.25,1.17,15,2,13.33
2022.0,CTEC,Bachelor of Technical-Vocational Teacher Education,EANI0323,2.85,1.3,12,3,25.0
2022.0,CTEC,Bachelor of Technical-Vocational Teacher Education,EANI0423,2.81,1.34,12,3,25.0
2022.0,CTEC,Bachelor of Technical-Vocational Teacher Education,ECCT0113,1.8,0.2,10,0,0.0
2022.0,CTEC,Bachelor of Technical-Vocational Teacher Education,ECCT0323,1.52,0.22,10,0,0.0
2022.0,CTEC,Bachelor of Technical-Vocational Teacher Education,ECCT0423,1.68,0.26,10,0,0.0
2022.0,CTEC,Bachelor of Technical-Vocational Teacher Education,EDRT0113,1.69,0.25,13,0,0.0
2022.0,CTEC,Bachelor of Technical-Vocational Teacher Education,EDRT0323,1.73,0.19,13,0,0.0
2022.0,CTEC,Bachelor of Technical-Vocational Teacher Education,EDRT0423,1.73,0.19,13,0,0.0
2022.0,CTEC,Bachelor of Technical-Vocational Teacher Education,EFSM0113,1.89,0.77,22,2,9.09
2022.0,CTEC,Bachelor of Technical-Vocational Teacher Education,EFSM0323,1.79,1.1,21,2,9.52
2022.0,CTEC,Bachelor of Technical-Vocational Teacher Education,EFSM0423,1.74,1.12,21,2,9.52
2022.0,CTEC,Bachelor of Technical-Vocational Teacher Education,EGEC0103,1.87,0.51,138,2,1.45
2022.0,CTEC,Bachelor of Technical-Vocational Teacher Education,EGEC0203,1.32,0.12,138,0,0.0
2022.0,CTEC,Bachelor of Technical-Vocational Teacher Education,EGEC0303,2.33,1.24,151,26,17.22
2022.0,CTEC,Bachelor of Technical-Vocational Teacher Education,EGFD0113,1.87,0.18,17,0,0.0
2022.0,CTEC,Bachelor of Technical-Vocational Teacher Education,EGFD0323,3.24,1.72,17,8,47.06
2022.0,CTEC,Bachelor of Technical-Vocational Teacher Education,EGFD0423,3.38,1.77,17,9,52.94
2022.0,CTEC,Bachelor of Technical-Vocational Teacher Education,EHRS0113,1.97,1.09,19,2,10.53
2022.0,CTEC,Bachelor of Technical-Vocational Teacher Education,EHRS0323,1.27,0.11,16,0,0.0
2022.0,CTEC,Bachelor of Technical-Vocational Teacher Education,EHRS0423,2.28,0.84,17,2,11.76
2022.0,CTEC,Bachelor of Technical-Vocational Teacher Education,FOLA0113,1.89,0.74,135,7,5.19
2022.0,CTEC,Bachelor of Technical-Vocational Teacher Education,FOLA0223,1.84,0.39,128,3,2.34
2022.0,CTEC,Bachelor of Technical-Vocational Teacher Education,HTMC0213,2.25,,1,0,0.0
2022.0,CTEC,Bachelor of Technical-Vocational Teacher Education,ICTC1113,2.0,,1,0,0.0
2022.0,CTEC,Bachelor of Technical-Vocational Teacher Education,ICTC1213,1.75,,1,0,0.0
2022.0,CTEC,Bachelor of Technical-Vocational Teacher Education,ICTE0923,1.75,,1,0,0.0
2022.0,CTEC,Bachelor of Technical-Vocational Teacher Education,MATH1913,1.75,,1,0,0.0
2022.0,CTEC,Bachelor of Technical-Vocational Teacher Education,NGEC0103,2.81,1.14,157,35,22.29
2022.0,CTEC,Bachelor of Technical-Vocational Teacher Education,NGEC0203,1.69,1.18,131,14,10.69
2022.0,CTEC,Bachelor of Technical-Vocational Teacher Education,NGEC0303,1.55,0.96,137,8,5.84
2022.0,CTEC,Bachelor of Technical-Vocational Teacher Education,NGEC0403,2.49,0.86,137,19,13.87
2022.0,CTEC,Bachelor of Technical-Vocational Teacher Education,NGEC0513,2.14,0.71,135,9,6.67
2022.0,CTEC,Bachelor of Technical-Vocational Teacher Education,NGEC0723,2.04,0.78,137,15,10.95
2022.0,CTEC,Bachelor of Technical-Vocational Teacher Education,NGEC0823,2.06,0.88,134,14,10.45
2022.0,CTEC,Bachelor of Technical-Vocational Teacher Education,NGEC0913,1.09,0.42,132,2,1.52
2022.0,CTEC,Bachelor of Technical-Vocational Teacher Education,NGEC1023,1.54,0.84,94,4,4.26
2022.0,CTEC,Bachelor of Technical-Vocational Teacher Education,NGEC1223,2.09,0.55,137,6,4.38
2022.0,CTEC,Bachelor of Technical-Vocational Teacher Education,NSTP0113,1.94,0.76,151,8,5.3
2022.0,CTEC,Bachelor of Technical-Vocational Teacher Education,NSTP0223,1.79,0.88,138,8,5.8
2022.0,CTEC,Bachelor of Technical-Vocational Teacher Education,PEDU0112,1.99,1.48,160,30,18.75
2022.0,CTEC,Bachelor of Technical-Vocational Teacher Education,PEDU0222,1.73,0.97,123,9,7.32
2022.0,CTEC,Bachelor of Technical-Vocational Teacher Education,PHED0222,1.38,0.35,129,1,0.78
2022.0,CTEC,Bachelor of Technical-Vocational Teacher Education,PHED0422,1.5,0.65,133,3,2.26
2022.0,CTEC,Bachelor of Technical-Vocational Teacher Education,PRED0113,1.87,0.73,151,7,4.64
2022.0,CTEC,Bachelor of Technical-Vocational Teacher Education,PRED0213,2.65,0.62,155,30,19.35
2022.0,CTEC,Bachelor of Technical-Vocational Teacher Education,PRED0423,2.55,1.38,141,33,23.4
2022.0,CTEC,Bachelor of Technical-Vocational Teacher Education,PRED0623,1.94,0.55,139,3,2.16
2022.0,CTEC,Bachelor of Technical-Vocational Teacher Education,PRED0713,2.02,0.35,136,3,2.21
2022.0,CTEC,Bachelor of Technical-Vocational Teacher Education,PRED0813,2.1,0.77,134,7,5.22
2022.0,CTEC,Bachelor of Technical-Vocational Teacher Education,PRED1013,1.96,0.56,134,5,3.73
2022.0,CTEC,Bachelor of Technical-Vocational Teacher Education,PRED1223,1.48,0.59,132,3,2.27
2022.0,CTEC,Bachelor of Technical-Vocational Teacher Education,PRED1513,2.18,0.58,94,3,3.19
2022.0,CTEC,Bachelor of Technical-Vocational Teacher Education,PRED1613,1.8,0.6,94,2,2.13
2022.0,CTEC,Bachelor of Technical-Vocational Teacher Education,PRED1713,1.52,0.44,93,1,1.08
2022.0,CTEC,Bachelor of Technical-Vocational Teacher Education,PRED1823,2.19,0.53,93,2,2.15
2022.0,CTEC,Bachelor of Technical-Vocational Teacher Education,PRED2023,1.91,0.63,94,3,3.19
2022.0,CTEC,Bachelor of Technical-Vocational Teacher Education,PRED2123,1.76,0.64,93,3,3.23
2022.0,CTEC,Bachelor of Technical-Vocational Teacher Education,PRED2213,1.3,0.47,72,1,1.39
2022.0,CTEC,Bachelor of Technical-Vocational Teacher Education,PRED2313,1.44,0.49,72,1,1.39
2022.0,CTEC,Bachelor of Technical-Vocational Teacher Education,PRED2426,1.3,0.48,69,1,1.45
2022.0,CTEC,Bachelor of Technical-Vocational Teacher Education,TATM0103,1.95,0.17,14,0,0.0
2022.0,CTEC,Bachelor of Technical-Vocational Teacher Education,TATM0203,1.87,0.23,15,0,0.0
2022.0,CTEC,Bachelor of Technical-Vocational Teacher Education,TATM0303,1.87,0.23,15,0,0.0
2022.0,CTEC,Bachelor of Technical-Vocational Teacher Education,TEAN0513,1.62,0.21,6,0,0.0
2022.0,CTEC,Bachelor of Technical-Vocational Teacher Education,TEAN0613,1.92,0.13,6,0,0.0
2022.0,CTEC,Bachelor of Technical-Vocational Teacher Education,TEAN0723,3.0,1.56,6,2,33.33
2022.0,CTEC,Bachelor of Technical-Vocational Teacher Education,TEAN0823,2.35,1.49,5,1,20.0
2022.0,CTEC,Bachelor of Technical-Vocational Teacher Education,TEAN0913,1.45,0.1,11,0,0.0
2022.0,CTEC,Bachelor of Technical-Vocational Teacher Education,TEAN1013,1.5,0.11,11,0,0.0
2022.0,CTEC,Bachelor of Technical-Vocational Teacher Education,TEAN1123,1.84,1.07,11,1,9.09
2022.0,CTEC,Bachelor of Technical-Vocational Teacher Education,TEAN1223,1.5,1.17,11,1,9.09
2022.0,CTEC,Bachelor of Technical-Vocational Teacher Education,TEAU0513,1.98,0.13,12,0,0.0
2022.0,CTEC,Bachelor of Technical-Vocational Teacher Education,TEAU0613,1.98,0.13,12,0,0.0
2022.0,CTEC,Bachelor of Technical-Vocational Teacher Education,TEAU0723,1.65,0.13,12,0,0.0
2022.0,CTEC,Bachelor of Technical-Vocational Teacher Education,TEAU0823,1.65,0.13,12,0,0.0
2022.0,CTEC,Bachelor of Technical-Vocational Teacher Education,TEAU0913,1.83,0.2,6,0,0.0
2022.0,CTEC,Bachelor of Technical-Vocational Teacher Education,TEAU1013,2.08,0.2,6,0,0.0
2022.0,CTEC,Bachelor of Technical-Vocational Teacher Education,TEAU1123,1.86,0.24,7,0,0.0
2022.0,CTEC,Bachelor of Technical-Vocational Teacher Education,TEAU1223,1.79,0.22,7,0,0.0
2022.0,CTEC,Bachelor of Technical-Vocational Teacher Education,TECC0223,1.14,0.13,11,0,0.0
2022.0,CTEC,Bachelor of Technical-Vocational Teacher Education,TECC0513,2.3,1.54,5,1,20.0
2022.0,CTEC,Bachelor of Technical-Vocational Teacher Education,TECC0613,2.4,1.46,5,1,20.0
2022.0,CTEC,Bachelor of Technical-Vocational Teacher Education,TECC0723,1.44,0.24,4,0,0.0
2022.0,CTEC,Bachelor of Technical-Vocational Teacher Education,TECC0823,1.5,0.29,4,0,0.0
2022.0,CTEC,Bachelor of Technical-Vocational Teacher Education,TECC0913,1.54,0.17,7,0,0.0
2022.0,CTEC,Bachelor of Technical-Vocational Teacher Education,TECC1013,1.43,0.12,7,0,0.0
2022.0,CTEC,Bachelor of Technical-Vocational Teacher Education,TECC1123,1.36,0.13,7,0,0.0
2022.0,CTEC,Bachelor of Technical-Vocational Teacher Education,TECC1223,1.43,0.19,7,0,0.0
2022.0,CTEC,Bachelor of Technical-Vocational Teacher Education,TEDR0223,1.19,0.11,21,0,0.0
2022.0,CTEC,Bachelor of Technical-Vocational Teacher Education,TEDR0513,1.5,0.27,8,0,0.0
2022.0,CTEC,Bachelor of Technical-Vocational Teacher Education,TEDR0613,1.34,0.19,8,0,0.0
2022.0,CTEC,Bachelor of Technical-Vocational Teacher Education,TEDR0723,1.59,0.38,8,0,0.0
2022.0,CTEC,Bachelor of Technical-Vocational Teacher Education,TEDR0823,1.5,0.33,8,0,0.0
2022.0,CTEC,Bachelor of Technical-Vocational Teacher Education,TEDR0913,1.8,0.26,10,0,0.0
2022.0,CTEC,Bachelor of Technical-Vocational Teacher Education,TEDR1013,1.8,0.26,10,0,0.0
2022.0,CTEC,Bachelor of Technical-Vocational Teacher Education,TEDR1123,1.5,0.31,9,0,0.0
2022.0,CTEC,Bachelor of Technical-Vocational Teacher Education,TEDR1223,1.5,0.31,9,0,0.0
2022.0,CTEC,Bachelor of Technical-Vocational Teacher Education,TEEC0513,1.65,0.23,12,0,0.0
2022.0,CTEC,Bachelor of Technical-Vocational Teacher Education,TEEC0613,1.65,0.23,12,0,0.0
2022.0,CTEC,Bachelor of Technical-Vocational Teacher Education,TEEC0723,1.9,0.25,12,0,0.0
2022.0,CTEC,Bachelor of Technical-Vocational Teacher Education,TEEC0823,1.9,0.25,12,0,0.0
2022.0,CTEC,Bachelor of Technical-Vocational Teacher Education,TEEC0913,1.58,0.13,6,0,0.0
2022.0,CTEC,Bachelor of Technical-Vocational Teacher Education,TEEC1013,1.58,0.13,6,0,0.0
2022.0,CTEC,Bachelor of Technical-Vocational Teacher Education,TEEC1123,1.96,0.25,6,0,0.0
2022.0,CTEC,Bachelor of Technical-Vocational Teacher Education,TEEC1223,1.96,0.25,6,0,0.0
2022.0,CTEC,Bachelor of Technical-Vocational Teacher Education,TEEX0223,1.25,0.0,9,0,0.0
2022.0,CTEC,Bachelor of Technical-Vocational Teacher Education,TEEX0513,2.21,0.29,6,0,0.0
2022.0,CTEC,Bachelor of Technical-Vocational Teacher Education,TEEX0613,2.17,0.34,6,0,0.0
2022.0,CTEC,Bachelor of Technical-Vocational Teacher Education,TEEX0723,2.12,0.14,6,0,0.0
2022.0,CTEC,Bachelor of Technical-Vocational Teacher Education,TEEX0823,2.12,0.14,6,0,0.0
2022.0,CTEC,Bachelor of Technical-Vocational Teacher Education,TEFM0223,1.28,0.18,30,0,0.0
2022.0,CTEC,Bachelor of Technical-Vocational Teacher Education,TEFM0513,1.51,0.09,26,0,0.0
2022.0,CTEC,Bachelor of Technical-Vocational Teacher Education,TEFM0613,1.92,0.17,26,0,0.0
2022.0,CTEC,Bachelor of Technical-Vocational Teacher Education,TEFM0723,1.32,0.17,26,0,0.0
2022.0,CTEC,Bachelor of Technical-Vocational Teacher Education,TEFM0823,1.24,0.19,26,0,0.0
2022.0,CTEC,Bachelor of Technical-Vocational Teacher Education,TEFM0913,1.79,0.14,12,0,0.0
2022.0,CTEC,Bachelor of Technical-Vocational Teacher Education,TEFM1013,1.79,0.14,12,0,0.0
2022.0,CTEC,Bachelor of Technical-Vocational Teacher Education,TEFM1123,1.67,0.16,12,0,0.0
2022.0,CTEC,Bachelor of Technical-Vocational Teacher Education,TEFM1223,1.46,0.18,12,0,0.0
2022.0,CTEC,Bachelor of Technical-Vocational Teacher Education,TEGF0223,1.22,0.19,26,0,0.0
2022.0,CTEC,Bachelor of Technical-Vocational Teacher Education,TEGF0513,1.43,0.21,14,0,0.0
2022.0,CTEC,Bachelor of Technical-Vocational Teacher Education,TEGF0613,1.52,0.18,14,0,0.0
2022.0,CTEC,Bachelor of Technical-Vocational Teacher Education,TEGF0723,1.61,0.35,14,0,0.0
2022.0,CTEC,Bachelor of Technical-Vocational Teacher Education,TEGF0823,1.5,0.48,14,0,0.0
2022.0,CTEC,Bachelor of Technical-Vocational Teacher Education,TEGF0913,2.36,1.52,9,2,22.22
2022.0,CTEC,Bachelor of Technical-Vocational Teacher Education,TEGF1013,2.31,1.55,9,2,22.22
2022.0,CTEC,Bachelor of Technical-Vocational Teacher Education,TEGF1123,1.46,0.17,7,0,0.0
2022.0,CTEC,Bachelor of Technical-Vocational Teacher Education,TEGF1223,1.39,0.13,7,0,0.0
2022.0,CTEC,Bachelor of Technical-Vocational Teacher Education,TEHR0223,1.32,0.15,31,0,0.0
2022.0,CTEC,Bachelor of Technical-Vocational Teacher Education,TEHR0513,1.12,0.13,18,0,0.0
2022.0,CTEC,Bachelor of Technical-Vocational Teacher Education,TEHR0613,1.92,0.87,18,1,5.56
2022.0,CTEC,Bachelor of Technical-Vocational Teacher Education,TEHR0723,1.34,0.2,17,0,0.0
2022.0,CTEC,Bachelor of Technical-Vocational Teacher Education,TEHR0823,1.93,0.23,17,0,0.0
2022.0,CTEC,Bachelor of Technical-Vocational Teacher Education,TEHR0913,1.54,0.31,21,0,0.0
2022.0,CTEC,Bachelor of Technical-Vocational Teacher Education,TEHR1013,1.6,0.28,21,0,0.0
2022.0,CTEC,Bachelor of Technical-Vocational Teacher Education,TEHR1123,2.13,0.25,21,0,0.0
2022.0,CTEC,Bachelor of Technical-Vocational Teacher Education,TEHR1223,1.96,0.3,21,0,0.0
2022.0,CTEC,Bachelor of Technical-Vocational Teacher Education,TEHV0513,1.58,0.29,3,0,0.0
2022.0,CTEC,Bachelor of Technical-Vocational Teacher Education,TEHV0613,1.75,0.43,3,0,0.0
2022.0,CTEC,Bachelor of Technical-Vocational Teacher Education,TEHV0723,1.62,0.53,2,0,0.0
2022.0,CTEC,Bachelor of Technical-Vocational Teacher Education,TEHV0823,1.62,0.53,2,0,0.0
2022.0,CTEC,Bachelor of Technical-Vocational Teacher Education,TEIP0113,1.28,0.47,72,1,1.39
2022.0,CTEC,Bachelor of Technical-Vocational Teacher Education,TELC0103,2.07,0.2,11,0,0.0
2022.0,CTEC,Bachelor of Technical-Vocational Teacher Education,TELC0303,1.62,0.14,6,0,0.0
2022.0,CTEC,Bachelor of Technical-Vocational Teacher Education,TELC0503,1.62,0.14,6,0,0.0
2022.0,CTEC,Bachelor of Technical-Vocational Teacher Education,TELE0123,1.69,0.61,131,3,2.29
2022.0,CTEC,Bachelor of Technical-Vocational Teacher Education,TELE0223,1.31,0.15,130,0,0.0
2022.0,CTEC,Bachelor of Technical-Vocational Teacher Education,TELE0313,2.12,0.46,93,3,3.23
2022.0,CTEC,Bachelor of Technical-Vocational Teacher Education,TELE0413,2.02,0.23,91,0,0.0
2022.0,CTEC,Bachelor of Technical-Vocational Teacher Education,TELE0513,1.69,0.24,89,0,0.0
2022.0,CTEC,Bachelor of Technical-Vocational Teacher Education,TELE0613,1.53,0.73,89,3,3.37
2022.0,CTEC,Bachelor of Technical-Vocational Teacher Education,TELE0723,1.9,0.56,92,2,2.17
2022.0,CTEC,Bachelor of Technical-Vocational Teacher Education,TELE0823,1.85,0.31,95,0,0.0
2022.0,CTEC,Bachelor of Technical-Vocational Teacher Education,TELE0923,1.28,0.15,91,0,0.0
2022.0,CTEC,Bachelor of Technical-Vocational Teacher Education,TELX0103,2.95,1.07,11,3,27.27
2022.0,CTEC,Bachelor of Technical-Vocational Teacher Education,TELX0203,2.5,1.15,7,1,14.29
2022.0,CTEC,Bachelor of Technical-Vocational Teacher Education,TELX0303,2.29,1.21,7,1,14.29
2022.0,CTEC,Bachelor of Technical-Vocational Teacher Education,TEME0513,2.89,0.62,14,2,14.29
2022.0,CTEC,Bachelor of Technical-Vocational Teacher Education,TEME0613,2.89,0.62,14,2,14.29
2022.0,CTEC,Bachelor of Technical-Vocational Teacher Education,TEME0723,2.54,0.17,13,0,0.0
2022.0,CTEC,Bachelor of Technical-Vocational Teacher Education,TEME0823,2.54,0.17,13,0,0.0
2022.0,CTEC,Bachelor of Technical-Vocational Teacher Education,TEME0913,1.75,0.0,8,0,0.0
2022.0,CTEC,Bachelor of Technical-Vocational Teacher Education,TEME1013,1.75,0.0,8,0,0.0
2022.0,CTEC,Bachelor of Technical-Vocational Teacher Education,TEME1123,1.75,0.0,8,0,0.0
2022.0,CTEC,Bachelor of Technical-Vocational Teacher Education,TEME1223,1.75,0.0,8,0,0.0
2022.0,CTEC,Bachelor of Technical-Vocational Teacher Education,TEPC0103,1.99,0.7,157,7,4.46
2022.0,CTEC,Bachelor of Technical-Vocational Teacher Education,TEPC0112,2.58,1.03,158,29,18.35
2022.0,CTEC,Bachelor of Technical-Vocational Teacher Education,TEWF0513,3.33,1.27,9,3,33.33
2022.0,CTEC,Bachelor of Technical-Vocational Teacher Education,TEWF0613,2.89,1.24,9,3,33.33
2022.0,CTEC,Bachelor of Technical-Vocational Teacher Education,TEWF0723,2.54,1.21,6,1,16.67
2022.0,CTEC,Bachelor of Technical-Vocational Teacher Education,TEWF0823,2.29,1.33,6,1,16.67
2022.0,CTEC,Bachelor of Technical-Vocational Teacher Education,TEWF0913,1.5,0.0,5,0,0.0
2022.0,CTEC,Bachelor of Technical-Vocational Teacher Education,TEWF1013,1.5,0.0,5,0,0.0
2022.0,CTEC,Bachelor of Technical-Vocational Teacher Education,TEWF1123,2.0,0.25,5,0,0.0
2022.0,CTEC,Bachelor of Technical-Vocational Teacher Education,TEWF1223,2.0,0.25,5,0,0.0
2022.0,CTEC,Bachelor of Technical-Vocational Teacher Education,THBC0103,2.5,,1,0,0.0
2022.0,CTEC,Bachelor of Technical-Vocational Teacher Education,THBC0203,1.25,,1,0,0.0
2022.0,CTEC,Bachelor of Technical-Vocational Teacher Education,THMC0113,1.75,,1,0,0.0
2022.0,CTEC,Bachelor of Technical-Vocational Teacher Education,THMC0613,1.5,,1,0,0.0
2022.0,CTEC,Bachelor of Technical-Vocational Teacher Education,THMC0813,2.25,,1,0,0.0
2022.0,CTEC,Bachelor of Technical-Vocational Teacher Education,TMEC0103,2.08,0.19,12,0,0.0
2022.0,CTEC,Bachelor of Technical-Vocational Teacher Education,TMEC0303,2.1,0.2,12,0,0.0
2022.0,CTEC,Bachelor of Technical-Vocational Teacher Education,TMEC0503,2.1,0.2,12,0,0.0
2022.0,CTEC,Bachelor of Technical-Vocational Teacher Education,TMPC0813,1.75,,1,0,0.0
2022.0,CTEC,Bachelor of Technical-Vocational Teacher Education,TMPE0313,1.75,,1,0,0.0
2022.0,CTEC,Bachelor of Technical-Vocational Teacher Education,TWAF0103,2.23,0.3,13,0,0.0
2022.0,CTEC,Bachelor of Technical-Vocational Teacher Education,TWAF0303,3.54,1.34,12,7,58.33
2022.0,CTEC,Bachelor of Technical-Vocational Teacher Education,TWAF0403,3.0,1.26,12,4,33.33
2022.0,CTEC,Bachelor of Technical-Vocational Teacher Education,UIEC0101,1.94,1.12,156,18,11.54
2022.0,CTEC,Bachelor of Technical-Vocational Teacher Education,UIEC0201,1.96,1.42,159,34,21.38
2022.0,CTEC,Bachelor of Technical-Vocational Teacher Education,UIEC0301,2.1,1.29,159,27,16.98
2023.0,CAHS,Bachelor of Science in Midwifery,CPHC0113,1.82,0.44,194,3,1.55
2023.0,CAHS,Bachelor of Science in Midwifery,CPHC0222,1.82,0.25,162,0,0.0
2023.0,CAHS,Bachelor of Science in Midwifery,CPMP0104,1.82,0.36,33,1,3.03
2023.0,CAHS,Bachelor of Science in Midwifery,CPMP0105,1.64,0.15,33,0,0.0
2023.0,CAHS,Bachelor of Science in Midwifery,CPMP0106,1.65,0.16,34,0,0.0
2023.0,CAHS,Bachelor of Science in Midwifery,CPMP0108,1.71,0.44,33,1,3.03
2023.0,CAHS,Bachelor of Science in Midwifery,CPMP0110,1.64,0.27,33,0,0.0
2023.0,CAHS,Bachelor of Science in Midwifery,CPMP0113.,1.62,0.65,31,1,3.23
2023.0,CAHS,Bachelor of Science in Midwifery,CPMP0416,1.98,0.35,194,1,0.52
2023.0,CAHS,Bachelor of Science in Midwifery,CPMP0527,2.01,0.17,162,1,0.62
2023.0,CAHS,Bachelor of Science in Midwifery,EGEC0103,2.18,0.72,166,23,13.86
2023.0,CAHS,Bachelor of Science in Midwifery,EGEC0203,1.44,0.72,166,6,3.61
2023.0,CAHS,Bachelor of Science in Midwifery,EGEC0303,1.99,1.22,188,26,13.83
2023.0,CAHS,Bachelor of Science in Midwifery,FCHM0113,1.92,0.39,33,2,6.06
2023.0,CAHS,Bachelor of Science in Midwifery,FCMP0134,2.0,0.0,2,0,0.0
2023.0,CAHS,Bachelor of Science in Midwifery,FCMP0213,2.27,0.54,185,18,9.73
2023.0,CAHS,Bachelor of Science in Midwifery,FCMP0314,2.4,0.66,186,21,11.29
2023.0,CAHS,Bachelor of Science in Midwifery,FCMP0423,2.49,0.56,159,27,16.98
2023.0,CAHS,Bachelor of Science in Midwifery,FNAP0115,2.8,0.89,188,75,39.89
2023.0,CAHS,Bachelor of Science in Midwifery,FNMP0324,2.0,,1,0,0.0
2023.0,CAHS,Bachelor of Science in Midwifery,FOLA0103,2.0,,1,0,0.0
2023.0,CAHS,Bachelor of Science in Midwifery,FOLA0203,1.74,0.86,190,12,6.32
2023.0,CAHS,Bachelor of Science in Midwifery,FPHY0425,1.53,0.2,33,0,0.0
2023.0,CAHS,Bachelor of Science in Midwifery,MATH3623,1.59,0.26,33,0,0.0
2023.0,CAHS,Bachelor of Science in Midwifery,MFHC0111-L,2.48,0.91,187,39,20.86
2023.0,CAHS,Bachelor of Science in Midwifery,MFHC0111-P,2.8,0.96,188,72,38.3
2023.0,CAHS,Bachelor of Science in Midwifery,MIDP0100-L,2.78,0.83,168,64,38.1
2023.0,CAHS,Bachelor of Science in Midwifery,MIDP0100-S,2.05,0.49,168,4,2.38
2023.0,CAHS,Bachelor of Science in Midwifery,MIDP0104,2.12,0.37,33,1,3.03
2023.0,CAHS,Bachelor of Science in Midwifery,MIDP0105,1.67,0.13,33,0,0.0
2023.0,CAHS,Bachelor of Science in Midwifery,MIDP0106,1.54,0.23,34,0,0.0
2023.0,CAHS,Bachelor of Science in Midwifery,MIDP0107,2.17,0.37,33,1,3.03
2023.0,CAHS,Bachelor of Science in Midwifery,MIDP0108,2.0,0.29,33,0,0.0
2023.0,CAHS,Bachelor of Science in Midwifery,MIDP0109,1.74,0.23,33,0,0.0
2023.0,CAHS,Bachelor of Science in Midwifery,MIDP0110,1.92,0.19,33,0,0.0
2023.0,CAHS,Bachelor of Science in Midwifery,MIDP0111,1.79,0.29,34,0,0.0
2023.0,CAHS,Bachelor of Science in Midwifery,MIDP0112,1.77,0.63,31,1,3.23
2023.0,CAHS,Bachelor of Science in Midwifery,MIDP0113,1.62,0.68,31,1,3.23
2023.0,CAHS,Bachelor of Science in Midwifery,MIDW0323,2.71,0.39,7,4,57.14
2023.0,CAHS,Bachelor of Science in Midwifery,MIDW0413,2.92,0.99,198,78,39.39
2023.0,CAHS,Bachelor of Science in Midwifery,MIDW0523,2.28,0.5,162,16,9.88
2023.0,CAHS,Bachelor of Science in Midwifery,NGEC0103,2.77,1.6,187,63,33.69
2023.0,CAHS,Bachelor of Science in Midwifery,NGEC0203,1.55,1.21,164,17,10.37
2023.0,CAHS,Bachelor of Science in Midwifery,NGEC0303,2.68,1.21,189,54,28.57
2023.0,CAHS,Bachelor of Science in Midwifery,NGEC0403,2.2,0.89,166,15,9.04
2023.0,CAHS,Bachelor of Science in Midwifery,NGEC0503,1.68,0.61,339,10,2.95
2023.0,CAHS,Bachelor of Science in Midwifery,NGEC0603,1.89,0.85,189,10,5.29
2023.0,CAHS,Bachelor of Science in Midwifery,NGEC0703,1.78,1.33,356,50,14.04
2023.0,CAHS,Bachelor of Science in Midwifery,NGEC0803,1.51,0.32,185,1,0.54
2023.0,CAHS,Bachelor of Science in Midwifery,NGEC0903,2.05,1.17,188,24,12.77
2023.0,CAHS,Bachelor of Science in Midwifery,NGEC1023,2.58,1.59,24,7,29.17
2023.0,CAHS,Bachelor of Science in Midwifery,NSTP0001,1.89,0.18,143,0,0.0
2023.0,CAHS,Bachelor of Science in Midwifery,NSTP0002,1.89,0.65,122,6,4.92
2023.0,CAHS,Bachelor of Science in Midwifery,NSTP0113,2.02,0.9,41,3,7.32
2023.0,CAHS,Bachelor of Science in Midwifery,NSTP0223,2.18,1.06,44,11,25.0
2023.0,CAHS,Bachelor of Science in Midwifery,PCEC0103,2.5,0.38,162,17,10.49
2023.0,CAHS,Bachelor of Science in Midwifery,PCEC0203,2.5,0.41,162,27,16.67
2023.0,CAHS,Bachelor of Science in Midwifery,PEDU0112,1.79,1.1,185,18,9.73
2023.0,CAHS,Bachelor of Science in Midwifery,PEDU0222,1.76,1.22,169,20,11.83
2023.0,CAHS,Bachelor of Science in Midwifery,PEDU0312,1.64,0.42,182,2,1.1
2023.0,CAHS,Bachelor of Science in Midwifery,PEDU0422,1.49,0.38,166,1,0.6
2023.0,CAHS,Bachelor of Science in Midwifery,UIEC0101,2.01,1.16,17,2,11.76
2023.0,CAHS,Bachelor of Science in Midwifery,UIEC0201,1.64,1.49,7,1,14.29
2023.0,CAHS,Bachelor of Science in Midwifery,UIEC0301,1.25,0.69,347,10,2.88
2023.0,CAHS,Bachelor of Science in Nursing,EGEC0103,1.63,0.63,350,9,2.57
2023.0,CAHS,Bachelor of Science in Nursing,EGEC0203,1.21,0.33,351,2,0.57
2023.0,CAHS,Bachelor of Science in Nursing,EGEC0303,1.6,0.43,361,5,1.39
2023.0,CAHS,Bachelor of Science in Nursing,FNAP0115,2.19,0.53,350,12,3.43
2023.0,CAHS,Bachelor of Science in Nursing,FNBC0215,1.58,0.56,355,7,1.97
2023.0,CAHS,Bachelor of Science in Nursing,FNMP0324,2.09,0.47,351,5,1.42
2023.0,CAHS,Bachelor of Science in Nursing,FOLA0103,1.97,0.65,274,10,3.65
2023.0,CAHS,Bachelor of Science in Nursing,NCEC0123,2.24,0.73,131,7,5.34
2023.0,CAHS,Bachelor of Science in Nursing,NGEC0103,1.53,0.73,345,11,3.19
2023.0,CAHS,Bachelor of Science in Nursing,NGEC0203,1.12,0.4,344,3,0.87
2023.0,CAHS,Bachelor of Science in Nursing,NGEC0303,1.28,0.67,343,10,2.92
2023.0,CAHS,Bachelor of Science in Nursing,NGEC0403,1.67,0.52,253,5,1.98
2023.0,CAHS,Bachelor of Science in Nursing,NGEC0503,1.39,0.46,351,4,1.14
2023.0,CAHS,Bachelor of Science in Nursing,NGEC0603,1.42,0.46,270,3,1.11
2023.0,CAHS,Bachelor of Science in Nursing,NGEC0703,1.4,0.51,349,5,1.43
2023.0,CAHS,Bachelor of Science in Nursing,NGEC0803,1.18,0.39,257,2,0.78
2023.0,CAHS,Bachelor of Science in Nursing,NGEC0903,1.75,,1,0,0.0
2023.0,CAHS,Bachelor of Science in Nursing,NGEC1023,1.08,0.15,143,0,0.0
2023.0,CAHS,Bachelor of Science in Nursing,NRCM0100,1.77,0.48,360,4,1.11
2023.0,CAHS,Bachelor of Science in Nursing,NRCM0101,2.07,0.46,353,9,2.55
2023.0,CAHS,Bachelor of Science in Nursing,NRCM0101-R,2.02,0.53,353,7,1.98
2023.0,CAHS,Bachelor of Science in Nursing,NRCM0102,1.68,0.44,352,5,1.42
2023.0,CAHS,Bachelor of Science in Nursing,NRCM0103,1.76,0.36,352,2,0.57
2023.0,CAHS,Bachelor of Science in Nursing,NRCM0103-R,1.94,0.38,352,3,0.85
2023.0,CAHS,Bachelor of Science in Nursing,NRCM0104,2.03,0.36,263,6,2.28
2023.0,CAHS,Bachelor of Science in Nursing,NRCM0104-R,1.76,0.17,263,0,0.0
2023.0,CAHS,Bachelor of Science in Nursing,NRCM0105,1.84,0.33,265,1,0.38
2023.0,CAHS,Bachelor of Science in Nursing,NRCM0106,2.02,0.28,264,1,0.38
2023.0,CAHS,Bachelor of Science in Nursing,NRCM0107,2.46,0.59,263,64,24.33
2023.0,CAHS,Bachelor of Science in Nursing,NRCM0107-R,1.77,0.14,263,0,0.0
2023.0,CAHS,Bachelor of Science in Nursing,NRCM0108,1.96,0.34,260,1,0.38
2023.0,CAHS,Bachelor of Science in Nursing,NRCM0109,2.26,0.56,256,25,9.77
2023.0,CAHS,Bachelor of Science in Nursing,NRCM0109-R,1.61,0.27,256,1,0.39
2023.0,CAHS,Bachelor of Science in Nursing,NRCM0110,1.5,0.33,270,1,0.37
2023.0,CAHS,Bachelor of Science in Nursing,NRCM0111.,1.73,0.29,150,0,0.0
2023.0,CAHS,Bachelor of Science in Nursing,NRCM0112.,1.74,0.41,152,1,0.66
2023.0,CAHS,Bachelor of Science in Nursing,NRCM0113.,1.36,0.39,151,0,0.0
2023.0,CAHS,Bachelor of Science in Nursing,NRCM0114.,2.01,0.48,151,3,1.99
2023.0,CAHS,Bachelor of Science in Nursing,NRCM0115-R,1.55,0.22,152,0,0.0
2023.0,CAHS,Bachelor of Science in Nursing,NRCM0116.,2.03,0.56,153,5,3.27
2023.0,CAHS,Bachelor of Science in Nursing,NRCM0117.,1.92,0.34,153,0,0.0
2023.0,CAHS,Bachelor of Science in Nursing,NRCM0118.,1.7,0.21,129,0,0.0
2023.0,CAHS,Bachelor of Science in Nursing,NRCM0119.,2.08,0.31,129,1,0.78
2023.0,CAHS,Bachelor of Science in Nursing,NRCM0121.,1.33,0.32,129,0,0.0
2023.0,CAHS,Bachelor of Science in Nursing,NRCM0122-R,1.37,0.13,129,0,0.0
2023.0,CAHS,Bachelor of Science in Nursing,NSTP0001,1.46,0.36,280,1,0.36
2023.0,CAHS,Bachelor of Science in Nursing,NSTP0002,1.25,0.53,276,4,1.45
2023.0,CAHS,Bachelor of Science in Nursing,NSTP0113,1.66,0.38,65,1,1.54
2023.0,CAHS,Bachelor of Science in Nursing,NSTP0223,1.82,0.68,62,5,8.06
2023.0,CAHS,Bachelor of Science in Nursing,PEDU0112,1.26,0.43,356,4,1.12
2023.0,CAHS,Bachelor of Science in Nursing,PEDU0222,1.2,0.45,349,3,0.86
2023.0,CAHS,Bachelor of Science in Nursing,PEDU0312,1.3,0.29,262,0,0.0
2023.0,CAHS,Bachelor of Science in Nursing,PEDU0422,1.16,0.39,258,2,0.78
2023.0,CAHS,Bachelor of Science in Nursing,PHED0312,1.0,,1,0,0.0
2023.0,CAHS,Bachelor of Science in Nursing,UIEC0201,1.45,0.34,269,1,0.37
2023.0,CAHS,Bachelor of Science in Nursing,UIEC0301,1.1,0.21,356,0,0.0
2023.0,CAHS,Bachelor of Science in Public Health,EGEC0303,1.6,0.56,91,2,2.2
2023.0,CAHS,Bachelor of Science in Public Health,NGEC0103,1.58,0.67,95,3,3.16
2023.0,CAHS,Bachelor of Science in Public Health,NGEC0303,1.19,0.46,91,1,1.1
2023.0,CAHS,Bachelor of Science in Public Health,NGEC0403,1.82,0.49,94,2,2.13
2023.0,CAHS,Bachelor of Science in Public Health,NGEC0503,1.49,0.55,95,1,1.05
2023.0,CAHS,Bachelor of Science in Public Health,NGEC0703,1.9,0.69,95,4,4.21
2023.0,CAHS,Bachelor of Science in Public Health,NSTP0113,1.76,0.51,95,2,2.11
2023.0,CAHS,Bachelor of Science in Public Health,NSTP0223,1.72,0.84,91,6,6.59
2023.0,CAHS,Bachelor of Science in Public Health,PEDU0112,1.18,0.11,95,0,0.0
2023.0,CAHS,Bachelor of Science in Public Health,PEDU0222,1.09,0.44,91,1,1.1
2023.0,CAHS,Bachelor of Science in Public Health,PHCC0103,1.02,0.14,97,0,0.0
2023.0,CAHS,Bachelor of Science in Public Health,PHCC0404,1.77,0.93,97,7,7.22
2023.0,CAHS,Bachelor of Science in Public Health,PHCC0503,2.35,0.73,91,29,31.87
2023.0,CAHS,Bachelor of Science in Public Health,PHCC0604,1.49,0.31,91,2,2.2
2023.0,CAHS,Bachelor of Science in Public Health,PHCC0705,2.55,0.81,91,16,17.58
2023.0,CAHS,Bachelor of Science in Public Health,UIEC0101,1.49,0.39,97,1,1.03
2023.0,CBA,Bachelor of Science in Hospitality Management,EGEC0103,2.03,1.36,328,55,16.77
2023.0,CBA,Bachelor of Science in Hospitality Management,EGEC0203,1.34,0.54,324,6,1.85
2023.0,CBA,Bachelor of Science in Hospitality Management,EGEC0303,1.43,0.46,342,4,1.17
2023.0,CBA,Bachelor of Science in Hospitality Management,ELEC0113,1.78,0.7,96,4,4.17
2023.0,CBA,Bachelor of Science in Hospitality Management,ELEC0213,1.35,0.58,96,2,2.08
2023.0,CBA,Bachelor of Science in Hospitality Management,FOLA0103,2.29,0.95,151,15,9.93
2023.0,CBA,Bachelor of Science in Hospitality Management,FOLA0113,1.85,0.55,128,4,3.12
2023.0,CBA,Bachelor of Science in Hospitality Management,FOLA0203,2.1,0.9,160,12,7.5
2023.0,CBA,Bachelor of Science in Hospitality Management,FOLA0223,2.55,0.81,127,15,11.81
2023.0,CBA,Bachelor of Science in Hospitality Management,FOLA0423,5.0,0.0,2,2,100.0
2023.0,CBA,Bachelor of Science in Hospitality Management,HBME0113,1.81,0.55,122,3,2.46
2023.0,CBA,Bachelor of Science in Hospitality Management,HBME0223,1.23,0.2,125,0,0.0
2023.0,CBA,Bachelor of Science in Hospitality Management,HCEC0113,1.35,0.35,95,1,1.05
2023.0,CBA,Bachelor of Science in Hospitality Management,HMPC0113,2.0,1.0,159,14,8.81
2023.0,CBA,Bachelor of Science in Hospitality Management,HMPC0213,1.74,1.07,163,15,9.2
2023.0,CBA,Bachelor of Science in Hospitality Management,HMPC0313,2.84,0.61,158,76,48.1
2023.0,CBA,Bachelor of Science in Hospitality Management,HMPC0423,1.59,0.64,157,3,1.91
2023.0,CBA,Bachelor of Science in Hospitality Management,HMPC0723,1.54,0.42,118,2,1.69
2023.0,CBA,Bachelor of Science in Hospitality Management,HMPC0813,1.29,0.24,95,0,0.0
2023.0,CBA,Bachelor of Science in Hospitality Management,HMPE0113,1.43,0.69,161,5,3.11
2023.0,CBA,Bachelor of Science in Hospitality Management,HMPE0123,5.0,,1,1,100.0
2023.0,CBA,Bachelor of Science in Hospitality Management,HMPE0213,1.88,0.75,124,5,4.03
2023.0,CBA,Bachelor of Science in Hospitality Management,HMPE0223,1.45,0.47,152,2,1.32
2023.0,CBA,Bachelor of Science in Hospitality Management,HMPE0313.,1.72,0.64,121,4,3.31
2023.0,CBA,Bachelor of Science in Hospitality Management,HMPE0423,1.97,0.93,121,10,8.26
2023.0,CBA,Bachelor of Science in Hospitality Management,HMPE0513,1.59,0.58,95,2,2.11
2023.0,CBA,Bachelor of Science in Hospitality Management,HTMC0613,1.91,1.19,127,16,12.6
2023.0,CBA,Bachelor of Science in Hospitality Management,HTMC0713,1.59,0.66,123,3,2.44
2023.0,CBA,Bachelor of Science in Hospitality Management,HTMC0823,2.24,0.63,123,11,8.94
2023.0,CBA,Bachelor of Science in Hospitality Management,HTMC0923,2.5,0.41,121,11,9.09
2023.0,CBA,Bachelor of Science in Hospitality Management,HTMC1023,1.25,0.26,121,0,0.0
2023.0,CBA,Bachelor of Science in Hospitality Management,NGEC0103,2.04,0.71,337,14,4.15
2023.0,CBA,Bachelor of Science in Hospitality Management,NGEC0203,5.0,,1,1,100.0
2023.0,CBA,Bachelor of Science in Hospitality Management,NGEC0303,1.25,,1,0,0.0
2023.0,CBA,Bachelor of Science in Hospitality Management,NGEC0403,2.1,0.77,321,23,7.17
2023.0,CBA,Bachelor of Science in Hospitality Management,NGEC0503,2.41,1.57,149,39,26.17
2023.0,CBA,Bachelor of Science in Hospitality Management,NGEC0603,1.87,0.7,158,8,5.06
2023.0,CBA,Bachelor of Science in Hospitality Management,NGEC0703,1.93,0.8,158,9,5.7
2023.0,CBA,Bachelor of Science in Hospitality Management,NGEC0803,1.4,0.47,150,1,0.67
2023.0,CBA,Bachelor of Science in Hospitality Management,NGEC1023,2.02,0.85,121,10,8.26
2023.0,CBA,Bachelor of Science in Hospitality Management,NGEC1223,1.25,0.5,4,0,0.0
2023.0,CBA,Bachelor of Science in Hospitality Management,NSTP0113,2.05,0.6,327,13,3.98
2023.0,CBA,Bachelor of Science in Hospitality Management,NSTP0223,1.65,0.65,322,14,4.35
2023.0,CBA,Bachelor of Science in Hospitality Management,PEDU0112,1.52,0.52,325,6,1.85
2023.0,CBA,Bachelor of Science in Hospitality Management,PEDU0222,1.5,1.09,329,28,8.51
2023.0,CBA,Bachelor of Science in Hospitality Management,PEDU0312,1.6,0.85,157,8,5.1
2023.0,CBA,Bachelor of Science in Hospitality Management,PEDU0422,1.22,0.41,152,1,0.66
2023.0,CBA,Bachelor of Science in Hospitality Management,PRAC0126,1.32,0.48,92,1,1.09
2023.0,CBA,Bachelor of Science in Hospitality Management,THBC0103,2.53,0.93,346,55,15.9
2023.0,CBA,Bachelor of Science in Hospitality Management,THBC0203,1.66,0.67,348,7,2.01
2023.0,CBA,Bachelor of Science in Hospitality Management,THBC0303,1.34,0.58,154,4,2.6
2023.0,CBA,Bachelor of Science in Hospitality Management,THBC0403,1.23,0.76,159,6,3.77
2023.0,CBA,Bachelor of Science in Hospitality Management,THBC0503,1.32,1.06,157,12,7.64
2023.0,CBA,Bachelor of Science in Hospitality Management,THMC0113,1.77,0.59,342,9,2.63
2023.0,CBA,Bachelor of Science in Hospitality Management,THMC0213,1.96,0.58,342,6,1.75
2023.0,CBA,Bachelor of Science in Hospitality Management,THMC0323,1.95,0.58,340,11,3.24
2023.0,CBA,Bachelor of Science in Hospitality Management,THMC0423,1.7,0.71,333,16,4.8
2023.0,CBA,Bachelor of Science in Hospitality Management,THMC0523,2.03,1.08,338,40,11.83
2023.0,CBA,Bachelor of Science in Hospitality Management,TMPE0423,3.25,2.47,2,1,50.0
2023.0,CBA,Bachelor of Science in Hospitality Management,UIEC0101,1.56,0.58,336,5,1.49
2023.0,CBA,Bachelor of Science in Hospitality Management,UIEC0201,1.72,0.41,336,6,1.79
2023.0,CBA,Bachelor of Science in Hospitality Management,UIEC0301,1.15,0.39,338,2,0.59
2023.0,CBA,Bachelor of Science in Tourism Management,BMEC0123,1.6,0.16,121,0,0.0
2023.0,CBA,Bachelor of Science in Tourism Management,BMEC0323,1.6,0.36,126,1,0.79
2023.0,CBA,Bachelor of Science in Tourism Management,CENC0223,1.29,0.33,133,1,0.75
2023.0,CBA,Bachelor of Science in Tourism Management,EGEC0103,1.94,0.78,294,16,5.44
2023.0,CBA,Bachelor of Science in Tourism Management,EGEC0203,1.34,0.63,293,7,2.39
2023.0,CBA,Bachelor of Science in Tourism Management,EGEC0303,1.36,0.46,283,2,0.71
2023.0,CBA,Bachelor of Science in Tourism Management,FOLA0103,1.86,0.62,148,5,3.38
2023.0,CBA,Bachelor of Science in Tourism Management,FOLA0113,1.62,0.32,119,1,0.84
2023.0,CBA,Bachelor of Science in Tourism Management,FOLA0203,1.91,0.53,146,4,2.74
2023.0,CBA,Bachelor of Science in Tourism Management,FOLA0223,2.3,0.83,121,11,9.09
2023.0,CBA,Bachelor of Science in Tourism Management,NGEC0103,1.7,0.64,279,8,2.87
2023.0,CBA,Bachelor of Science in Tourism Management,NGEC0403,1.94,0.76,292,18,6.16
2023.0,CBA,Bachelor of Science in Tourism Management,NGEC0503,1.81,0.46,150,4,2.67
2023.0,CBA,Bachelor of Science in Tourism Management,NGEC0603,1.48,0.56,292,5,1.71
2023.0,CBA,Bachelor of Science in Tourism Management,NGEC0703,1.69,0.44,148,1,0.68
2023.0,CBA,Bachelor of Science in Tourism Management,NGEC0803,1.6,0.83,301,13,4.32
2023.0,CBA,Bachelor of Science in Tourism Management,NGEC0903,1.93,0.6,149,5,3.36
2023.0,CBA,Bachelor of Science in Tourism Management,NGEC1023,1.67,0.54,124,2,1.61
2023.0,CBA,Bachelor of Science in Tourism Management,NSTP0113,1.87,0.67,283,11,3.89
2023.0,CBA,Bachelor of Science in Tourism Management,NSTP0223,1.67,0.87,275,18,6.55
2023.0,CBA,Bachelor of Science in Tourism Management,PEDU0112,1.61,0.77,296,13,4.39
2023.0,CBA,Bachelor of Science in Tourism Management,PEDU0222,1.59,1.26,288,34,11.81
2023.0,CBA,Bachelor of Science in Tourism Management,PEDU0312,1.62,0.28,122,0,0.0
2023.0,CBA,Bachelor of Science in Tourism Management,PEDU0422,1.27,0.18,141,0,0.0
2023.0,CBA,Bachelor of Science in Tourism Management,THBC0103,2.33,0.81,287,31,10.8
2023.0,CBA,Bachelor of Science in Tourism Management,THBC0203,1.98,0.64,300,9,3.0
2023.0,CBA,Bachelor of Science in Tourism Management,THBC0303,1.83,0.64,150,5,3.33
2023.0,CBA,Bachelor of Science in Tourism Management,THBC0403,1.63,0.13,144,0,0.0
2023.0,CBA,Bachelor of Science in Tourism Management,THBC0503,1.03,0.33,149,1,0.67
2023.0,CBA,Bachelor of Science in Tourism Management,THMC0103,1.73,0.72,296,13,4.39
2023.0,CBA,Bachelor of Science in Tourism Management,THMC0203,1.65,0.68,299,11,3.68
2023.0,CBA,Bachelor of Science in Tourism Management,THMC0303,2.15,0.87,289,25,8.65
2023.0,CBA,Bachelor of Science in Tourism Management,THMC0403,2.02,0.7,288,13,4.51
2023.0,CBA,Bachelor of Science in Tourism Management,THMC0503,1.68,0.67,284,9,3.17
2023.0,CBA,Bachelor of Science in Tourism Management,THMC0613,1.83,0.78,118,6,5.08
2023.0,CBA,Bachelor of Science in Tourism Management,THMC0703,2.37,1.14,146,22,15.07
2023.0,CBA,Bachelor of Science in Tourism Management,THMC0813,2.49,0.24,125,6,4.8
2023.0,CBA,Bachelor of Science in Tourism Management,THMC0903,1.72,0.39,125,1,0.8
2023.0,CBA,Bachelor of Science in Tourism Management,THMC1023,1.89,0.4,126,2,1.59
2023.0,CBA,Bachelor of Science in Tourism Management,TMBC0523,1.0,,1,0,0.0
2023.0,CBA,Bachelor of Science in Tourism Management,TMEC0213,1.59,0.64,136,4,2.94
2023.0,CBA,Bachelor of Science in Tourism Management,TMEC0313,1.58,0.56,132,3,2.27
2023.0,CBA,Bachelor of Science in Tourism Management,TMEC0413,1.82,0.47,129,1,0.78
2023.0,CBA,Bachelor of Science in Tourism Management,TMPC0113,2.33,0.82,151,15,9.93
2023.0,CBA,Bachelor of Science in Tourism Management,TMPC0213,2.15,0.61,148,8,5.41
2023.0,CBA,Bachelor of Science in Tourism Management,TMPC0313,1.8,0.53,155,3,1.94
2023.0,CBA,Bachelor of Science in Tourism Management,TMPC0423,2.14,0.76,149,11,7.38
2023.0,CBA,Bachelor of Science in Tourism Management,TMPC0813,1.8,0.5,123,3,2.44
2023.0,CBA,Bachelor of Science in Tourism Management,TMPC0923,1.56,0.37,127,1,0.79
2023.0,CBA,Bachelor of Science in Tourism Management,TMPC1013,1.82,0.37,133,1,0.75
2023.0,CBA,Bachelor of Science in Tourism Management,TMPE0113,2.08,0.88,153,11,7.19
2023.0,CBA,Bachelor of Science in Tourism Management,TMPE0223,1.61,0.67,148,5,3.38
2023.0,CBA,Bachelor of Science in Tourism Management,TMPE0313.,1.58,0.2,125,0,0.0
2023.0,CBA,Bachelor of Science in Tourism Management,TMPE0423,1.46,0.49,125,2,1.6
2023.0,CBA,Bachelor of Science in Tourism Management,TMPE0513,1.44,0.37,135,1,0.74
2023.0,CBA,Bachelor of Science in Tourism Management,TMPR0126.,1.09,0.17,133,0,0.0
2023.0,CBA,Bachelor of Science in Tourism Management,UIEC0101,1.61,1.03,300,23,7.67
2023.0,CBA,Bachelor of Science in Tourism Management,UIEC0201,1.25,0.68,300,8,2.67
2023.0,CBA,Bachelor of Science in Tourism Management,UIEC0301,1.57,0.93,303,24,7.92
2023.0,CCST,Bachelor of Science in Computer Science,CSCC0103,2.57,1.25,196,39,19.9
2023.0,CCST,Bachelor of Science in Computer Science,CSCC0223,1.87,0.72,158,6,3.8
2023.0,CCST,Bachelor of Science in Computer Science,CSCC0323,1.94,1.01,175,21,12.0
2023.0,CCST,Bachelor of Science in Computer Science,CSCC0423,2.46,0.8,94,11,11.7
2023.0,CCST,Bachelor of Science in Computer Science,CSCI0413,1.64,0.73,72,3,4.17
2023.0,CCST,Bachelor of Science in Computer Science,CSCI0513,1.52,0.23,73,0,0.0
2023.0,CCST,Bachelor of Science in Computer Science,CSCI0613,1.94,0.77,70,3,4.29
2023.0,CCST,Bachelor of Science in Computer Science,CSCI0723,2.01,0.6,69,2,2.9
2023.0,CCST,Bachelor of Science in Computer Science,CSCI0823,1.86,0.36,69,2,2.9
2023.0,CCST,Bachelor of Science in Computer Science,CSCI0923,1.74,0.55,70,1,1.43
2023.0,CCST,Bachelor of Science in Computer Science,CSCI1013,2.1,0.67,121,5,4.13
2023.0,CCST,Bachelor of Science in Computer Science,CSCI1123,1.75,0.41,120,0,0.0
2023.0,CCST,Bachelor of Science in Computer Science,CSEC0113,1.75,1.39,105,15,14.29
2023.0,CCST,Bachelor of Science in Computer Science,CSEC0223,1.78,0.92,96,8,8.33
2023.0,CCST,Bachelor of Science in Computer Science,CSND0113,1.83,0.15,26,0,0.0
2023.0,CCST,Bachelor of Science in Computer Science,CSND0223,1.47,0.17,24,0,0.0
2023.0,CCST,Bachelor of Science in Computer Science,CSND0313,1.78,0.45,55,1,1.82
2023.0,CCST,Bachelor of Science in Computer Science,CSND0413,1.44,0.38,55,0,0.0
2023.0,CCST,Bachelor of Science in Computer Science,CSSD0113,1.99,0.83,47,4,8.51
2023.0,CCST,Bachelor of Science in Computer Science,CSSD0223,1.58,0.37,46,1,2.17
2023.0,CCST,Bachelor of Science in Computer Science,CSSD0313,2.2,0.83,66,7,10.61
2023.0,CCST,Bachelor of Science in Computer Science,CSSD0423,1.54,0.53,64,1,1.56
2023.0,CCST,Bachelor of Science in Computer Science,CTCC0113,2.51,1.06,187,28,14.97
2023.0,CCST,Bachelor of Science in Computer Science,CTCC0213,2.24,1.09,189,26,13.76
2023.0,CCST,Bachelor of Science in Computer Science,CTCC0323,2.08,0.93,167,14,8.38
2023.0,CCST,Bachelor of Science in Computer Science,CTCC0403,2.47,1.06,106,21,19.81
2023.0,CCST,Bachelor of Science in Computer Science,CTCC0513,5.0,,1,1,100.0
2023.0,CCST,Bachelor of Science in Computer Science,CTCC0513.,2.12,0.79,94,5,5.32
2023.0,CCST,Bachelor of Science in Computer Science,CTCC0603,1.68,0.59,93,2,2.15
2023.0,CCST,Bachelor of Science in Computer Science,EGEC0103,1.94,0.77,189,9,4.76
2023.0,CCST,Bachelor of Science in Computer Science,EGEC0203,1.53,0.87,183,11,6.01
2023.0,CCST,Bachelor of Science in Computer Science,EGEC0303,1.42,0.78,176,7,3.98
2023.0,CCST,Bachelor of Science in Computer Science,FOLA0103,1.94,0.72,179,7,3.91
2023.0,CCST,Bachelor of Science in Computer Science,FOLA0203,1.96,0.74,100,5,5.0
2023.0,CCST,Bachelor of Science in Computer Science,FOLA0223,5.0,,1,1,100.0
2023.0,CCST,Bachelor of Science in Computer Science,ICSC0113,1.5,,1,0,0.0
2023.0,CCST,Bachelor of Science in Computer Science,ICSC0113.,1.66,0.87,102,7,6.86
2023.0,CCST,Bachelor of Science in Computer Science,ICSC0203,5.0,0.0,2,2,100.0
2023.0,CCST,Bachelor of Science in Computer Science,ICSC0323,2.39,0.85,99,15,15.15
2023.0,CCST,Bachelor of Science in Computer Science,ICTC0523,3.0,2.83,2,1,50.0
2023.0,CCST,Bachelor of Science in Computer Science,ICTC1113,1.92,1.18,70,8,11.43
2023.0,CCST,Bachelor of Science in Computer Science,ICTC1213,1.38,0.19,72,0,0.0
2023.0,CCST,Bachelor of Science in Computer Science,ICTC1323,1.43,0.77,71,3,4.23
2023.0,CCST,Bachelor of Science in Computer Science,ICTC1423,1.59,0.83,70,4,5.71
2023.0,CCST,Bachelor of Science in Computer Science,ICTC1523,1.74,0.69,73,6,8.22
2023.0,CCST,Bachelor of Science in Computer Science,ICTC1613,1.22,0.19,117,0,0.0
2023.0,CCST,Bachelor of Science in Computer Science,ICTC1711,1.2,0.51,124,2,1.61
2023.0,CCST,Bachelor of Science in Computer Science,ICTC1823,1.56,0.54,122,3,2.46
2023.0,CCST,Bachelor of Science in Computer Science,ICTC1920,1.25,0.65,122,3,2.46
2023.0,CCST,Bachelor of Science in Computer Science,ICTC2023,1.75,,1,0,0.0
2023.0,CCST,Bachelor of Science in Computer Science,MATH1913,1.83,0.48,73,1,1.37
2023.0,CCST,Bachelor of Science in Computer Science,NGEC0103,1.67,0.95,173,12,6.94
2023.0,CCST,Bachelor of Science in Computer Science,NGEC0203,1.65,1.19,182,20,10.99
2023.0,CCST,Bachelor of Science in Computer Science,NGEC0303,1.6,0.33,171,0,0.0
2023.0,CCST,Bachelor of Science in Computer Science,NGEC0403,2.2,1.09,184,23,12.5
2023.0,CCST,Bachelor of Science in Computer Science,NGEC0503,2.18,1.2,106,16,15.09
2023.0,CCST,Bachelor of Science in Computer Science,NGEC0603,1.19,0.7,103,3,2.91
2023.0,CCST,Bachelor of Science in Computer Science,NGEC0703,1.69,0.65,105,3,2.86
2023.0,CCST,Bachelor of Science in Computer Science,NGEC0723,1.5,0.71,2,0,0.0
2023.0,CCST,Bachelor of Science in Computer Science,NGEC0803,1.19,0.63,100,2,2.0
2023.0,CCST,Bachelor of Science in Computer Science,NGEC0903,2.13,0.9,99,14,14.14
2023.0,CCST,Bachelor of Science in Computer Science,NGEC1023,1.51,0.31,72,0,0.0
2023.0,CCST,Bachelor of Science in Computer Science,NGEC1223,1.0,,1,0,0.0
2023.0,CCST,Bachelor of Science in Computer Science,NSTP0001,2.29,1.02,19,3,15.79
2023.0,CCST,Bachelor of Science in Computer Science,NSTP0113,2.06,0.67,161,9,5.59
2023.0,CCST,Bachelor of Science in Computer Science,NSTP0223,1.63,0.76,168,12,7.14
2023.0,CCST,Bachelor of Science in Computer Science,PEDU0112,1.94,1.15,197,22,11.17
2023.0,CCST,Bachelor of Science in Computer Science,PEDU0222,1.45,0.63,178,4,2.25
2023.0,CCST,Bachelor of Science in Computer Science,PEDU0312,1.38,0.16,96,0,0.0
2023.0,CCST,Bachelor of Science in Computer Science,PEDU0422,1.58,0.64,94,3,3.19
2023.0,CCST,Bachelor of Science in Computer Science,PHED0312,1.5,0.0,3,0,0.0
2023.0,CCST,Bachelor of Science in Computer Science,UIEC0101,1.93,1.47,198,35,17.68
2023.0,CCST,Bachelor of Science in Computer Science,UIEC0201,1.9,1.09,196,22,11.22
2023.0,CCST,Bachelor of Science in Computer Science,UIEC0301,1.49,1.04,107,11,10.28
2023.0,CCST,Bachelor of Science in Data Science,CSCC0103,2.99,1.43,36,15,41.67
2023.0,CCST,Bachelor of Science in Data Science,CTCC0113,2.47,0.92,39,4,10.26
2023.0,CCST,Bachelor of Science in Data Science,CTCC0213,2.12,1.18,39,5,12.82
2023.0,CCST,Bachelor of Science in Data Science,CTCC0323,2.56,1.2,34,7,20.59
2023.0,CCST,Bachelor of Science in Data Science,DSCC0123,2.14,1.11,37,6,16.22
2023.0,CCST,Bachelor of Science in Data Science,EGEC0103,2.26,0.97,39,4,10.26
2023.0,CCST,Bachelor of Science in Data Science,EGEC0203,1.78,0.98,39,3,7.69
2023.0,CCST,Bachelor of Science in Data Science,EGEC0303,1.45,0.76,37,1,2.7
2023.0,CCST,Bachelor of Science in Data Science,FOLA0103,1.76,0.4,37,0,0.0
2023.0,CCST,Bachelor of Science in Data Science,MATH0113,2.74,0.73,39,9,23.08
2023.0,CCST,Bachelor of Science in Data Science,MATH0223,1.99,0.82,36,2,5.56
2023.0,CCST,Bachelor of Science in Data Science,NGEC0103,1.72,0.86,37,2,5.41
2023.0,CCST,Bachelor of Science in Data Science,NGEC0203,1.73,1.27,39,5,12.82
2023.0,CCST,Bachelor of Science in Data Science,NGEC0303,1.66,0.45,37,0,0.0
2023.0,CCST,Bachelor of Science in Data Science,NGEC0403,2.38,1.09,39,5,12.82
2023.0,CCST,Bachelor of Science in Data Science,NSTP0113,2.17,0.87,39,3,7.69
2023.0,CCST,Bachelor of Science in Data Science,NSTP0223,1.66,0.7,35,2,5.71
2023.0,CCST,Bachelor of Science in Data Science,PEDU0112,1.47,1.09,39,4,10.26
2023.0,CCST,Bachelor of Science in Data Science,PEDU0222,1.69,1.36,36,5,13.89
2023.0,CCST,Bachelor of Science in Data Science,UIEC0101,1.96,1.47,39,7,17.95
2023.0,CCST,Bachelor of Science in Data Science,UIEC0201,1.5,1.21,39,4,10.26
2023.0,CCST,Bachelor of Science in Entertainment and Multimedia Computing,CTCC0113,2.18,1.14,95,13,13.68
2023.0,CCST,Bachelor of Science in Entertainment and Multimedia Computing,CTCC0213,2.45,1.27,99,26,26.26
2023.0,CCST,Bachelor of Science in Entertainment and Multimedia Computing,CTCC0323,2.9,1.59,81,29,35.8
2023.0,CCST,Bachelor of Science in Entertainment and Multimedia Computing,CTCC0403,1.46,0.45,84,1,1.19
2023.0,CCST,Bachelor of Science in Entertainment and Multimedia Computing,CTCC0513.,2.18,0.89,83,8,9.64
2023.0,CCST,Bachelor of Science in Entertainment and Multimedia Computing,CTCC0603,1.5,,1,0,0.0
2023.0,CCST,Bachelor of Science in Entertainment and Multimedia Computing,EGEC0103,2.18,0.86,91,7,7.69
2023.0,CCST,Bachelor of Science in Entertainment and Multimedia Computing,EGEC0203,1.66,1.05,92,8,8.7
2023.0,CCST,Bachelor of Science in Entertainment and Multimedia Computing,EGEC0303,1.66,1.19,82,10,12.2
2023.0,CCST,Bachelor of Science in Entertainment and Multimedia Computing,EMCC0113,2.61,1.41,97,27,27.84
2023.0,CCST,Bachelor of Science in Entertainment and Multimedia Computing,EMCC0223,2.42,0.96,80,9,11.25
2023.0,CCST,Bachelor of Science in Entertainment and Multimedia Computing,EMCC0323,2.43,1.27,83,19,22.89
2023.0,CCST,Bachelor of Science in Entertainment and Multimedia Computing,EMCC0413,2.03,1.02,84,10,11.9
2023.0,CCST,Bachelor of Science in Entertainment and Multimedia Computing,EMCC0513,2.1,0.46,85,1,1.18
2023.0,CCST,Bachelor of Science in Entertainment and Multimedia Computing,EMCC0613,2.13,1.02,86,9,10.47
2023.0,CCST,Bachelor of Science in Entertainment and Multimedia Computing,EMCC0723,1.93,0.71,82,2,2.44
2023.0,CCST,Bachelor of Science in Entertainment and Multimedia Computing,EMCC0823,1.82,0.67,86,1,1.16
2023.0,CCST,Bachelor of Science in Entertainment and Multimedia Computing,EMCC0923,2.57,0.55,89,36,40.45
2023.0,CCST,Bachelor of Science in Entertainment and Multimedia Computing,EMCC1013,2.21,1.02,58,12,20.69
2023.0,CCST,Bachelor of Science in Entertainment and Multimedia Computing,EMCC1113,2.23,0.69,33,4,12.12
2023.0,CCST,Bachelor of Science in Entertainment and Multimedia Computing,EMCC1213,2.26,1.12,31,4,12.9
2023.0,CCST,Bachelor of Science in Entertainment and Multimedia Computing,EMCC1323,2.3,1.33,37,7,18.92
2023.0,CCST,Bachelor of Science in Entertainment and Multimedia Computing,EMCC1413,2.5,1.49,24,6,25.0
2023.0,CCST,Bachelor of Science in Entertainment and Multimedia Computing,EMDA0113,1.36,0.14,27,0,0.0
2023.0,CCST,Bachelor of Science in Entertainment and Multimedia Computing,EMDA0213,2.2,1.09,28,3,10.71
2023.0,CCST,Bachelor of Science in Entertainment and Multimedia Computing,EMDA0313,2.45,0.98,27,4,14.81
2023.0,CCST,Bachelor of Science in Entertainment and Multimedia Computing,EMDA0413,1.85,1.06,26,3,11.54
2023.0,CCST,Bachelor of Science in Entertainment and Multimedia Computing,EMDA0523,2.23,0.91,28,4,14.29
2023.0,CCST,Bachelor of Science in Entertainment and Multimedia Computing,EMDA0623,1.8,0.52,23,1,4.35
2023.0,CCST,Bachelor of Science in Entertainment and Multimedia Computing,EMDA0723,2.28,1.36,26,5,19.23
2023.0,CCST,Bachelor of Science in Entertainment and Multimedia Computing,EMDA0813,2.19,1.44,27,5,18.52
2023.0,CCST,Bachelor of Science in Entertainment and Multimedia Computing,EMDA0913,1.79,0.94,28,2,7.14
2023.0,CCST,Bachelor of Science in Entertainment and Multimedia Computing,EMGD0113,1.74,0.77,23,1,4.35
2023.0,CCST,Bachelor of Science in Entertainment and Multimedia Computing,EMGD0213,2.18,0.68,23,1,4.35
2023.0,CCST,Bachelor of Science in Entertainment and Multimedia Computing,EMGD0313,2.67,1.04,22,5,22.73
2023.0,CCST,Bachelor of Science in Entertainment and Multimedia Computing,EMGD0423,2.24,0.78,22,2,9.09
2023.0,CCST,Bachelor of Science in Entertainment and Multimedia Computing,EMGD0523,1.98,0.87,21,1,4.76
2023.0,CCST,Bachelor of Science in Entertainment and Multimedia Computing,EMGD0623,1.4,0.31,21,0,0.0
2023.0,CCST,Bachelor of Science in Entertainment and Multimedia Computing,EMGD0723,2.0,0.56,20,3,15.0
2023.0,CCST,Bachelor of Science in Entertainment and Multimedia Computing,EMGD0813,1.81,0.12,4,0,0.0
2023.0,CCST,Bachelor of Science in Entertainment and Multimedia Computing,EMGD0913,2.75,,1,0,0.0
2023.0,CCST,Bachelor of Science in Entertainment and Multimedia Computing,EMPE0113,1.53,1.01,31,2,6.45
2023.0,CCST,Bachelor of Science in Entertainment and Multimedia Computing,FOLA0103,2.71,1.16,84,18,21.43
2023.0,CCST,Bachelor of Science in Entertainment and Multimedia Computing,FOLA0203,1.94,0.56,84,3,3.57
2023.0,CCST,Bachelor of Science in Entertainment and Multimedia Computing,ICSC0703,1.52,0.61,81,2,2.47
2023.0,CCST,Bachelor of Science in Entertainment and Multimedia Computing,ICTC0613,2.0,,1,0,0.0
2023.0,CCST,Bachelor of Science in Entertainment and Multimedia Computing,ICTC1113,1.78,1.2,43,5,11.63
2023.0,CCST,Bachelor of Science in Entertainment and Multimedia Computing,ICTC1323,1.56,0.81,42,2,4.76
2023.0,CCST,Bachelor of Science in Entertainment and Multimedia Computing,ICTC1413,2.57,1.15,24,4,16.67
2023.0,CCST,Bachelor of Science in Entertainment and Multimedia Computing,ICTC1423,1.54,0.33,24,0,0.0
2023.0,CCST,Bachelor of Science in Entertainment and Multimedia Computing,ICTC1513,1.98,0.86,51,5,9.8
2023.0,CCST,Bachelor of Science in Entertainment and Multimedia Computing,ICTC1711,1.51,0.83,30,1,3.33
2023.0,CCST,Bachelor of Science in Entertainment and Multimedia Computing,ICTC1920,2.06,1.43,31,6,19.35
2023.0,CCST,Bachelor of Science in Entertainment and Multimedia Computing,ICTC2329,1.77,1.32,29,4,13.79
2023.0,CCST,Bachelor of Science in Entertainment and Multimedia Computing,ITNW1613,2.4,1.47,5,1,20.0
2023.0,CCST,Bachelor of Science in Entertainment and Multimedia Computing,NGEC0103,1.98,1.01,81,7,8.64
2023.0,CCST,Bachelor of Science in Entertainment and Multimedia Computing,NGEC0203,2.05,1.39,91,16,17.58
2023.0,CCST,Bachelor of Science in Entertainment and Multimedia Computing,NGEC0303,1.45,0.43,78,0,0.0
2023.0,CCST,Bachelor of Science in Entertainment and Multimedia Computing,NGEC0403,2.59,1.16,92,18,19.57
2023.0,CCST,Bachelor of Science in Entertainment and Multimedia Computing,NGEC0503,2.07,0.92,77,8,10.39
2023.0,CCST,Bachelor of Science in Entertainment and Multimedia Computing,NGEC0603,1.17,0.48,83,1,1.2
2023.0,CCST,Bachelor of Science in Entertainment and Multimedia Computing,NGEC0703,2.03,0.57,78,5,6.41
2023.0,CCST,Bachelor of Science in Entertainment and Multimedia Computing,NGEC0803,2.19,0.7,78,4,5.13
2023.0,CCST,Bachelor of Science in Entertainment and Multimedia Computing,NGEC0903,2.28,0.71,83,11,13.25
2023.0,CCST,Bachelor of Science in Entertainment and Multimedia Computing,NGEC1023,1.78,0.26,43,0,0.0
2023.0,CCST,Bachelor of Science in Entertainment and Multimedia Computing,NSTP0113,2.16,1.11,93,14,15.05
2023.0,CCST,Bachelor of Science in Entertainment and Multimedia Computing,NSTP0223,1.94,1.0,79,8,10.13
2023.0,CCST,Bachelor of Science in Entertainment and Multimedia Computing,PEDU0112,1.78,1.35,98,14,14.29
2023.0,CCST,Bachelor of Science in Entertainment and Multimedia Computing,PEDU0222,1.8,1.02,83,7,8.43
2023.0,CCST,Bachelor of Science in Entertainment and Multimedia Computing,PEDU0312,1.62,0.5,80,2,2.5
2023.0,CCST,Bachelor of Science in Entertainment and Multimedia Computing,PEDU0422,1.34,0.37,79,0,0.0
2023.0,CCST,Bachelor of Science in Entertainment and Multimedia Computing,UIEC0101,2.42,1.59,100,26,26.0
2023.0,CCST,Bachelor of Science in Entertainment and Multimedia Computing,UIEC0201,1.52,1.13,98,9,9.18
2023.0,CCST,Bachelor of Science in Entertainment and Multimedia Computing,UIEC0301,1.58,0.81,86,3,3.49
2023.0,CCST,Bachelor of Science in Information Technology,CSCC0103,3.75,1.77,2,1,50.0
2023.0,CCST,Bachelor of Science in Information Technology,CSEC0113,2.25,,1,0,0.0
2023.0,CCST,Bachelor of Science in Information Technology,CSND0223,3.25,2.47,2,1,50.0
2023.0,CCST,Bachelor of Science in Information Technology,CTCC0113,2.13,1.18,292,42,14.38
2023.0,CCST,Bachelor of Science in Information Technology,CTCC0213,2.15,1.05,293,35,11.95
2023.0,CCST,Bachelor of Science in Information Technology,CTCC0323,2.03,1.04,268,28,10.45
2023.0,CCST,Bachelor of Science in Information Technology,CTCC0403,2.08,1.02,275,32,11.64
2023.0,CCST,Bachelor of Science in Information Technology,CTCC0513,2.03,0.85,145,12,8.28
2023.0,CCST,Bachelor of Science in Information Technology,CTCC0513.,2.5,,1,0,0.0
2023.0,CCST,Bachelor of Science in Information Technology,CTCC0603,1.61,0.65,144,4,2.78
2023.0,CCST,Bachelor of Science in Information Technology,EGEC0103,2.09,0.79,298,18,6.04
2023.0,CCST,Bachelor of Science in Information Technology,EGEC0203,1.55,0.88,296,16,5.41
2023.0,CCST,Bachelor of Science in Information Technology,EGEC0303,1.93,0.76,267,13,4.87
2023.0,CCST,Bachelor of Science in Information Technology,FOLA0103,1.9,0.55,275,8,2.91
2023.0,CCST,Bachelor of Science in Information Technology,FOLA0113,3.08,1.66,3,1,33.33
2023.0,CCST,Bachelor of Science in Information Technology,FOLA0203,1.72,0.55,144,3,2.08
2023.0,CCST,Bachelor of Science in Information Technology,FOLA0223,2.75,,1,0,0.0
2023.0,CCST,Bachelor of Science in Information Technology,ICSC0113,1.7,0.72,155,6,3.87
2023.0,CCST,Bachelor of Science in Information Technology,ICSC0113.,5.0,,1,1,100.0
2023.0,CCST,Bachelor of Science in Information Technology,ICSC0203,1.62,0.82,143,6,4.2
2023.0,CCST,Bachelor of Science in Information Technology,ICSC0323,2.0,0.25,3,0,0.0
2023.0,CCST,Bachelor of Science in Information Technology,ICSC0323.,1.67,0.82,157,8,5.1
2023.0,CCST,Bachelor of Science in Information Technology,ICTC0923,1.65,0.81,110,7,6.36
2023.0,CCST,Bachelor of Science in Information Technology,ICTC1213,1.61,0.74,103,4,3.88
2023.0,CCST,Bachelor of Science in Information Technology,ICTC1323,1.46,0.78,113,5,4.42
2023.0,CCST,Bachelor of Science in Information Technology,ICTC1613,1.25,,1,0,0.0
2023.0,CCST,Bachelor of Science in Information Technology,ICTC1711,1.25,0.25,107,0,0.0
2023.0,CCST,Bachelor of Science in Information Technology,ICTC1823,2.0,,1,0,0.0
2023.0,CCST,Bachelor of Science in Information Technology,ICTC1920,1.59,1.11,105,11,10.48
2023.0,CCST,Bachelor of Science in Information Technology,ICTC2023,2.71,1.51,106,31,29.25
2023.0,CCST,Bachelor of Science in Information Technology,ICTC2226,1.26,0.68,101,3,2.97
2023.0,CCST,Bachelor of Science in Information Technology,ITCC0123,2.78,1.35,282,86,30.5
2023.0,CCST,Bachelor of Science in Information Technology,ITCC0223,2.33,1.18,278,45,16.19
2023.0,CCST,Bachelor of Science in Information Technology,ITCC0323,2.0,1.03,147,14,9.52
2023.0,CCST,Bachelor of Science in Information Technology,ITCC0423,1.73,0.62,132,5,3.79
2023.0,CCST,Bachelor of Science in Information Technology,ITEC0123,1.63,0.3,155,0,0.0
2023.0,CCST,Bachelor of Science in Information Technology,ITNW0313,1.54,0.93,130,8,6.15
2023.0,CCST,Bachelor of Science in Information Technology,ITNW0413,1.84,0.94,112,8,7.14
2023.0,CCST,Bachelor of Science in Information Technology,ITNW0513,1.55,0.7,93,5,5.38
2023.0,CCST,Bachelor of Science in Information Technology,ITNW0613,1.69,0.84,112,6,5.36
2023.0,CCST,Bachelor of Science in Information Technology,ITNW0713,1.81,0.93,109,8,7.34
2023.0,CCST,Bachelor of Science in Information Technology,ITNW0823,1.47,0.48,104,3,2.88
2023.0,CCST,Bachelor of Science in Information Technology,ITNW0923,1.42,0.72,99,3,3.03
2023.0,CCST,Bachelor of Science in Information Technology,ITNW1023,2.26,0.94,108,14,12.96
2023.0,CCST,Bachelor of Science in Information Technology,ITNW1123,1.63,0.65,99,2,2.02
2023.0,CCST,Bachelor of Science in Information Technology,ITNW1223,1.61,0.86,105,5,4.76
2023.0,CCST,Bachelor of Science in Information Technology,ITNW1313,2.04,0.94,109,13,11.93
2023.0,CCST,Bachelor of Science in Information Technology,ITNW1413,2.12,0.71,109,11,10.09
2023.0,CCST,Bachelor of Science in Information Technology,ITNW1613,2.2,0.95,114,14,12.28
2023.0,CCST,Bachelor of Science in Information Technology,NGEC0103,1.92,1.0,261,23,8.81
2023.0,CCST,Bachelor of Science in Information Technology,NGEC0203,1.67,1.05,293,25,8.53
2023.0,CCST,Bachelor of Science in Information Technology,NGEC0303,1.2,0.62,266,6,2.26
2023.0,CCST,Bachelor of Science in Information Technology,NGEC0403,2.51,1.18,285,52,18.25
2023.0,CCST,Bachelor of Science in Information Technology,NGEC0503,1.84,0.98,156,12,7.69
2023.0,CCST,Bachelor of Science in Information Technology,NGEC0603,1.11,0.49,143,2,1.4
2023.0,CCST,Bachelor of Science in Information Technology,NGEC0703,2.17,0.29,3,0,0.0
2023.0,CCST,Bachelor of Science in Information Technology,NGEC0723,1.5,0.72,149,5,3.36
2023.0,CCST,Bachelor of Science in Information Technology,NGEC0803,1.97,0.52,143,3,2.1
2023.0,CCST,Bachelor of Science in Information Technology,NGEC0903,2.38,0.54,140,14,10.0
2023.0,CCST,Bachelor of Science in Information Technology,NGEC1023,1.79,0.35,107,0,0.0
2023.0,CCST,Bachelor of Science in Information Technology,NSTP0113,2.05,0.95,284,27,9.51
2023.0,CCST,Bachelor of Science in Information Technology,NSTP0223,1.56,0.63,251,8,3.19
2023.0,CCST,Bachelor of Science in Information Technology,PEDU0112,1.75,1.22,301,36,11.96
2023.0,CCST,Bachelor of Science in Information Technology,PEDU0222,1.61,0.96,268,19,7.09
2023.0,CCST,Bachelor of Science in Information Technology,PEDU0312,1.65,0.73,148,5,3.38
2023.0,CCST,Bachelor of Science in Information Technology,PEDU0422,1.22,0.28,137,0,0.0
2023.0,CCST,Bachelor of Science in Information Technology,PHED0112,5.0,,1,1,100.0
2023.0,CCST,Bachelor of Science in Information Technology,PHED0312,1.5,,1,0,0.0
2023.0,CCST,Bachelor of Science in Information Technology,THBC0203,3.0,,1,1,100.0
2023.0,CCST,Bachelor of Science in Information Technology,UIEC0101,1.93,1.03,311,31,9.97
2023.0,CCST,Bachelor of Science in Information Technology,UIEC0201,1.68,1.06,310,27,8.71
2023.0,CCST,Bachelor of Science in Information Technology,UIEC0301,1.42,0.88,160,10,6.25
2023.0,CEA,Bachelor of Science in Architecture,ARDS0314,2.23,0.64,133,6,4.51
2023.0,CEA,Bachelor of Science in Architecture,ARDS0324,2.15,0.7,115,9,7.83
2023.0,CEA,Bachelor of Science in Architecture,ARDS0415,1.99,0.83,86,6,6.98
2023.0,CEA,Bachelor of Science in Architecture,ARDS0425,2.6,1.0,90,15,16.67
2023.0,CEA,Bachelor of Science in Architecture,ARDS0515,2.24,0.65,87,8,9.2
2023.0,CEA,Bachelor of Science in Architecture,ARDS0525,3.3,1.27,97,42,43.3
2023.0,CEA,Bachelor of Science in Architecture,ARHS0512,1.97,0.79,95,5,5.26
2023.0,CEA,Bachelor of Science in Architecture,ARPC0112,2.31,0.5,201,10,4.98
2023.0,CEA,Bachelor of Science in Architecture,ARPC0212,2.64,0.98,205,48,23.41
2023.0,CEA,Bachelor of Science in Architecture,ARPC0313,2.74,1.12,138,26,18.84
2023.0,CEA,Bachelor of Science in Architecture,ARPC0423,2.07,0.63,132,5,3.79
2023.0,CEA,Bachelor of Science in Architecture,ARPC1122,2.16,0.79,202,16,7.92
2023.0,CEA,Bachelor of Science in Architecture,ARPC1212,1.86,0.47,200,1,0.5
2023.0,CEA,Bachelor of Science in Architecture,ARPC1322,2.75,0.78,205,49,23.9
2023.0,CEA,Bachelor of Science in Architecture,ARPC1423,2.03,0.82,201,14,6.97
2023.0,CEA,Bachelor of Science in Architecture,ARPC1523,1.97,0.52,132,3,2.27
2023.0,CEA,Bachelor of Science in Architecture,ARPC1913,3.0,1.09,151,47,31.13
2023.0,CEA,Bachelor of Science in Architecture,ARPC2212,1.68,0.51,200,3,1.5
2023.0,CEA,Bachelor of Science in Architecture,ARPC2312,2.09,0.7,143,7,4.9
2023.0,CEA,Bachelor of Science in Architecture,ARPC2422,2.05,0.9,142,21,14.79
2023.0,CEA,Bachelor of Science in Architecture,ARPC3512,1.68,0.73,143,7,4.9
2023.0,CEA,Bachelor of Science in Architecture,ARSC0503,1.36,0.27,79,0,0.0
2023.0,CEA,Bachelor of Science in Architecture,ARSC0513,1.02,0.12,92,0,0.0
2023.0,CEA,Bachelor of Science in Architecture,ARSC0523,1.23,0.5,91,1,1.1
2023.0,CEA,Bachelor of Science in Architecture,ARST0513,2.53,0.8,98,19,19.39
2023.0,CEA,Bachelor of Science in Architecture,BECC0803,2.79,0.86,141,24,17.02
2023.0,CEA,Bachelor of Science in Architecture,BMAR0513,1.86,0.46,91,1,1.1
2023.0,CEA,Bachelor of Science in Architecture,BMAR0523,2.1,0.52,90,9,10.0
2023.0,CEA,Bachelor of Science in Architecture,BTCH0313,3.19,1.02,131,55,41.98
2023.0,CEA,Bachelor of Science in Architecture,BTCH0323,2.72,0.91,130,26,20.0
2023.0,CEA,Bachelor of Science in Architecture,BTCH0413,1.51,0.21,79,0,0.0
2023.0,CEA,Bachelor of Science in Architecture,CADD0312,1.56,0.18,113,0,0.0
2023.0,CEA,Bachelor of Science in Architecture,CADD0322,1.46,0.54,113,2,1.77
2023.0,CEA,Bachelor of Science in Architecture,CEPC0103,2.74,0.66,139,35,25.18
2023.0,CEA,Bachelor of Science in Architecture,CESD0413,2.35,0.53,87,7,8.05
2023.0,CEA,Bachelor of Science in Architecture,CEST0313,2.19,0.38,112,4,3.57
2023.0,CEA,Bachelor of Science in Architecture,COCO0423,2.63,0.73,76,12,15.79
2023.0,CEA,Bachelor of Science in Architecture,EAAC1203,2.25,0.59,204,7,3.43
2023.0,CEA,Bachelor of Science in Architecture,EAAC1302,2.22,0.61,206,15,7.28
2023.0,CEA,Bachelor of Science in Architecture,EAAC1402,2.13,0.71,136,8,5.88
2023.0,CEA,Bachelor of Science in Architecture,EAAC1403,2.54,0.84,204,39,19.12
2023.0,CEA,Bachelor of Science in Architecture,EAAC1502.,2.57,1.05,206,42,20.39
2023.0,CEA,Bachelor of Science in Architecture,EGEC0103,1.86,0.8,213,12,5.63
2023.0,CEA,Bachelor of Science in Architecture,EGEC0203,1.14,0.41,208,2,0.96
2023.0,CEA,Bachelor of Science in Architecture,EGEC0303,1.61,0.45,216,3,1.39
2023.0,CEA,Bachelor of Science in Architecture,EMAT0303,2.99,0.94,207,74,35.75
2023.0,CEA,Bachelor of Science in Architecture,EMAT0702,2.05,0.63,201,7,3.48
2023.0,CEA,Bachelor of Science in Architecture,FOLA0103,1.94,0.7,148,7,4.73
2023.0,CEA,Bachelor of Science in Architecture,FOLA0203,1.62,0.18,2,0,0.0
2023.0,CEA,Bachelor of Science in Architecture,FOLA0223,2.5,,1,0,0.0
2023.0,CEA,Bachelor of Science in Architecture,GESM0313,2.78,0.89,119,31,26.05
2023.0,CEA,Bachelor of Science in Architecture,HRCH0312,2.17,0.54,118,6,5.08
2023.0,CEA,Bachelor of Science in Architecture,NGEC0103,1.46,0.47,208,1,0.48
2023.0,CEA,Bachelor of Science in Architecture,NGEC0203,1.33,0.51,134,2,1.49
2023.0,CEA,Bachelor of Science in Architecture,NGEC0403,1.85,0.66,201,7,3.48
2023.0,CEA,Bachelor of Science in Architecture,NGEC0503,1.18,0.41,141,3,2.13
2023.0,CEA,Bachelor of Science in Architecture,NGEC0603,1.35,0.43,140,2,1.43
2023.0,CEA,Bachelor of Science in Architecture,NGEC0703,1.33,0.64,135,2,1.48
2023.0,CEA,Bachelor of Science in Architecture,NGEC0723,1.25,,1,0,0.0
2023.0,CEA,Bachelor of Science in Architecture,NGEC0803,1.33,0.56,142,3,2.11
2023.0,CEA,Bachelor of Science in Architecture,NGEC0823,3.12,2.65,2,1,50.0
2023.0,CEA,Bachelor of Science in Architecture,NGEC0903,1.78,0.48,135,2,1.48
2023.0,CEA,Bachelor of Science in Architecture,NGEC1023,1.01,0.11,88,0,0.0
2023.0,CEA,Bachelor of Science in Architecture,NGEC1223,2.0,,1,0,0.0
2023.0,CEA,Bachelor of Science in Architecture,NSTP0113,2.0,0.41,201,3,1.49
2023.0,CEA,Bachelor of Science in Architecture,NSTP0223,1.46,0.7,197,8,4.06
2023.0,CEA,Bachelor of Science in Architecture,PEDU0112,1.42,0.65,209,7,3.35
2023.0,CEA,Bachelor of Science in Architecture,PEDU0222,1.32,0.54,206,4,1.94
2023.0,CEA,Bachelor of Science in Architecture,PEDU0312,1.32,0.25,133,0,0.0
2023.0,CEA,Bachelor of Science in Architecture,PEDU0422,1.27,0.38,129,1,0.78
2023.0,CEA,Bachelor of Science in Architecture,PHED0112,1.75,,1,0,0.0
2023.0,CEA,Bachelor of Science in Architecture,PHED0422,4.12,1.75,4,3,75.0
2023.0,CEA,Bachelor of Science in Architecture,PLAN0313,1.92,0.65,112,4,3.57
2023.0,CEA,Bachelor of Science in Architecture,PLAN0413,1.52,0.52,86,1,1.16
2023.0,CEA,Bachelor of Science in Architecture,PLAN0423,1.45,0.7,85,2,2.35
2023.0,CEA,Bachelor of Science in Architecture,PRCT0323,2.2,0.61,121,9,7.44
2023.0,CEA,Bachelor of Science in Architecture,PRCT0413,2.51,0.82,91,14,15.38
2023.0,CEA,Bachelor of Science in Architecture,PRCT0423,2.27,0.53,91,8,8.79
2023.0,CEA,Bachelor of Science in Architecture,RMAR0423,1.79,0.65,84,4,4.76
2023.0,CEA,Bachelor of Science in Architecture,UTIL0313,2.17,0.57,133,12,9.02
2023.0,CEA,Bachelor of Science in Architecture,UTIL0414,1.7,0.61,92,2,2.17
2023.0,CEA,Bachelor of Science in Civil Engineering,ARCD0121,1.9,0.82,263,17,6.46
2023.0,CEA,Bachelor of Science in Civil Engineering,ARDP0111,1.45,0.58,254,6,2.36
2023.0,CEA,Bachelor of Science in Civil Engineering,BECC0303-...,1.94,0.7,255,12,4.71
2023.0,CEA,Bachelor of Science in Civil Engineering,BECC0403,3.36,1.08,212,135,63.68
2023.0,CEA,Bachelor of Science in Civil Engineering,BECC0502,1.61,0.36,218,1,0.46
2023.0,CEA,Bachelor of Science in Civil Engineering,BECC0703,1.49,0.42,254,2,0.79
2023.0,CEA,Bachelor of Science in Civil Engineering,BECC0803,3.67,1.19,270,179,66.3
2023.0,CEA,Bachelor of Science in Civil Engineering,BECC0903,2.57,1.07,112,20,17.86
2023.0,CEA,Bachelor of Science in Civil Engineering,BECC1104,2.77,0.86,132,38,28.79
2023.0,CEA,Bachelor of Science in Civil Engineering,CEBD0313,1.93,0.29,103,0,0.0
2023.0,CEA,Bachelor of Science in Civil Engineering,CECE0103,3.12,1.2,117,47,40.17
2023.0,CEA,Bachelor of Science in Civil Engineering,CECE0203,2.53,0.5,140,46,32.86
2023.0,CEA,Bachelor of Science in Civil Engineering,CECE0223,2.91,0.93,74,24,32.43
2023.0,CEA,Bachelor of Science in Civil Engineering,CECM0323,1.86,0.36,178,3,1.69
2023.0,CEA,Bachelor of Science in Civil Engineering,CECP0412,1.74,0.7,132,10,7.58
2023.0,CEA,Bachelor of Science in Civil Engineering,CECP0422,1.34,0.21,149,0,0.0
2023.0,CEA,Bachelor of Science in Civil Engineering,CEEN0313,1.53,0.39,102,0,0.0
2023.0,CEA,Bachelor of Science in Civil Engineering,CEHR0313,2.93,0.67,119,66,55.46
2023.0,CEA,Bachelor of Science in Civil Engineering,CEHS0325,3.69,1.16,105,66,62.86
2023.0,CEA,Bachelor of Science in Civil Engineering,CEHY0322,2.15,0.61,140,8,5.71
2023.0,CEA,Bachelor of Science in Civil Engineering,CELC0422,1.32,0.15,149,0,0.0
2023.0,CEA,Bachelor of Science in Civil Engineering,CEMT0413,2.14,0.3,103,2,1.94
2023.0,CEA,Bachelor of Science in Civil Engineering,CEPC0104,3.47,1.32,226,100,44.25
2023.0,CEA,Bachelor of Science in Civil Engineering,CEPC0203,1.49,0.23,191,0,0.0
2023.0,CEA,Bachelor of Science in Civil Engineering,CEPC0501,1.39,0.12,83,0,0.0
2023.0,CEA,Bachelor of Science in Civil Engineering,CEPC0502,1.53,0.17,71,0,0.0
2023.0,CEA,Bachelor of Science in Civil Engineering,CEPC0503,2.02,1.0,82,13,15.85
2023.0,CEA,Bachelor of Science in Civil Engineering,CEPC0504.,1.67,0.64,83,5,6.02
2023.0,CEA,Bachelor of Science in Civil Engineering,CEPC0505,1.13,0.13,88,0,0.0
2023.0,CEA,Bachelor of Science in Civil Engineering,CEPC0506,2.4,0.55,42,5,11.9
2023.0,CEA,Bachelor of Science in Civil Engineering,CEPC0507,2.4,0.72,44,8,18.18
2023.0,CEA,Bachelor of Science in Civil Engineering,CEPC0508,1.24,0.38,46,0,0.0
2023.0,CEA,Bachelor of Science in Civil Engineering,CEPC0509,2.06,0.41,46,0,0.0
2023.0,CEA,Bachelor of Science in Civil Engineering,CEPC0510,1.57,0.41,44,0,0.0
2023.0,CEA,Bachelor of Science in Civil Engineering,CEQS0322,1.35,0.28,112,0,0.0
2023.0,CEA,Bachelor of Science in Civil Engineering,CERC0324,3.03,0.97,164,49,29.88
2023.0,CEA,Bachelor of Science in Civil Engineering,CESD0323,2.97,0.94,150,49,32.67
2023.0,CEA,Bachelor of Science in Civil Engineering,CESM0414,2.25,0.42,127,2,1.57
2023.0,CEA,Bachelor of Science in Civil Engineering,CEST0314,2.9,0.8,175,61,34.86
2023.0,CEA,Bachelor of Science in Civil Engineering,CETE0413,1.02,0.07,136,0,0.0
2023.0,CEA,Bachelor of Science in Civil Engineering,COJT0333,1.2,0.11,5,0,0.0
2023.0,CEA,Bachelor of Science in Civil Engineering,EAAC0503,1.28,0.5,202,3,1.49
2023.0,CEA,Bachelor of Science in Civil Engineering,EAAC0603.,2.46,0.48,226,29,12.83
2023.0,CEA,Bachelor of Science in Civil Engineering,EGEC0103,1.64,0.34,262,2,0.76
2023.0,CEA,Bachelor of Science in Civil Engineering,EGEC0203,1.31,0.3,216,1,0.46
2023.0,CEA,Bachelor of Science in Civil Engineering,EGEC0303,1.54,0.88,184,10,5.43
2023.0,CEA,Bachelor of Science in Civil Engineering,EMAT0103,2.8,0.89,274,98,35.77
2023.0,CEA,Bachelor of Science in Civil Engineering,EMAT0203,2.86,0.66,236,110,46.61
2023.0,CEA,Bachelor of Science in Civil Engineering,EMAT0403,3.08,1.23,211,86,40.76
2023.0,CEA,Bachelor of Science in Civil Engineering,EMAT0503,2.69,0.96,185,47,25.41
2023.0,CEA,Bachelor of Science in Civil Engineering,EMGT0312,1.66,0.26,103,0,0.0
2023.0,CEA,Bachelor of Science in Civil Engineering,EMNS0323,2.26,0.54,186,12,6.45
2023.0,CEA,Bachelor of Science in Civil Engineering,ENPS0104,2.13,0.52,253,11,4.35
2023.0,CEA,Bachelor of Science in Civil Engineering,ENPS0204,3.05,0.95,235,69,29.36
2023.0,CEA,Bachelor of Science in Civil Engineering,ENPS0302,1.61,0.2,156,0,0.0
2023.0,CEA,Bachelor of Science in Civil Engineering,FOLA0103,2.46,0.84,263,31,11.79
2023.0,CEA,Bachelor of Science in Civil Engineering,FOLA0113,1.5,,1,0,0.0
2023.0,CEA,Bachelor of Science in Civil Engineering,FOLA0203,1.68,0.39,174,2,1.15
2023.0,CEA,Bachelor of Science in Civil Engineering,FOLA0223,2.25,,1,0,0.0
2023.0,CEA,Bachelor of Science in Civil Engineering,GEEM0315,2.64,0.47,74,7,9.46
2023.0,CEA,Bachelor of Science in Civil Engineering,GESM0325,3.29,1.03,75,36,48.0
2023.0,CEA,Bachelor of Science in Civil Engineering,GETE0413,1.4,0.39,146,0,0.0
2023.0,CEA,Bachelor of Science in Civil Engineering,GEUT0313,1.93,0.57,109,2,1.83
2023.0,CEA,Bachelor of Science in Civil Engineering,NGEC0103,1.51,0.5,253,4,1.58
2023.0,CEA,Bachelor of Science in Civil Engineering,NGEC0203,1.49,0.19,204,0,0.0
2023.0,CEA,Bachelor of Science in Civil Engineering,NGEC0303,1.91,0.92,197,17,8.63
2023.0,CEA,Bachelor of Science in Civil Engineering,NGEC0403,1.6,0.52,265,5,1.89
2023.0,CEA,Bachelor of Science in Civil Engineering,NGEC0503,1.33,0.47,267,3,1.12
2023.0,CEA,Bachelor of Science in Civil Engineering,NGEC0603,1.22,0.56,264,6,2.27
2023.0,CEA,Bachelor of Science in Civil Engineering,NGEC0703,1.48,0.63,265,7,2.64
2023.0,CEA,Bachelor of Science in Civil Engineering,NGEC0803,1.23,0.42,257,2,0.78
2023.0,CEA,Bachelor of Science in Civil Engineering,NGEC0823,1.46,0.19,6,0,0.0
2023.0,CEA,Bachelor of Science in Civil Engineering,NGEC0903,1.54,0.61,298,8,2.68
2023.0,CEA,Bachelor of Science in Civil Engineering,NGEC1023,1.62,0.54,118,2,1.69
2023.0,CEA,Bachelor of Science in Civil Engineering,NGEC1223,2.43,1.35,11,2,18.18
2023.0,CEA,Bachelor of Science in Civil Engineering,NSTP0113,1.71,0.59,250,5,2.0
2023.0,CEA,Bachelor of Science in Civil Engineering,NSTP0223,1.47,0.63,245,7,2.86
2023.0,CEA,Bachelor of Science in Civil Engineering,PEDU0112,1.19,0.57,258,5,1.94
2023.0,CEA,Bachelor of Science in Civil Engineering,PEDU0222,1.43,0.57,256,6,2.34
2023.0,CEA,Bachelor of Science in Civil Engineering,PEDU0312,1.46,0.57,217,4,1.84
2023.0,CEA,Bachelor of Science in Civil Engineering,PEDU0422,1.36,0.64,194,5,2.58
2023.0,CEA,Bachelor of Science in Civil Engineering,PHED0312,5.0,0.0,4,4,100.0
2023.0,CEA,Bachelor of Science in Civil Engineering,UIEC0101,1.25,0.04,222,0,0.0
2023.0,CEA,Bachelor of Science in Civil Engineering,UIEC0201,1.2,0.31,257,1,0.39
2023.0,CEA,Bachelor of Science in Civil Engineering,UIEC0301,1.32,0.56,256,7,2.73
2023.0,CEA,Bachelor of Science in Computer Engineering,CPEP0111,2.26,0.34,35,1,2.86
2023.0,CEA,Bachelor of Science in Computer Engineering,CPEP0112,2.54,0.29,34,5,14.71
2023.0,CEA,Bachelor of Science in Computer Engineering,CPEP0122,2.34,0.46,32,6,18.75
2023.0,CEA,Bachelor of Science in Computer Engineering,CPEP0123,2.55,0.23,24,2,8.33
2023.0,CEA,Bachelor of Science in Computer Engineering,EGEC0103,1.88,0.58,33,1,3.03
2023.0,CEA,Bachelor of Science in Computer Engineering,EGEC0203,1.27,0.08,31,0,0.0
2023.0,CEA,Bachelor of Science in Computer Engineering,EGEC0303,1.36,0.14,34,0,0.0
2023.0,CEA,Bachelor of Science in Computer Engineering,EMAT0103,3.41,1.01,41,32,78.05
2023.0,CEA,Bachelor of Science in Computer Engineering,EMAT0203,2.61,0.88,22,5,22.73
2023.0,CEA,Bachelor of Science in Computer Engineering,EMAT0503,2.22,0.91,23,2,8.7
2023.0,CEA,Bachelor of Science in Computer Engineering,ENPS0104,1.56,0.19,33,0,0.0
2023.0,CEA,Bachelor of Science in Computer Engineering,ENPS0204,2.52,1.1,22,3,13.64
2023.0,CEA,Bachelor of Science in Computer Engineering,NGEC0103,1.61,0.24,33,0,0.0
2023.0,CEA,Bachelor of Science in Computer Engineering,NGEC0203,1.25,0.0,31,0,0.0
2023.0,CEA,Bachelor of Science in Computer Engineering,NGEC0303,1.25,0.0,2,0,0.0
2023.0,CEA,Bachelor of Science in Computer Engineering,NGEC0403,1.81,0.63,31,1,3.23
2023.0,CEA,Bachelor of Science in Computer Engineering,NGEC0603,1.09,0.24,35,0,0.0
2023.0,CEA,Bachelor of Science in Computer Engineering,NGEC0703,1.5,,1,0,0.0
2023.0,CEA,Bachelor of Science in Computer Engineering,NSTP0113,1.73,0.33,33,0,0.0
2023.0,CEA,Bachelor of Science in Computer Engineering,NSTP0223,1.47,0.25,30,0,0.0
2023.0,CEA,Bachelor of Science in Computer Engineering,PEDU0112,1.3,0.16,33,0,0.0
2023.0,CEA,Bachelor of Science in Computer Engineering,PEDU0222,1.45,0.3,30,0,0.0
2023.0,CEA,Bachelor of Science in Computer Engineering,UIEC0101,1.25,,1,0,0.0
2023.0,CEA,Bachelor of Science in Electrical Engineering,BECC0201,2.1,0.61,138,6,4.35
2023.0,CEA,Bachelor of Science in Electrical Engineering,BECC1003,3.08,1.11,159,75,47.17
2023.0,CEA,Bachelor of Science in Electrical Engineering,BOSH0101,2.03,0.89,126,13,10.32
2023.0,CEA,Bachelor of Science in Electrical Engineering,CEEN0322,1.99,0.55,121,6,4.96
2023.0,CEA,Bachelor of Science in Electrical Engineering,EAAC0203,3.05,1.06,142,54,38.03
2023.0,CEA,Bachelor of Science in Electrical Engineering,EAAC0902,2.18,0.73,127,7,5.51
2023.0,CEA,Bachelor of Science in Electrical Engineering,EAAC1502,2.21,0.54,98,2,2.04
2023.0,CEA,Bachelor of Science in Electrical Engineering,EAAC1702,4.06,1.34,125,95,76.0
2023.0,CEA,Bachelor of Science in Electrical Engineering,ECCE0313,3.51,1.22,116,58,50.0
2023.0,CEA,Bachelor of Science in Electrical Engineering,ECEE0312,2.32,1.12,115,15,13.04
2023.0,CEA,Bachelor of Science in Electrical Engineering,ECEP0404,2.94,1.24,129,49,37.98
2023.0,CEA,Bachelor of Science in Electrical Engineering,ECFC0322,3.2,1.37,115,54,46.96
2023.0,CEA,Bachelor of Science in Electrical Engineering,ECIE0314,2.68,0.42,118,45,38.14
2023.0,CEA,Bachelor of Science in Electrical Engineering,ECMS0322,2.29,0.53,116,5,4.31
2023.0,CEA,Bachelor of Science in Electrical Engineering,EEAD0323,3.53,1.33,118,69,58.47
2023.0,CEA,Bachelor of Science in Electrical Engineering,EEAM0324,4.06,1.17,108,72,66.67
2023.0,CEA,Bachelor of Science in Electrical Engineering,EECE0423,2.79,0.51,124,55,44.35
2023.0,CEA,Bachelor of Science in Electrical Engineering,EEDS0423,3.46,1.05,113,74,65.49
2023.0,CEA,Bachelor of Science in Electrical Engineering,EEEL0413,2.39,0.58,110,19,17.27
2023.0,CEA,Bachelor of Science in Electrical Engineering,EEEL0423,2.46,0.55,120,26,21.67
2023.0,CEA,Bachelor of Science in Electrical Engineering,EEEM0312,3.13,1.14,148,74,50.0
2023.0,CEA,Bachelor of Science in Electrical Engineering,EEEM0412,2.0,0.0,111,0,0.0
2023.0,CEA,Bachelor of Science in Electrical Engineering,EEIC0413,1.15,0.21,136,0,0.0
2023.0,CEA,Bachelor of Science in Electrical Engineering,EELC0323,1.74,0.57,120,5,4.17
2023.0,CEA,Bachelor of Science in Electrical Engineering,EEMP0412,1.96,1.0,114,19,16.67
2023.0,CEA,Bachelor of Science in Electrical Engineering,EEOJT0302,1.64,0.64,37,1,2.7
2023.0,CEA,Bachelor of Science in Electrical Engineering,EEPP0421,2.86,0.41,112,54,48.21
2023.0,CEA,Bachelor of Science in Electrical Engineering,EEPS0424,3.62,1.05,100,68,68.0
2023.0,CEA,Bachelor of Science in Electrical Engineering,EERM0411,2.45,0.4,116,28,24.14
2023.0,CEA,Bachelor of Science in Electrical Engineering,EERP0421,2.55,0.78,116,9,7.76
2023.0,CEA,Bachelor of Science in Electrical Engineering,EESC0421,1.52,0.38,112,1,0.89
2023.0,CEA,Bachelor of Science in Electrical Engineering,EESD0415,2.66,0.61,123,32,26.02
2023.0,CEA,Bachelor of Science in Electrical Engineering,EESP0411,1.11,0.18,111,0,0.0
2023.0,CEA,Bachelor of Science in Electrical Engineering,EGEC0103,1.87,0.76,134,7,5.22
2023.0,CEA,Bachelor of Science in Electrical Engineering,EGEC0203,1.34,0.66,132,4,3.03
2023.0,CEA,Bachelor of Science in Electrical Engineering,EGEC0303,1.38,0.47,139,2,1.44
2023.0,CEA,Bachelor of Science in Electrical Engineering,ELEP0314,2.35,0.96,131,27,20.61
2023.0,CEA,Bachelor of Science in Electrical Engineering,ELEP0424,3.32,1.12,129,91,70.54
2023.0,CEA,Bachelor of Science in Electrical Engineering,ELEP1023,2.3,0.87,124,14,11.29
2023.0,CEA,Bachelor of Science in Electrical Engineering,EMAT0103,2.87,0.52,139,51,36.69
2023.0,CEA,Bachelor of Science in Electrical Engineering,EMAT0203,3.23,0.86,135,94,69.63
2023.0,CEA,Bachelor of Science in Electrical Engineering,EMAT0403,2.5,0.48,126,26,20.63
2023.0,CEA,Bachelor of Science in Electrical Engineering,EMAT0503,2.31,0.37,136,0,0.0
2023.0,CEA,Bachelor of Science in Electrical Engineering,ENNM0313,2.49,0.46,116,21,18.1
2023.0,CEA,Bachelor of Science in Electrical Engineering,ENPS0104,1.47,0.82,136,6,4.41
2023.0,CEA,Bachelor of Science in Electrical Engineering,ENPS0204,2.95,1.4,133,39,29.32
2023.0,CEA,Bachelor of Science in Electrical Engineering,FOLA0103,2.44,0.98,131,21,16.03
2023.0,CEA,Bachelor of Science in Electrical Engineering,FOLA0113,3.75,1.77,2,1,50.0
2023.0,CEA,Bachelor of Science in Electrical Engineering,FOLA0203,1.55,0.26,135,3,2.22
2023.0,CEA,Bachelor of Science in Electrical Engineering,FOLA0223,5.0,,1,1,100.0
2023.0,CEA,Bachelor of Science in Electrical Engineering,GECO0313,1.71,0.13,118,0,0.0
2023.0,CEA,Bachelor of Science in Electrical Engineering,GEEM0313,2.75,,1,0,0.0
2023.0,CEA,Bachelor of Science in Electrical Engineering,GETE0413,1.88,0.94,113,17,15.04
2023.0,CEA,Bachelor of Science in Electrical Engineering,ICTE0112,3.0,,1,1,100.0
2023.0,CEA,Bachelor of Science in Electrical Engineering,MEFM0322,2.83,1.01,137,34,24.82
2023.0,CEA,Bachelor of Science in Electrical Engineering,NGEC0103,1.8,0.78,136,8,5.88
2023.0,CEA,Bachelor of Science in Electrical Engineering,NGEC0203,1.4,0.72,131,5,3.82
2023.0,CEA,Bachelor of Science in Electrical Engineering,NGEC0303,1.02,0.13,121,0,0.0
2023.0,CEA,Bachelor of Science in Electrical Engineering,NGEC0403,1.79,0.63,136,4,2.94
2023.0,CEA,Bachelor of Science in Electrical Engineering,NGEC0503,1.7,0.7,128,4,3.12
2023.0,CEA,Bachelor of Science in Electrical Engineering,NGEC0603,1.09,0.51,137,2,1.46
2023.0,CEA,Bachelor of Science in Electrical Engineering,NGEC0703,1.48,0.27,123,0,0.0
2023.0,CEA,Bachelor of Science in Electrical Engineering,NGEC0803,1.44,0.51,136,2,1.47
2023.0,CEA,Bachelor of Science in Electrical Engineering,NGEC0823,1.8,0.99,119,10,8.4
2023.0,CEA,Bachelor of Science in Electrical Engineering,NGEC1023,1.61,0.58,122,3,2.46
2023.0,CEA,Bachelor of Science in Electrical Engineering,NGEC1223,2.01,0.28,126,0,0.0
2023.0,CEA,Bachelor of Science in Electrical Engineering,NSTP0113,1.78,0.65,135,4,2.96
2023.0,CEA,Bachelor of Science in Electrical Engineering,NSTP0223,1.61,0.64,131,5,3.82
2023.0,CEA,Bachelor of Science in Electrical Engineering,PEDU0112,1.15,0.52,135,2,1.48
2023.0,CEA,Bachelor of Science in Electrical Engineering,PEDU0222,1.43,0.76,134,5,3.73
2023.0,CEA,Bachelor of Science in Electrical Engineering,PEDU0312,1.58,0.55,133,3,2.26
2023.0,CEA,Bachelor of Science in Electrical Engineering,PEDU0422,1.45,0.69,129,4,3.1
2023.0,CEA,Bachelor of Science in Electrical Engineering,PHED0112,5.0,,1,1,100.0
2023.0,CEA,Bachelor of Science in Electrical Engineering,PHED0422,5.0,0.0,2,2,100.0
2023.0,CEA,Bachelor of Science in Electrical Engineering,UIEC0101,1.14,0.56,110,2,1.82
2023.0,CEA,Bachelor of Science in Electrical Engineering,UIEC0201,1.57,0.8,135,7,5.19
2023.0,CEA,Bachelor of Science in Electrical Engineering,UIEC0301,1.0,0.04,136,0,0.0
2023.0,CEA,Bachelor of Science in Electronics Engineering,BECC0101,2.09,0.45,68,4,5.88
2023.0,CEA,Bachelor of Science in Electronics Engineering,BECC0303.,3.18,1.0,64,42,65.62
2023.0,CEA,Bachelor of Science in Electronics Engineering,CEEN0423,2.05,0.66,69,6,8.7
2023.0,CEA,Bachelor of Science in Electronics Engineering,EAAC0104,3.72,1.41,88,54,61.36
2023.0,CEA,Bachelor of Science in Electronics Engineering,EAAC0202,3.32,1.1,71,38,53.52
2023.0,CEA,Bachelor of Science in Electronics Engineering,EAAC0303,2.2,0.49,69,4,5.8
2023.0,CEA,Bachelor of Science in Electronics Engineering,EAAC1702,5.0,0.0,6,6,100.0
2023.0,CEA,Bachelor of Science in Electronics Engineering,ECCD0423,3.05,0.86,66,38,57.58
2023.0,CEA,Bachelor of Science in Electronics Engineering,ECCE0314,2.46,0.24,50,2,4.0
2023.0,CEA,Bachelor of Science in Electronics Engineering,ECCE0324,2.44,0.49,65,7,10.77
2023.0,CEA,Bachelor of Science in Electronics Engineering,ECCE0334,2.74,0.87,50,17,34.0
2023.0,CEA,Bachelor of Science in Electronics Engineering,ECCE0423,2.65,0.31,65,18,27.69
2023.0,CEA,Bachelor of Science in Electronics Engineering,ECCS0324,2.11,0.27,36,1,2.78
2023.0,CEA,Bachelor of Science in Electronics Engineering,ECDE0314,3.58,1.19,50,25,50.0
2023.0,CEA,Bachelor of Science in Electronics Engineering,ECDE0324,3.27,1.19,42,13,30.95
2023.0,CEA,Bachelor of Science in Electronics Engineering,ECDP0411,2.22,1.27,65,11,16.92
2023.0,CEA,Bachelor of Science in Electronics Engineering,ECDP0421,1.57,0.17,64,0,0.0
2023.0,CEA,Bachelor of Science in Electronics Engineering,ECEC0314,2.22,0.44,50,0,0.0
2023.0,CEA,Bachelor of Science in Electronics Engineering,ECEM0313,3.87,1.2,56,37,66.07
2023.0,CEA,Bachelor of Science in Electronics Engineering,ECEM0414,2.74,0.87,70,27,38.57
2023.0,CEA,Bachelor of Science in Electronics Engineering,ECEP0103,2.71,1.02,76,14,18.42
2023.0,CEA,Bachelor of Science in Electronics Engineering,ECEP0204,2.4,0.43,48,4,8.33
2023.0,CEA,Bachelor of Science in Electronics Engineering,ECEP0404,2.54,1.14,64,11,17.19
2023.0,CEA,Bachelor of Science in Electronics Engineering,ECEP0504,2.38,0.9,48,10,20.83
2023.0,CEA,Bachelor of Science in Electronics Engineering,ECEP1004,2.65,0.64,46,7,15.22
2023.0,CEA,Bachelor of Science in Electronics Engineering,ECMR0413,1.75,0.72,67,3,4.48
2023.0,CEA,Bachelor of Science in Electronics Engineering,ECOJ0303,2.0,,1,0,0.0
2023.0,CEA,Bachelor of Science in Electronics Engineering,ECPE0414,2.54,0.65,65,10,15.38
2023.0,CEA,Bachelor of Science in Electronics Engineering,ECPE0424,1.93,0.33,64,1,1.56
2023.0,CEA,Bachelor of Science in Electronics Engineering,ECPS0413,2.41,1.04,66,17,25.76
2023.0,CEA,Bachelor of Science in Electronics Engineering,ECSC0421,1.06,0.49,67,1,1.49
2023.0,CEA,Bachelor of Science in Electronics Engineering,ECSS0414,2.73,1.1,66,16,24.24
2023.0,CEA,Bachelor of Science in Electronics Engineering,EEEC0224,2.14,0.31,52,0,0.0
2023.0,CEA,Bachelor of Science in Electronics Engineering,EGEC0103,1.58,0.35,72,0,0.0
2023.0,CEA,Bachelor of Science in Electronics Engineering,EGEC0203,1.16,0.14,72,0,0.0
2023.0,CEA,Bachelor of Science in Electronics Engineering,EGEC0303,1.28,0.5,73,1,1.37
2023.0,CEA,Bachelor of Science in Electronics Engineering,ELEP0314,2.46,0.53,56,7,12.5
2023.0,CEA,Bachelor of Science in Electronics Engineering,ELEP0424,2.58,1.27,54,10,18.52
2023.0,CEA,Bachelor of Science in Electronics Engineering,EMAT0103,2.87,0.75,83,55,66.27
2023.0,CEA,Bachelor of Science in Electronics Engineering,EMAT0203,3.22,1.29,82,35,42.68
2023.0,CEA,Bachelor of Science in Electronics Engineering,EMAT0403,2.4,0.96,59,10,16.95
2023.0,CEA,Bachelor of Science in Electronics Engineering,EMGT0312,2.47,0.81,70,8,11.43
2023.0,CEA,Bachelor of Science in Electronics Engineering,ENPS0104,2.6,1.38,5,1,20.0
2023.0,CEA,Bachelor of Science in Electronics Engineering,ENPS0114,1.52,0.93,69,4,5.8
2023.0,CEA,Bachelor of Science in Electronics Engineering,ENPS0204,2.5,,1,0,0.0
2023.0,CEA,Bachelor of Science in Electronics Engineering,ENPS0224,2.22,1.13,81,11,13.58
2023.0,CEA,Bachelor of Science in Electronics Engineering,FOLA0103,2.41,0.97,73,12,16.44
2023.0,CEA,Bachelor of Science in Electronics Engineering,FOLA0203,1.66,0.15,76,0,0.0
2023.0,CEA,Bachelor of Science in Electronics Engineering,GECO0313,3.18,0.96,62,44,70.97
2023.0,CEA,Bachelor of Science in Electronics Engineering,GETE0413,1.82,0.56,57,1,1.75
2023.0,CEA,Bachelor of Science in Electronics Engineering,NGEC0103,1.68,0.47,68,1,1.47
2023.0,CEA,Bachelor of Science in Electronics Engineering,NGEC0203,1.62,0.27,67,0,0.0
2023.0,CEA,Bachelor of Science in Electronics Engineering,NGEC0303,1.26,0.28,69,0,0.0
2023.0,CEA,Bachelor of Science in Electronics Engineering,NGEC0403,1.81,0.54,72,1,1.39
2023.0,CEA,Bachelor of Science in Electronics Engineering,NGEC0503,1.25,,1,0,0.0
2023.0,CEA,Bachelor of Science in Electronics Engineering,NGEC0603,1.1,0.24,75,0,0.0
2023.0,CEA,Bachelor of Science in Electronics Engineering,NGEC0703,1.81,0.79,78,4,5.13
2023.0,CEA,Bachelor of Science in Electronics Engineering,NGEC0803,1.48,0.43,79,1,1.27
2023.0,CEA,Bachelor of Science in Electronics Engineering,NGEC1023,1.47,0.7,60,2,3.33
2023.0,CEA,Bachelor of Science in Electronics Engineering,NSTP0113,2.34,1.01,66,9,13.64
2023.0,CEA,Bachelor of Science in Electronics Engineering,NSTP0223,1.86,0.61,66,2,3.03
2023.0,CEA,Bachelor of Science in Electronics Engineering,PEDU0112,1.41,0.81,66,3,4.55
2023.0,CEA,Bachelor of Science in Electronics Engineering,PEDU0222,1.28,0.58,67,1,1.49
2023.0,CEA,Bachelor of Science in Electronics Engineering,PEDU0312,1.49,0.32,75,1,1.33
2023.0,CEA,Bachelor of Science in Electronics Engineering,PEDU0422,1.26,0.2,69,0,0.0
2023.0,CEA,Bachelor of Science in Electronics Engineering,PHED0422,1.75,,1,0,0.0
2023.0,CEA,Bachelor of Science in Electronics Engineering,UIEC0101,1.44,0.86,71,3,4.23
2023.0,CEA,Bachelor of Science in Electronics Engineering,UIEC0201,1.68,0.48,71,1,1.41
2023.0,CEA,Bachelor of Science in Electronics Engineering,UIEC0301,1.22,0.58,76,3,3.95
2023.0,CEA,Bachelor of Science in Industrial Engineering,ACIE0113,1.68,0.26,87,0,0.0
2023.0,CEA,Bachelor of Science in Industrial Engineering,ACIE0223,1.75,0.52,89,1,1.12
2023.0,CEA,Bachelor of Science in Industrial Engineering,ARCD0121,2.0,,1,0,0.0
2023.0,CEA,Bachelor of Science in Industrial Engineering,BECC0201,1.71,0.4,96,2,2.08
2023.0,CEA,Bachelor of Science in Industrial Engineering,BECC0303-...,2.65,0.88,99,15,15.15
2023.0,CEA,Bachelor of Science in Industrial Engineering,BECC1003,2.6,0.53,90,34,37.78
2023.0,CEA,Bachelor of Science in Industrial Engineering,BOSH0101,2.44,0.91,78,13,16.67
2023.0,CEA,Bachelor of Science in Industrial Engineering,CEIE0423,1.45,0.11,82,0,0.0
2023.0,CEA,Bachelor of Science in Industrial Engineering,EAAC2403,2.0,0.46,108,2,1.85
2023.0,CEA,Bachelor of Science in Industrial Engineering,EEIE0413,2.08,0.96,76,4,5.26
2023.0,CEA,Bachelor of Science in Industrial Engineering,EGEC0103,2.03,0.67,96,4,4.17
2023.0,CEA,Bachelor of Science in Industrial Engineering,EGEC0203,1.01,0.05,87,0,0.0
2023.0,CEA,Bachelor of Science in Industrial Engineering,EGEC0303,1.27,0.13,94,0,0.0
2023.0,CEA,Bachelor of Science in Industrial Engineering,EMAT0103,2.29,0.55,97,9,9.28
2023.0,CEA,Bachelor of Science in Industrial Engineering,EMAT0203,2.42,1.05,105,17,16.19
2023.0,CEA,Bachelor of Science in Industrial Engineering,EMAT0403,1.98,0.53,97,2,2.06
2023.0,CEA,Bachelor of Science in Industrial Engineering,ENPS0104,1.53,0.4,99,1,1.01
2023.0,CEA,Bachelor of Science in Industrial Engineering,ENPS0204,1.75,1.35,106,15,14.15
2023.0,CEA,Bachelor of Science in Industrial Engineering,FOLA0103,1.8,0.56,95,2,2.11
2023.0,CEA,Bachelor of Science in Industrial Engineering,FOLA0113,3.69,1.55,4,2,50.0
2023.0,CEA,Bachelor of Science in Industrial Engineering,FOLA0223,2.92,0.14,3,2,66.67
2023.0,CEA,Bachelor of Science in Industrial Engineering,GECO0313,1.45,0.5,83,1,1.2
2023.0,CEA,Bachelor of Science in Industrial Engineering,GEEM0313,2.5,0.58,74,7,9.46
2023.0,CEA,Bachelor of Science in Industrial Engineering,GETE0413,2.08,0.43,86,1,1.16
2023.0,CEA,Bachelor of Science in Industrial Engineering,IEAM0411,1.39,0.35,80,0,0.0
2023.0,CEA,Bachelor of Science in Industrial Engineering,IECE0223,1.88,0.26,6,0,0.0
2023.0,CEA,Bachelor of Science in Industrial Engineering,IECE0423,2.83,0.19,68,32,47.06
2023.0,CEA,Bachelor of Science in Industrial Engineering,IECP0412,2.18,0.27,77,0,0.0
2023.0,CEA,Bachelor of Science in Industrial Engineering,IECP0421,1.8,0.31,70,0,0.0
2023.0,CEA,Bachelor of Science in Industrial Engineering,IEER0313,1.82,0.41,72,0,0.0
2023.0,CEA,Bachelor of Science in Industrial Engineering,IEER0323,1.64,0.43,72,0,0.0
2023.0,CEA,Bachelor of Science in Industrial Engineering,IEFP0413,2.04,0.45,70,2,2.86
2023.0,CEA,Bachelor of Science in Industrial Engineering,IEIM0312,1.99,0.38,81,2,2.47
2023.0,CEA,Bachelor of Science in Industrial Engineering,IEIP0312,1.75,0.44,83,1,1.2
2023.0,CEA,Bachelor of Science in Industrial Engineering,IEIS0413,2.12,0.25,76,0,0.0
2023.0,CEA,Bachelor of Science in Industrial Engineering,IELS0422,1.92,0.29,74,0,0.0
2023.0,CEA,Bachelor of Science in Industrial Engineering,IEOM0324,2.57,0.83,76,14,18.42
2023.0,CEA,Bachelor of Science in Industrial Engineering,IEOR0313,2.52,0.62,70,5,7.14
2023.0,CEA,Bachelor of Science in Industrial Engineering,IEOR0323,2.74,0.59,76,30,39.47
2023.0,CEA,Bachelor of Science in Industrial Engineering,IEPC0123,2.51,0.6,97,10,10.31
2023.0,CEA,Bachelor of Science in Industrial Engineering,IEPC0213,1.25,0.09,91,0,0.0
2023.0,CEA,Bachelor of Science in Industrial Engineering,IEPC0313,1.45,0.54,109,2,1.83
2023.0,CEA,Bachelor of Science in Industrial Engineering,IEPC0423,3.46,1.01,108,81,75.0
2023.0,CEA,Bachelor of Science in Industrial Engineering,IEPC0513,1.93,0.72,91,4,4.4
2023.0,CEA,Bachelor of Science in Industrial Engineering,IEPC0624,2.34,0.68,81,8,9.88
2023.0,CEA,Bachelor of Science in Industrial Engineering,IEPC2321,1.54,0.7,110,5,4.55
2023.0,CEA,Bachelor of Science in Industrial Engineering,IEPC2411,1.0,0.0,106,0,0.0
2023.0,CEA,Bachelor of Science in Industrial Engineering,IEPC2512,1.55,0.44,102,1,0.98
2023.0,CEA,Bachelor of Science in Industrial Engineering,IEPF0413,2.12,1.42,69,13,18.84
2023.0,CEA,Bachelor of Science in Industrial Engineering,IEPM0423,1.46,0.5,76,1,1.32
2023.0,CEA,Bachelor of Science in Industrial Engineering,IEQC0313,2.05,0.56,73,2,2.74
2023.0,CEA,Bachelor of Science in Industrial Engineering,IEQM0323,2.01,0.33,77,3,3.9
2023.0,CEA,Bachelor of Science in Industrial Engineering,IESC0413,1.68,0.32,70,0,0.0
2023.0,CEA,Bachelor of Science in Industrial Engineering,IESE0413,1.93,0.4,77,0,0.0
2023.0,CEA,Bachelor of Science in Industrial Engineering,IESP0411,1.1,0.45,82,1,1.22
2023.0,CEA,Bachelor of Science in Industrial Engineering,IETQ0423,2.07,0.43,69,1,1.45
2023.0,CEA,Bachelor of Science in Industrial Engineering,IEWM0225,3.12,1.35,10,4,40.0
2023.0,CEA,Bachelor of Science in Industrial Engineering,METD0323,2.67,0.97,78,13,16.67
2023.0,CEA,Bachelor of Science in Industrial Engineering,NGEC0103,1.91,0.39,94,1,1.06
2023.0,CEA,Bachelor of Science in Industrial Engineering,NGEC0203,1.54,0.84,95,5,5.26
2023.0,CEA,Bachelor of Science in Industrial Engineering,NGEC0303,1.2,0.46,95,1,1.05
2023.0,CEA,Bachelor of Science in Industrial Engineering,NGEC0403,1.64,0.3,91,0,0.0
2023.0,CEA,Bachelor of Science in Industrial Engineering,NGEC0503,1.86,0.74,99,4,4.04
2023.0,CEA,Bachelor of Science in Industrial Engineering,NGEC0603,1.26,0.5,101,1,0.99
2023.0,CEA,Bachelor of Science in Industrial Engineering,NGEC0703,1.65,0.72,98,4,4.08
2023.0,CEA,Bachelor of Science in Industrial Engineering,NGEC0803,1.19,0.27,96,0,0.0
2023.0,CEA,Bachelor of Science in Industrial Engineering,NGEC0823,5.0,,1,1,100.0
2023.0,CEA,Bachelor of Science in Industrial Engineering,NGEC0903,1.75,,1,0,0.0
2023.0,CEA,Bachelor of Science in Industrial Engineering,NGEC1023,1.66,0.52,79,1,1.27
2023.0,CEA,Bachelor of Science in Industrial Engineering,NSTP0113,1.83,0.47,92,2,2.17
2023.0,CEA,Bachelor of Science in Industrial Engineering,NSTP0223,1.57,0.64,92,3,3.26
2023.0,CEA,Bachelor of Science in Industrial Engineering,PEDU0112,1.25,0.46,101,1,0.99
2023.0,CEA,Bachelor of Science in Industrial Engineering,PEDU0222,1.16,0.47,98,1,1.02
2023.0,CEA,Bachelor of Science in Industrial Engineering,PEDU0312,1.49,0.54,91,1,1.1
2023.0,CEA,Bachelor of Science in Industrial Engineering,PEDU0422,1.41,0.82,89,4,4.49
2023.0,CEA,Bachelor of Science in Industrial Engineering,PHED0312,1.5,,1,0,0.0
2023.0,CEA,Bachelor of Science in Industrial Engineering,PHED0422,1.25,,1,0,0.0
2023.0,CEA,Bachelor of Science in Industrial Engineering,UIEC0101,1.19,0.61,100,2,2.0
2023.0,CEA,Bachelor of Science in Industrial Engineering,UIEC0201,1.11,0.44,101,1,0.99
2023.0,CEA,Bachelor of Science in Industrial Engineering,UIEC0301,1.17,0.29,3,0,0.0
2023.0,CEA,Bachelor of Science in Mechanical Engineering,BECC0101,1.58,0.79,218,10,4.59
2023.0,CEA,Bachelor of Science in Mechanical Engineering,BECC0201,1.05,0.29,221,1,0.45
2023.0,CEA,Bachelor of Science in Mechanical Engineering,BECC0803,2.56,0.49,121,50,41.32
2023.0,CEA,Bachelor of Science in Mechanical Engineering,BECC0903,2.2,0.49,123,2,1.63
2023.0,CEA,Bachelor of Science in Mechanical Engineering,BOSH0101,1.28,0.38,117,1,0.85
2023.0,CEA,Bachelor of Science in Mechanical Engineering,CEEN0313,2.75,,1,0,0.0
2023.0,CEA,Bachelor of Science in Mechanical Engineering,EAAC0201,2.54,0.67,128,16,12.5
2023.0,CEA,Bachelor of Science in Mechanical Engineering,EAAC0713,1.92,0.96,120,12,10.0
2023.0,CEA,Bachelor of Science in Mechanical Engineering,EAAC1803,2.14,0.62,133,13,9.77
2023.0,CEA,Bachelor of Science in Mechanical Engineering,ECCE0413,2.25,0.56,103,6,5.83
2023.0,CEA,Bachelor of Science in Mechanical Engineering,ECME0313,2.81,0.88,147,36,24.49
2023.0,CEA,Bachelor of Science in Mechanical Engineering,EEDA0323,1.13,0.17,133,0,0.0
2023.0,CEA,Bachelor of Science in Mechanical Engineering,EGEC0103,1.93,0.66,217,8,3.69
2023.0,CEA,Bachelor of Science in Mechanical Engineering,EGEC0203,1.08,0.3,214,1,0.47
2023.0,CEA,Bachelor of Science in Mechanical Engineering,EGEC0303,1.31,0.24,227,0,0.0
2023.0,CEA,Bachelor of Science in Mechanical Engineering,EMAT0103,2.43,0.95,225,39,17.33
2023.0,CEA,Bachelor of Science in Mechanical Engineering,EMAT0203,2.82,1.17,205,62,30.24
2023.0,CEA,Bachelor of Science in Mechanical Engineering,EMAT0403,1.82,0.45,123,1,0.81
2023.0,CEA,Bachelor of Science in Mechanical Engineering,EMGT0312,2.35,0.6,124,12,9.68
2023.0,CEA,Bachelor of Science in Mechanical Engineering,ENDA0213,1.69,0.55,140,2,1.43
2023.0,CEA,Bachelor of Science in Mechanical Engineering,ENPS0104,2.35,0.75,213,31,14.55
2023.0,CEA,Bachelor of Science in Mechanical Engineering,ENPS0204,1.94,0.64,205,6,2.93
2023.0,CEA,Bachelor of Science in Mechanical Engineering,FOLA0103,1.95,0.92,244,23,9.43
2023.0,CEA,Bachelor of Science in Mechanical Engineering,FOLA0113,2.0,,1,0,0.0
2023.0,CEA,Bachelor of Science in Mechanical Engineering,FOLA0203,1.51,0.32,147,1,0.68
2023.0,CEA,Bachelor of Science in Mechanical Engineering,FOLA0223,2.75,,1,0,0.0
2023.0,CEA,Bachelor of Science in Mechanical Engineering,GECO0313,2.16,0.43,123,8,6.5
2023.0,CEA,Bachelor of Science in Mechanical Engineering,GEDB0313,3.46,0.99,127,92,72.44
2023.0,CEA,Bachelor of Science in Mechanical Engineering,GETE0413,1.92,0.49,105,1,0.95
2023.0,CEA,Bachelor of Science in Mechanical Engineering,MEAC0413,1.99,0.53,105,2,1.9
2023.0,CEA,Bachelor of Science in Mechanical Engineering,MECA0311,1.53,0.2,119,2,1.68
2023.0,CEA,Bachelor of Science in Mechanical Engineering,MECE0103,3.27,1.3,136,80,58.82
2023.0,CEA,Bachelor of Science in Mechanical Engineering,MEEC0423,2.29,0.79,106,9,8.49
2023.0,CEA,Bachelor of Science in Mechanical Engineering,MEFC0101,1.67,0.62,215,5,2.33
2023.0,CEA,Bachelor of Science in Mechanical Engineering,MEFC0201,1.71,0.53,216,4,1.85
2023.0,CEA,Bachelor of Science in Mechanical Engineering,MEFC0303,2.98,0.7,126,78,61.9
2023.0,CEA,Bachelor of Science in Mechanical Engineering,MEFC0402,2.04,0.69,131,5,3.82
2023.0,CEA,Bachelor of Science in Mechanical Engineering,MEFC0503,1.36,0.48,124,2,1.61
2023.0,CEA,Bachelor of Science in Mechanical Engineering,MEFC0603,3.56,1.17,129,80,62.02
2023.0,CEA,Bachelor of Science in Mechanical Engineering,MEFM0313,3.31,1.04,141,98,69.5
2023.0,CEA,Bachelor of Science in Mechanical Engineering,MEFM0323,3.15,1.03,115,55,47.83
2023.0,CEA,Bachelor of Science in Mechanical Engineering,MEHT0312,2.9,1.15,144,50,34.72
2023.0,CEA,Bachelor of Science in Mechanical Engineering,MEIC0322,3.39,1.08,138,87,63.04
2023.0,CEA,Bachelor of Science in Mechanical Engineering,MEIP0422,1.32,0.11,103,0,0.0
2023.0,CEA,Bachelor of Science in Mechanical Engineering,MEIP0424,1.98,0.44,107,1,0.93
2023.0,CEA,Bachelor of Science in Mechanical Engineering,MELB0321,1.68,0.23,129,0,0.0
2023.0,CEA,Bachelor of Science in Mechanical Engineering,MELB0412,2.1,0.48,107,6,5.61
2023.0,CEA,Bachelor of Science in Mechanical Engineering,MELB0422,1.5,0.32,107,0,0.0
2023.0,CEA,Bachelor of Science in Mechanical Engineering,MELC0422,1.83,0.29,112,2,1.79
2023.0,CEA,Bachelor of Science in Mechanical Engineering,MELE0322,1.42,0.57,127,2,1.57
2023.0,CEA,Bachelor of Science in Mechanical Engineering,MELE0412,1.86,0.45,120,2,1.67
2023.0,CEA,Bachelor of Science in Mechanical Engineering,MEMD0413,2.88,0.94,116,33,28.45
2023.0,CEA,Bachelor of Science in Mechanical Engineering,MEMD0423,2.39,0.48,97,13,13.4
2023.0,CEA,Bachelor of Science in Mechanical Engineering,MEME0313,1.4,0.2,138,0,0.0
2023.0,CEA,Bachelor of Science in Mechanical Engineering,MEMT0323,1.86,0.76,129,8,6.2
2023.0,CEA,Bachelor of Science in Mechanical Engineering,MEPD0414,2.08,0.58,107,6,5.61
2023.0,CEA,Bachelor of Science in Mechanical Engineering,MEPS0411,2.14,0.92,107,11,10.28
2023.0,CEA,Bachelor of Science in Mechanical Engineering,MEPS0421,1.5,0.0,104,0,0.0
2023.0,CEA,Bachelor of Science in Mechanical Engineering,MERE0323,3.13,1.16,140,51,36.43
2023.0,CEA,Bachelor of Science in Mechanical Engineering,MERM0321,3.08,1.43,142,49,34.51
2023.0,CEA,Bachelor of Science in Mechanical Engineering,MEVE0312,1.63,0.29,128,0,0.0
2023.0,CEA,Bachelor of Science in Mechanical Engineering,MOJT0402,1.7,0.86,21,1,4.76
2023.0,CEA,Bachelor of Science in Mechanical Engineering,NGEC0103,1.68,0.49,216,3,1.39
2023.0,CEA,Bachelor of Science in Mechanical Engineering,NGEC0203,1.23,0.33,210,1,0.48
2023.0,CEA,Bachelor of Science in Mechanical Engineering,NGEC0303,1.23,0.5,219,3,1.37
2023.0,CEA,Bachelor of Science in Mechanical Engineering,NGEC0403,2.15,0.97,218,23,10.55
2023.0,CEA,Bachelor of Science in Mechanical Engineering,NGEC0503,1.87,1.32,218,32,14.68
2023.0,CEA,Bachelor of Science in Mechanical Engineering,NGEC0603,1.84,0.98,129,14,10.85
2023.0,CEA,Bachelor of Science in Mechanical Engineering,NGEC0703,1.46,0.44,128,2,1.56
2023.0,CEA,Bachelor of Science in Mechanical Engineering,NGEC0803,1.03,0.1,125,0,0.0
2023.0,CEA,Bachelor of Science in Mechanical Engineering,NGEC0903,1.56,0.7,148,4,2.7
2023.0,CEA,Bachelor of Science in Mechanical Engineering,NGEC1023,1.81,0.59,120,2,1.67
2023.0,CEA,Bachelor of Science in Mechanical Engineering,NSTP0113,1.91,0.89,212,15,7.08
2023.0,CEA,Bachelor of Science in Mechanical Engineering,NSTP0223,1.68,0.76,200,14,7.0
2023.0,CEA,Bachelor of Science in Mechanical Engineering,PEDU0112,1.37,0.66,241,6,2.49
2023.0,CEA,Bachelor of Science in Mechanical Engineering,PEDU0222,1.5,1.03,228,17,7.46
2023.0,CEA,Bachelor of Science in Mechanical Engineering,PEDU0312,1.3,0.22,124,0,0.0
2023.0,CEA,Bachelor of Science in Mechanical Engineering,PEDU0422,1.48,0.79,129,5,3.88
2023.0,CEA,Bachelor of Science in Mechanical Engineering,PHED0312,5.0,0.0,9,9,100.0
2023.0,CEA,Bachelor of Science in Mechanical Engineering,UIEC0101,1.24,0.85,141,7,4.96
2023.0,CEA,Bachelor of Science in Mechanical Engineering,UIEC0201,1.54,1.02,141,10,7.09
2023.0,CEA,Bachelor of Science in Mechanical Engineering,UIEC0301,1.0,0.0,141,0,0.0
2023.0,CEA,Bachelor of Science in Railway Engineering,ARCD0121,1.62,0.85,37,2,5.41
2023.0,CEA,Bachelor of Science in Railway Engineering,ARDP0111,1.79,1.15,38,4,10.53
2023.0,CEA,Bachelor of Science in Railway Engineering,BECC0303-...,1.94,0.77,38,2,5.26
2023.0,CEA,Bachelor of Science in Railway Engineering,BECC1202,1.0,0.0,38,0,0.0
2023.0,CEA,Bachelor of Science in Railway Engineering,EGEC0103,1.88,0.58,38,1,2.63
2023.0,CEA,Bachelor of Science in Railway Engineering,EMAT0103,3.4,1.06,50,37,74.0
2023.0,CEA,Bachelor of Science in Railway Engineering,EMAT0203,2.19,0.79,25,3,12.0
2023.0,CEA,Bachelor of Science in Railway Engineering,ENPS0104,1.61,0.59,38,1,2.63
2023.0,CEA,Bachelor of Science in Railway Engineering,ENPS0204,1.61,0.29,25,0,0.0
2023.0,CEA,Bachelor of Science in Railway Engineering,FOLA0103,1.97,0.6,38,1,2.63
2023.0,CEA,Bachelor of Science in Railway Engineering,NGEC0103,1.64,0.59,38,1,2.63
2023.0,CEA,Bachelor of Science in Railway Engineering,NGEC0403,1.89,0.29,38,1,2.63
2023.0,CEA,Bachelor of Science in Railway Engineering,NGEC0503,1.89,1.03,38,4,10.53
2023.0,CEA,Bachelor of Science in Railway Engineering,NGEC0603,1.47,0.64,37,1,2.7
2023.0,CEA,Bachelor of Science in Railway Engineering,NGEC0703,1.62,0.61,38,1,2.63
2023.0,CEA,Bachelor of Science in Railway Engineering,NGEC0803,1.09,0.24,37,0,0.0
2023.0,CEA,Bachelor of Science in Railway Engineering,NGEC0903,1.5,,1,0,0.0
2023.0,CEA,Bachelor of Science in Railway Engineering,NSTP0113,1.86,0.6,38,1,2.63
2023.0,CEA,Bachelor of Science in Railway Engineering,NSTP0223,1.43,0.19,37,0,0.0
2023.0,CEA,Bachelor of Science in Railway Engineering,PEDU0112,1.33,0.24,37,0,0.0
2023.0,CEA,Bachelor of Science in Railway Engineering,PEDU0222,1.16,0.28,37,0,0.0
2023.0,CEA,Bachelor of Science in Railway Engineering,PEDU0312,1.0,,1,0,0.0
2023.0,CEA,Bachelor of Science in Railway Engineering,UIEC0201,1.0,0.0,38,0,0.0
2023.0,CEA,Bachelor of Science in Railway Engineering,UIEC0301,1.27,0.12,38,0,0.0
2023.0,COAS,Bachelor of Arts in Communication,ACOM0113,2.04,0.63,86,4,4.65
2023.0,COAS,Bachelor of Arts in Communication,ACOM0223,1.64,0.21,81,0,0.0
2023.0,COAS,Bachelor of Arts in Communication,ACOM0323,2.59,0.78,141,36,25.53
2023.0,COAS,Bachelor of Arts in Communication,BCOM0123,2.03,0.88,145,10,6.9
2023.0,COAS,Bachelor of Arts in Communication,BCOM0213,2.13,1.4,143,27,18.88
2023.0,COAS,Bachelor of Arts in Communication,BCOM0613,1.4,0.46,71,1,1.41
2023.0,COAS,Bachelor of Arts in Communication,BCOM0713,1.42,0.31,70,0,0.0
2023.0,COAS,Bachelor of Arts in Communication,BCOM0823,1.71,0.38,70,1,1.43
2023.0,COAS,Bachelor of Arts in Communication,BCOM0913,1.29,0.51,71,1,1.41
2023.0,COAS,Bachelor of Arts in Communication,BCOM1023,1.45,0.34,69,0,0.0
2023.0,COAS,Bachelor of Arts in Communication,BCOM1133,1.35,0.68,66,2,3.03
2023.0,COAS,Bachelor of Arts in Communication,BCOM1213,1.65,1.23,65,8,12.31
2023.0,COAS,Bachelor of Arts in Communication,BCOM1323,1.68,0.24,65,0,0.0
2023.0,COAS,Bachelor of Arts in Communication,BCOM1423,1.7,0.35,64,0,0.0
2023.0,COAS,Bachelor of Arts in Communication,BCOM1523,1.67,0.33,64,0,0.0
2023.0,COAS,Bachelor of Arts in Communication,CCOM0213,1.79,0.28,29,0,0.0
2023.0,COAS,Bachelor of Arts in Communication,CCOM0313,1.0,0.0,29,0,0.0
2023.0,COAS,Bachelor of Arts in Communication,CCOM0413,1.29,0.4,29,0,0.0
2023.0,COAS,Bachelor of Arts in Communication,ECOM0213,1.65,0.28,71,0,0.0
2023.0,COAS,Bachelor of Arts in Communication,ECOM0323,1.62,0.74,69,3,4.35
2023.0,COAS,Bachelor of Arts in Communication,ECOM0413,1.64,0.55,66,1,1.52
2023.0,COAS,Bachelor of Arts in Communication,ECOM0523,1.82,1.17,69,8,11.59
2023.0,COAS,Bachelor of Arts in Communication,ECOM0613,1.72,0.5,66,1,1.52
2023.0,COAS,Bachelor of Arts in Communication,ECOM0713,1.32,0.47,66,1,1.52
2023.0,COAS,Bachelor of Arts in Communication,ECOM0813,1.23,0.59,64,0,0.0
2023.0,COAS,Bachelor of Arts in Communication,EGEC0103,2.11,1.05,73,8,10.96
2023.0,COAS,Bachelor of Arts in Communication,EGEC0203,1.32,0.62,76,2,2.63
2023.0,COAS,Bachelor of Arts in Communication,EGEC0303,1.61,0.29,69,0,0.0
2023.0,COAS,Bachelor of Arts in Communication,FOLA0103,2.1,0.77,141,8,5.67
2023.0,COAS,Bachelor of Arts in Communication,FOLA0113,2.25,0.43,3,0,0.0
2023.0,COAS,Bachelor of Arts in Communication,FOLA0203,1.95,0.69,149,9,6.04
2023.0,COAS,Bachelor of Arts in Communication,FOLA0223,1.25,0.0,2,0,0.0
2023.0,COAS,Bachelor of Arts in Communication,NCOM0313,1.54,0.58,42,1,2.38
2023.0,COAS,Bachelor of Arts in Communication,NCOM0423,2.2,0.38,41,1,2.44
2023.0,COAS,Bachelor of Arts in Communication,NGEC0103,1.62,0.35,66,0,0.0
2023.0,COAS,Bachelor of Arts in Communication,NGEC0203,1.67,0.5,71,1,1.41
2023.0,COAS,Bachelor of Arts in Communication,NGEC0303,1.15,0.48,71,1,1.41
2023.0,COAS,Bachelor of Arts in Communication,NGEC0403,2.12,0.77,71,4,5.63
2023.0,COAS,Bachelor of Arts in Communication,NGEC0503,2.26,1.13,140,22,15.71
2023.0,COAS,Bachelor of Arts in Communication,NGEC0513,1.25,,1,0,0.0
2023.0,COAS,Bachelor of Arts in Communication,NGEC0603,1.37,0.65,135,3,2.22
2023.0,COAS,Bachelor of Arts in Communication,NGEC0703,2.24,0.87,138,19,13.77
2023.0,COAS,Bachelor of Arts in Communication,NGEC0803,1.52,0.56,136,3,2.21
2023.0,COAS,Bachelor of Arts in Communication,NGEC0903,1.96,0.49,144,3,2.08
2023.0,COAS,Bachelor of Arts in Communication,NGEC1023,2.57,0.69,68,18,26.47
2023.0,COAS,Bachelor of Arts in Communication,NSTP0113,1.85,0.77,65,4,6.15
2023.0,COAS,Bachelor of Arts in Communication,NSTP0223,1.6,0.74,65,2,3.08
2023.0,COAS,Bachelor of Arts in Communication,PEDU0112,1.73,1.15,74,8,10.81
2023.0,COAS,Bachelor of Arts in Communication,PEDU0222,1.48,0.32,82,2,2.44
2023.0,COAS,Bachelor of Arts in Communication,PEDU0312,1.91,0.78,117,6,5.13
2023.0,COAS,Bachelor of Arts in Communication,PEDU0422,1.81,0.86,118,7,5.93
2023.0,COAS,Bachelor of Arts in Communication,PHED0312,1.38,0.53,2,0,0.0
2023.0,COAS,Bachelor of Arts in Communication,UIEC0101,1.94,1.35,92,14,15.22
2023.0,COAS,Bachelor of Arts in Communication,UIEC0201,1.39,1.13,81,7,8.64
2023.0,COAS,Bachelor of Arts in Communication,UIEC0301,1.51,1.01,152,13,8.55
2023.0,COAS,Bachelor of Science in Development Communication,ADCM0113,2.27,1.36,11,2,18.18
2023.0,COAS,Bachelor of Science in Development Communication,ADCM0223,1.61,0.18,9,0,0.0
2023.0,COAS,Bachelor of Science in Development Communication,EGEC0103,2.3,0.94,11,1,9.09
2023.0,COAS,Bachelor of Science in Development Communication,EGEC0203,1.61,1.13,11,1,9.09
2023.0,COAS,Bachelor of Science in Development Communication,EGEC0303,1.03,0.09,8,0,0.0
2023.0,COAS,Bachelor of Science in Development Communication,NGEC0103,1.58,0.25,9,0,0.0
2023.0,COAS,Bachelor of Science in Development Communication,NGEC0203,1.98,1.06,11,1,9.09
2023.0,COAS,Bachelor of Science in Development Communication,NGEC0303,2.5,1.37,11,3,27.27
2023.0,COAS,Bachelor of Science in Development Communication,NGEC0403,2.39,1.36,11,3,27.27
2023.0,COAS,Bachelor of Science in Development Communication,NGEC0903,5.0,,1,1,100.0
2023.0,COAS,Bachelor of Science in Development Communication,NSTP0113,2.39,1.32,11,2,18.18
2023.0,COAS,Bachelor of Science in Development Communication,NSTP0223,1.47,0.51,9,0,0.0
2023.0,COAS,Bachelor of Science in Development Communication,PEDU0112,2.23,1.8,11,3,27.27
2023.0,COAS,Bachelor of Science in Development Communication,PEDU0222,1.44,0.11,9,0,0.0
2023.0,COAS,Bachelor of Science in Development Communication,UIEC0101,3.77,1.71,11,7,63.64
2023.0,COAS,Bachelor of Science in Development Communication,UIEC0201,1.0,0.0,9,0,0.0
2023.0,CTEC,Bachelor of Science in Industrial Technology,BTAU0915,2.06,0.32,41,0,0.0
2023.0,CTEC,Bachelor of Science in Industrial Technology,BTAU1012,1.97,0.27,41,0,0.0
2023.0,CTEC,Bachelor of Science in Industrial Technology,BTAU1125,2.41,1.0,41,5,12.2
2023.0,CTEC,Bachelor of Science in Industrial Technology,BTAU1222,2.18,0.67,41,2,4.88
2023.0,CTEC,Bachelor of Science in Industrial Technology,BTDR0515,2.5,,1,0,0.0
2023.0,CTEC,Bachelor of Science in Industrial Technology,BTDR0612,2.5,,1,0,0.0
2023.0,CTEC,Bachelor of Science in Industrial Technology,BTDR0725,5.0,,1,1,100.0
2023.0,CTEC,Bachelor of Science in Industrial Technology,BTDR0822,5.0,,1,1,100.0
2023.0,CTEC,Bachelor of Science in Industrial Technology,BTDR0915,2.17,0.25,21,0,0.0
2023.0,CTEC,Bachelor of Science in Industrial Technology,BTDR1012,2.17,0.25,21,0,0.0
2023.0,CTEC,Bachelor of Science in Industrial Technology,BTDR1125,1.83,0.27,21,0,0.0
2023.0,CTEC,Bachelor of Science in Industrial Technology,BTDR1222,1.83,0.27,21,0,0.0
2023.0,CTEC,Bachelor of Science in Industrial Technology,BTEC0915,2.09,0.94,36,3,8.33
2023.0,CTEC,Bachelor of Science in Industrial Technology,BTEC1012,2.09,0.94,36,3,8.33
2023.0,CTEC,Bachelor of Science in Industrial Technology,BTEC1125,1.75,0.34,32,0,0.0
2023.0,CTEC,Bachelor of Science in Industrial Technology,BTEC1222,1.75,0.34,32,0,0.0
2023.0,CTEC,Bachelor of Science in Industrial Technology,BTEX0915,1.62,0.2,18,0,0.0
2023.0,CTEC,Bachelor of Science in Industrial Technology,BTEX1012,1.62,0.2,18,0,0.0
2023.0,CTEC,Bachelor of Science in Industrial Technology,BTEX1125,1.68,0.83,18,1,5.56
2023.0,CTEC,Bachelor of Science in Industrial Technology,BTEX1222,1.68,0.83,18,1,5.56
2023.0,CTEC,Bachelor of Science in Industrial Technology,BTFS0915,2.32,0.75,34,3,8.82
2023.0,CTEC,Bachelor of Science in Industrial Technology,BTFS1012,2.26,0.73,34,2,5.88
2023.0,CTEC,Bachelor of Science in Industrial Technology,BTFS1125,1.86,0.31,34,0,0.0
2023.0,CTEC,Bachelor of Science in Industrial Technology,BTFS1222,2.1,0.33,34,0,0.0
2023.0,CTEC,Bachelor of Science in Industrial Technology,BTGF0915,2.07,1.3,7,1,14.29
2023.0,CTEC,Bachelor of Science in Industrial Technology,BTGF1012,2.04,1.32,7,1,14.29
2023.0,CTEC,Bachelor of Science in Industrial Technology,BTGF1125,1.46,0.17,7,0,0.0
2023.0,CTEC,Bachelor of Science in Industrial Technology,BTGF1222,1.54,0.17,7,0,0.0
2023.0,CTEC,Bachelor of Science in Industrial Technology,BTHV0915,1.61,0.2,7,0,0.0
2023.0,CTEC,Bachelor of Science in Industrial Technology,BTHV1012,1.64,0.2,7,0,0.0
2023.0,CTEC,Bachelor of Science in Industrial Technology,BTHV1125,1.71,0.47,7,0,0.0
2023.0,CTEC,Bachelor of Science in Industrial Technology,BTHV1222,1.54,0.1,6,0,0.0
2023.0,CTEC,Bachelor of Science in Industrial Technology,BTIP0112,1.69,0.4,159,0,0.0
2023.0,CTEC,Bachelor of Science in Industrial Technology,BTIP0212,1.56,0.31,163,1,0.61
2023.0,CTEC,Bachelor of Science in Industrial Technology,BTME0915,2.0,0.0,23,0,0.0
2023.0,CTEC,Bachelor of Science in Industrial Technology,BTME1012,1.75,0.0,23,0,0.0
2023.0,CTEC,Bachelor of Science in Industrial Technology,BTME1125,1.89,0.13,22,0,0.0
2023.0,CTEC,Bachelor of Science in Industrial Technology,BTME1222,1.89,0.13,22,0,0.0
2023.0,CTEC,Bachelor of Science in Industrial Technology,BTPS0113,1.96,0.43,206,2,0.97
2023.0,CTEC,Bachelor of Science in Industrial Technology,BTPS0213,1.92,0.73,203,9,4.43
2023.0,CTEC,Bachelor of Science in Industrial Technology,BTPS0313,2.22,0.52,201,5,2.49
2023.0,CTEC,Bachelor of Science in Industrial Technology,BTPS0423,1.73,0.39,199,2,1.01
2023.0,CTEC,Bachelor of Science in Industrial Technology,BTPS0523,3.57,1.68,201,116,57.71
2023.0,CTEC,Bachelor of Science in Industrial Technology,BTPS0623,2.14,0.83,203,13,6.4
2023.0,CTEC,Bachelor of Science in Industrial Technology,BTPS0723,2.62,1.44,197,51,25.89
2023.0,CTEC,Bachelor of Science in Industrial Technology,BTPS0823,2.47,1.14,200,33,16.5
2023.0,CTEC,Bachelor of Science in Industrial Technology,BTWF0915,2.49,0.2,25,1,4.0
2023.0,CTEC,Bachelor of Science in Industrial Technology,BTWF1012,2.28,0.23,25,1,4.0
2023.0,CTEC,Bachelor of Science in Industrial Technology,BTWF1125,3.01,1.16,25,6,24.0
2023.0,CTEC,Bachelor of Science in Industrial Technology,BTWF1222,2.58,0.58,25,3,12.0
2023.0,CTEC,Bachelor of Science in Industrial Technology,DRAW0111,2.08,0.38,3,0,0.0
2023.0,CTEC,Bachelor of Science in Industrial Technology,DRAW0221,3.05,1.79,5,2,40.0
2023.0,CTEC,Bachelor of Science in Industrial Technology,DRAW0311,1.9,0.13,18,0,0.0
2023.0,CTEC,Bachelor of Science in Industrial Technology,DRAW0421,1.88,0.16,24,0,0.0
2023.0,CTEC,Bachelor of Science in Industrial Technology,EGEC0103,2.58,1.39,607,147,24.22
2023.0,CTEC,Bachelor of Science in Industrial Technology,EGEC0203,3.09,1.65,600,252,42.0
2023.0,CTEC,Bachelor of Science in Industrial Technology,EGEC0303,1.7,1.03,524,48,9.16
2023.0,CTEC,Bachelor of Science in Industrial Technology,EMAT0103,3.01,0.77,241,110,45.64
2023.0,CTEC,Bachelor of Science in Industrial Technology,EMAT0203,2.54,0.66,235,25,10.64
2023.0,CTEC,Bachelor of Science in Industrial Technology,FOLA0223,3.17,1.45,6,2,33.33
2023.0,CTEC,Bachelor of Science in Industrial Technology,FPHY0813,1.31,0.47,4,0,0.0
2023.0,CTEC,Bachelor of Science in Industrial Technology,ICTE0923,2.65,0.22,5,1,20.0
2023.0,CTEC,Bachelor of Science in Industrial Technology,MATH0913,3.25,2.47,2,1,50.0
2023.0,CTEC,Bachelor of Science in Industrial Technology,NGEC0103,2.71,1.13,521,137,26.3
2023.0,CTEC,Bachelor of Science in Industrial Technology,NGEC0203,3.12,2.65,2,1,50.0
2023.0,CTEC,Bachelor of Science in Industrial Technology,NGEC0303,1.38,0.66,225,7,3.11
2023.0,CTEC,Bachelor of Science in Industrial Technology,NGEC0403,3.03,1.42,595,197,33.11
2023.0,CTEC,Bachelor of Science in Industrial Technology,NGEC0503,2.9,1.23,5,1,20.0
2023.0,CTEC,Bachelor of Science in Industrial Technology,NGEC0513,5.0,,1,1,100.0
2023.0,CTEC,Bachelor of Science in Industrial Technology,NGEC0603,2.01,0.85,528,42,7.95
2023.0,CTEC,Bachelor of Science in Industrial Technology,NGEC0703,2.09,0.67,241,14,5.81
2023.0,CTEC,Bachelor of Science in Industrial Technology,NGEC0723,5.0,,1,1,100.0
2023.0,CTEC,Bachelor of Science in Industrial Technology,NGEC0803,2.02,1.03,239,40,16.74
2023.0,CTEC,Bachelor of Science in Industrial Technology,NGEC0823,1.25,,1,0,0.0
2023.0,CTEC,Bachelor of Science in Industrial Technology,NGEC0903,5.0,,1,1,100.0
2023.0,CTEC,Bachelor of Science in Industrial Technology,NGEC1023,2.06,0.54,194,8,4.12
2023.0,CTEC,Bachelor of Science in Industrial Technology,NGEC1223,1.0,0.0,2,0,0.0
2023.0,CTEC,Bachelor of Science in Industrial Technology,NSTP0113,2.31,1.06,579,83,14.34
2023.0,CTEC,Bachelor of Science in Industrial Technology,NSTP0223,2.01,0.98,504,81,16.07
2023.0,CTEC,Bachelor of Science in Industrial Technology,PEDU0112,2.47,1.52,616,155,25.16
2023.0,CTEC,Bachelor of Science in Industrial Technology,PEDU0222,1.8,0.94,494,34,6.88
2023.0,CTEC,Bachelor of Science in Industrial Technology,PEDU0312,1.88,0.49,160,2,1.25
2023.0,CTEC,Bachelor of Science in Industrial Technology,PEDU0422,1.29,0.5,223,4,1.79
2023.0,CTEC,Bachelor of Science in Industrial Technology,PHED0312,3.12,2.65,2,1,50.0
2023.0,CTEC,Bachelor of Science in Industrial Technology,PHED0422,3.25,2.47,2,1,50.0
2023.0,CTEC,Bachelor of Science in Industrial Technology,PSSC0513,1.92,0.42,199,3,1.51
2023.0,CTEC,Bachelor of Science in Industrial Technology,PSSC0613,2.17,1.18,200,28,14.0
2023.0,CTEC,Bachelor of Science in Industrial Technology,PSSC0923,2.19,0.54,194,14,7.22
2023.0,CTEC,Bachelor of Science in Industrial Technology,PSYC1113,3.1,1.1,5,2,40.0
2023.0,CTEC,Bachelor of Science in Industrial Technology,TADT0203,2.54,1.13,74,12,16.22
2023.0,CTEC,Bachelor of Science in Industrial Technology,TADT0303,2.45,1.27,65,12,18.46
2023.0,CTEC,Bachelor of Science in Industrial Technology,TADT0403,2.42,1.22,65,11,16.92
2023.0,CTEC,Bachelor of Science in Industrial Technology,TADT0503,1.63,0.31,23,0,0.0
2023.0,CTEC,Bachelor of Science in Industrial Technology,TADT0603,1.74,0.31,23,0,0.0
2023.0,CTEC,Bachelor of Science in Industrial Technology,TADT0703,1.37,0.27,23,0,0.0
2023.0,CTEC,Bachelor of Science in Industrial Technology,TADT0803,1.55,0.31,23,0,0.0
2023.0,CTEC,Bachelor of Science in Industrial Technology,TADT0903,1.59,0.37,23,0,0.0
2023.0,CTEC,Bachelor of Science in Industrial Technology,TADTC0112,2.6,1.06,74,11,14.86
2023.0,CTEC,Bachelor of Science in Industrial Technology,TAFT0103,2.07,1.13,17,2,11.76
2023.0,CTEC,Bachelor of Science in Industrial Technology,TAFT0203,2.04,1.17,17,2,11.76
2023.0,CTEC,Bachelor of Science in Industrial Technology,TAFT0303,2.06,0.95,13,1,7.69
2023.0,CTEC,Bachelor of Science in Industrial Technology,TAFT0403,2.02,0.92,13,1,7.69
2023.0,CTEC,Bachelor of Science in Industrial Technology,TAFT0503,1.53,0.21,8,0,0.0
2023.0,CTEC,Bachelor of Science in Industrial Technology,TAFT0603,1.56,0.18,8,0,0.0
2023.0,CTEC,Bachelor of Science in Industrial Technology,TAFT0703,1.72,0.28,8,0,0.0
2023.0,CTEC,Bachelor of Science in Industrial Technology,TAFT0803,1.59,0.67,8,0,0.0
2023.0,CTEC,Bachelor of Science in Industrial Technology,TAFT0903,1.81,0.42,8,0,0.0
2023.0,CTEC,Bachelor of Science in Industrial Technology,TATM0103,2.25,1.01,116,15,12.93
2023.0,CTEC,Bachelor of Science in Industrial Technology,TATM0203,2.14,0.52,37,1,2.7
2023.0,CTEC,Bachelor of Science in Industrial Technology,TATM0303,2.13,1.02,37,4,10.81
2023.0,CTEC,Bachelor of Science in Industrial Technology,TATM0403,1.83,0.53,39,1,2.56
2023.0,CTEC,Bachelor of Science in Industrial Technology,TATM0603,1.83,0.53,39,1,2.56
2023.0,CTEC,Bachelor of Science in Industrial Technology,TATM0703,2.17,1.02,102,11,10.78
2023.0,CTEC,Bachelor of Science in Industrial Technology,TATM0803,1.96,0.21,37,0,0.0
2023.0,CTEC,Bachelor of Science in Industrial Technology,TATM1503,2.23,0.99,115,14,12.17
2023.0,CTEC,Bachelor of Science in Industrial Technology,TATM1603,2.06,0.84,103,7,6.8
2023.0,CTEC,Bachelor of Science in Industrial Technology,TCUT0113,2.28,0.97,90,9,10.0
2023.0,CTEC,Bachelor of Science in Industrial Technology,TCUT0213,2.21,0.98,90,9,10.0
2023.0,CTEC,Bachelor of Science in Industrial Technology,TCUT0323,1.93,0.74,80,3,3.75
2023.0,CTEC,Bachelor of Science in Industrial Technology,TCUT0423,1.97,0.73,80,3,3.75
2023.0,CTEC,Bachelor of Science in Industrial Technology,TCUT0513,1.62,0.2,40,0,0.0
2023.0,CTEC,Bachelor of Science in Industrial Technology,TCUT0613,1.68,0.16,40,0,0.0
2023.0,CTEC,Bachelor of Science in Industrial Technology,TCUT0723,2.11,0.57,40,1,2.5
2023.0,CTEC,Bachelor of Science in Industrial Technology,TCUT0823,1.89,0.56,40,1,2.5
2023.0,CTEC,Bachelor of Science in Industrial Technology,TCUT0923,2.01,0.53,40,1,2.5
2023.0,CTEC,Bachelor of Science in Industrial Technology,TEAC0112,2.62,1.13,629,114,18.12
2023.0,CTEC,Bachelor of Science in Industrial Technology,TEAC0222,2.72,1.32,238,58,24.37
2023.0,CTEC,Bachelor of Science in Industrial Technology,TEAC0413,2.2,1.15,239,32,13.39
2023.0,CTEC,Bachelor of Science in Industrial Technology,TEAC0723,2.97,0.9,241,112,46.47
2023.0,CTEC,Bachelor of Science in Industrial Technology,TEFC0113,2.39,1.21,630,112,17.78
2023.0,CTEC,Bachelor of Science in Industrial Technology,TEFC0223,2.01,1.28,523,77,14.72
2023.0,CTEC,Bachelor of Science in Industrial Technology,TEFC0313,1.92,0.41,241,0,0.0
2023.0,CTEC,Bachelor of Science in Industrial Technology,TEFC0423,1.9,1.32,238,36,15.13
2023.0,CTEC,Bachelor of Science in Industrial Technology,TEFC0523,2.92,1.12,549,193,35.15
2023.0,CTEC,Bachelor of Science in Industrial Technology,TELC0103,2.72,1.25,106,31,29.25
2023.0,CTEC,Bachelor of Science in Industrial Technology,TELC0203,2.72,1.25,106,31,29.25
2023.0,CTEC,Bachelor of Science in Industrial Technology,TELC0303,2.89,1.08,91,26,28.57
2023.0,CTEC,Bachelor of Science in Industrial Technology,TELC0403,2.89,1.08,91,26,28.57
2023.0,CTEC,Bachelor of Science in Industrial Technology,TELC0503,2.0,0.0,28,0,0.0
2023.0,CTEC,Bachelor of Science in Industrial Technology,TELC0603,2.19,0.24,28,0,0.0
2023.0,CTEC,Bachelor of Science in Industrial Technology,TELC0703,1.74,0.05,28,0,0.0
2023.0,CTEC,Bachelor of Science in Industrial Technology,TELC0803,2.22,0.59,29,1,3.45
2023.0,CTEC,Bachelor of Science in Industrial Technology,TELC0903,2.1,0.56,29,1,3.45
2023.0,CTEC,Bachelor of Science in Industrial Technology,TELX0103,3.0,1.01,53,14,26.42
2023.0,CTEC,Bachelor of Science in Industrial Technology,TELX0203,3.0,1.01,53,14,26.42
2023.0,CTEC,Bachelor of Science in Industrial Technology,TELX0303,2.63,0.73,42,6,14.29
2023.0,CTEC,Bachelor of Science in Industrial Technology,TELX0403,2.63,0.73,42,6,14.29
2023.0,CTEC,Bachelor of Science in Industrial Technology,TELX0503,1.95,0.19,20,0,0.0
2023.0,CTEC,Bachelor of Science in Industrial Technology,TELX0603,1.95,0.19,20,0,0.0
2023.0,CTEC,Bachelor of Science in Industrial Technology,TELX0703,2.19,0.18,20,0,0.0
2023.0,CTEC,Bachelor of Science in Industrial Technology,TELX0803,2.26,0.19,20,0,0.0
2023.0,CTEC,Bachelor of Science in Industrial Technology,TELX0903,2.34,0.15,20,0,0.0
2023.0,CTEC,Bachelor of Science in Industrial Technology,TEPC0103,3.03,1.52,630,236,37.46
2023.0,CTEC,Bachelor of Science in Industrial Technology,TEPC0202,2.44,1.03,549,82,14.94
2023.0,CTEC,Bachelor of Science in Industrial Technology,THVA0103,1.75,0.16,20,0,0.0
2023.0,CTEC,Bachelor of Science in Industrial Technology,THVA0203,1.67,0.21,19,0,0.0
2023.0,CTEC,Bachelor of Science in Industrial Technology,THVA0303,1.83,0.29,21,0,0.0
2023.0,CTEC,Bachelor of Science in Industrial Technology,THVA0403,1.79,0.24,19,0,0.0
2023.0,CTEC,Bachelor of Science in Industrial Technology,THVA0503,1.84,0.33,26,0,0.0
2023.0,CTEC,Bachelor of Science in Industrial Technology,THVA0603,1.84,0.35,26,0,0.0
2023.0,CTEC,Bachelor of Science in Industrial Technology,THVA0703,1.82,0.7,26,1,3.85
2023.0,CTEC,Bachelor of Science in Industrial Technology,THVA0803,1.81,0.68,26,1,3.85
2023.0,CTEC,Bachelor of Science in Industrial Technology,THVA1603,1.73,0.69,26,1,3.85
2023.0,CTEC,Bachelor of Science in Industrial Technology,TMEC0103,2.45,0.93,107,12,11.21
2023.0,CTEC,Bachelor of Science in Industrial Technology,TMEC0203,2.42,0.93,108,13,12.04
2023.0,CTEC,Bachelor of Science in Industrial Technology,TMEC0303,2.31,0.89,94,9,9.57
2023.0,CTEC,Bachelor of Science in Industrial Technology,TMEC0403,2.31,0.89,94,9,9.57
2023.0,CTEC,Bachelor of Science in Industrial Technology,TMEC0503,2.7,0.64,32,3,9.38
2023.0,CTEC,Bachelor of Science in Industrial Technology,TMEC0603,2.7,0.64,32,3,9.38
2023.0,CTEC,Bachelor of Science in Industrial Technology,TMEC0703,2.48,0.86,32,5,15.62
2023.0,CTEC,Bachelor of Science in Industrial Technology,TMEC0803,2.48,0.86,32,5,15.62
2023.0,CTEC,Bachelor of Science in Industrial Technology,TMEC0903,2.48,0.86,32,5,15.62
2023.0,CTEC,Bachelor of Science in Industrial Technology,TWAF0103,3.38,1.14,47,31,65.96
2023.0,CTEC,Bachelor of Science in Industrial Technology,TWAF0203,3.28,1.05,47,34,72.34
2023.0,CTEC,Bachelor of Science in Industrial Technology,TWAF0303,3.56,1.19,43,35,81.4
2023.0,CTEC,Bachelor of Science in Industrial Technology,TWAF0403,3.51,1.2,42,32,76.19
2023.0,CTEC,Bachelor of Science in Industrial Technology,TWAF0503,2.15,0.66,21,1,4.76
2023.0,CTEC,Bachelor of Science in Industrial Technology,TWAF0603,1.96,0.2,21,0,0.0
2023.0,CTEC,Bachelor of Science in Industrial Technology,TWAF0703,2.19,0.69,21,2,9.52
2023.0,CTEC,Bachelor of Science in Industrial Technology,TWAF0803,2.01,0.37,22,1,4.55
2023.0,CTEC,Bachelor of Science in Industrial Technology,TWAF0903,2.1,0.33,22,2,9.09
2023.0,CTEC,Bachelor of Science in Industrial Technology,UIEC0101,1.25,0.0,240,0,0.0
2023.0,CTEC,Bachelor of Science in Industrial Technology,UIEC0201,1.22,0.72,241,8,3.32
2023.0,CTEC,Bachelor of Science in Industrial Technology,UIEC0301,1.78,1.13,239,27,11.3
2023.0,CTEC,Bachelor of Technical-Vocational Teacher Education,BTLE0803,2.14,1.08,119,14,11.76
2023.0,CTEC,Bachelor of Technical-Vocational Teacher Education,BTLE1413,1.57,0.51,123,2,1.63
2023.0,CTEC,Bachelor of Technical-Vocational Teacher Education,CENC0223,1.34,0.31,88,0,0.0
2023.0,CTEC,Bachelor of Technical-Vocational Teacher Education,DRAW0221,1.88,0.14,4,0,0.0
2023.0,CTEC,Bachelor of Technical-Vocational Teacher Education,DRAW0311,1.7,0.27,5,0,0.0
2023.0,CTEC,Bachelor of Technical-Vocational Teacher Education,DRAW0421,1.7,0.21,5,0,0.0
2023.0,CTEC,Bachelor of Technical-Vocational Teacher Education,EANI0513,2.3,1.37,11,2,18.18
2023.0,CTEC,Bachelor of Technical-Vocational Teacher Education,EANI0613,2.2,1.4,11,2,18.18
2023.0,CTEC,Bachelor of Technical-Vocational Teacher Education,EANI0723,2.84,1.72,11,4,36.36
2023.0,CTEC,Bachelor of Technical-Vocational Teacher Education,EANI0823,2.55,1.59,11,3,27.27
2023.0,CTEC,Bachelor of Technical-Vocational Teacher Education,ECCT0513,1.75,0.19,8,0,0.0
2023.0,CTEC,Bachelor of Technical-Vocational Teacher Education,ECCT0613,1.69,0.22,8,0,0.0
2023.0,CTEC,Bachelor of Technical-Vocational Teacher Education,ECCT0723,1.62,0.3,8,0,0.0
2023.0,CTEC,Bachelor of Technical-Vocational Teacher Education,ECCT0823,1.59,0.38,8,0,0.0
2023.0,CTEC,Bachelor of Technical-Vocational Teacher Education,EDRT0513,2.08,0.94,12,1,8.33
2023.0,CTEC,Bachelor of Technical-Vocational Teacher Education,EDRT0613,2.08,0.94,12,1,8.33
2023.0,CTEC,Bachelor of Technical-Vocational Teacher Education,EDRT0723,1.82,0.25,11,0,0.0
2023.0,CTEC,Bachelor of Technical-Vocational Teacher Education,EDRT0823,1.77,0.26,11,0,0.0
2023.0,CTEC,Bachelor of Technical-Vocational Teacher Education,EFSM0113,1.43,0.21,21,0,0.0
2023.0,CTEC,Bachelor of Technical-Vocational Teacher Education,EFSM0323,1.65,0.44,21,0,0.0
2023.0,CTEC,Bachelor of Technical-Vocational Teacher Education,EFSM0423,1.62,0.3,21,0,0.0
2023.0,CTEC,Bachelor of Technical-Vocational Teacher Education,EFSM0513,1.24,0.18,18,0,0.0
2023.0,CTEC,Bachelor of Technical-Vocational Teacher Education,EFSM0613,1.61,1.24,18,2,11.11
2023.0,CTEC,Bachelor of Technical-Vocational Teacher Education,EFSM0723,1.43,0.93,17,1,5.88
2023.0,CTEC,Bachelor of Technical-Vocational Teacher Education,EFSM0823,1.24,0.97,17,1,5.88
2023.0,CTEC,Bachelor of Technical-Vocational Teacher Education,EGEC0103,1.9,1.25,74,10,13.51
2023.0,CTEC,Bachelor of Technical-Vocational Teacher Education,EGEC0203,1.44,0.63,73,2,2.74
2023.0,CTEC,Bachelor of Technical-Vocational Teacher Education,EGEC0303,2.31,1.58,93,25,26.88
2023.0,CTEC,Bachelor of Technical-Vocational Teacher Education,EGFD0113,2.72,1.42,8,2,25.0
2023.0,CTEC,Bachelor of Technical-Vocational Teacher Education,EGFD0323,1.88,0.14,4,0,0.0
2023.0,CTEC,Bachelor of Technical-Vocational Teacher Education,EGFD0423,1.75,0.0,4,0,0.0
2023.0,CTEC,Bachelor of Technical-Vocational Teacher Education,EGFD0513,1.88,0.91,14,1,7.14
2023.0,CTEC,Bachelor of Technical-Vocational Teacher Education,EGFD0613,1.55,0.17,14,0,0.0
2023.0,CTEC,Bachelor of Technical-Vocational Teacher Education,EGFD0723,1.85,0.36,13,0,0.0
2023.0,CTEC,Bachelor of Technical-Vocational Teacher Education,EGFD0823,1.77,0.33,13,0,0.0
2023.0,CTEC,Bachelor of Technical-Vocational Teacher Education,EHRS0113,2.35,1.29,22,4,18.18
2023.0,CTEC,Bachelor of Technical-Vocational Teacher Education,EHRS0323,1.99,0.8,19,1,5.26
2023.0,CTEC,Bachelor of Technical-Vocational Teacher Education,EHRS0423,1.82,0.82,18,1,5.56
2023.0,CTEC,Bachelor of Technical-Vocational Teacher Education,EHRS0513,1.38,0.29,14,0,0.0
2023.0,CTEC,Bachelor of Technical-Vocational Teacher Education,EHRS0613,1.3,0.17,14,0,0.0
2023.0,CTEC,Bachelor of Technical-Vocational Teacher Education,EHRS0723,1.95,0.38,14,0,0.0
2023.0,CTEC,Bachelor of Technical-Vocational Teacher Education,EHRS0823,1.39,0.31,14,0,0.0
2023.0,CTEC,Bachelor of Technical-Vocational Teacher Education,ETIC0103,2.22,0.58,123,6,4.88
2023.0,CTEC,Bachelor of Technical-Vocational Teacher Education,ETIC0213,1.98,0.55,123,4,3.25
2023.0,CTEC,Bachelor of Technical-Vocational Teacher Education,FGEC0523,2.0,,1,0,0.0
2023.0,CTEC,Bachelor of Technical-Vocational Teacher Education,FOLA0103,2.59,0.75,119,19,15.97
2023.0,CTEC,Bachelor of Technical-Vocational Teacher Education,FOLA0113,2.75,0.35,2,1,50.0
2023.0,CTEC,Bachelor of Technical-Vocational Teacher Education,FOLA0203,1.99,0.55,113,4,3.54
2023.0,CTEC,Bachelor of Technical-Vocational Teacher Education,FOLA0223,2.38,0.31,6,1,16.67
2023.0,CTEC,Bachelor of Technical-Vocational Teacher Education,ICTE0923,2.5,,1,0,0.0
2023.0,CTEC,Bachelor of Technical-Vocational Teacher Education,NGEC0103,2.48,1.15,88,13,14.77
2023.0,CTEC,Bachelor of Technical-Vocational Teacher Education,NGEC0203,1.72,1.23,74,9,12.16
2023.0,CTEC,Bachelor of Technical-Vocational Teacher Education,NGEC0303,1.29,0.55,73,1,1.37
2023.0,CTEC,Bachelor of Technical-Vocational Teacher Education,NGEC0403,2.26,0.72,77,4,5.19
2023.0,CTEC,Bachelor of Technical-Vocational Teacher Education,NGEC0503,1.86,0.56,117,3,2.56
2023.0,CTEC,Bachelor of Technical-Vocational Teacher Education,NGEC0603,1.56,0.53,122,2,1.64
2023.0,CTEC,Bachelor of Technical-Vocational Teacher Education,NGEC0703,1.97,0.65,115,4,3.48
2023.0,CTEC,Bachelor of Technical-Vocational Teacher Education,NGEC0723,2.0,,1,0,0.0
2023.0,CTEC,Bachelor of Technical-Vocational Teacher Education,NGEC0803,1.52,0.55,116,2,1.72
2023.0,CTEC,Bachelor of Technical-Vocational Teacher Education,NGEC0903,2.36,1.0,116,13,11.21
2023.0,CTEC,Bachelor of Technical-Vocational Teacher Education,NGEC1023,1.89,0.54,121,4,3.31
2023.0,CTEC,Bachelor of Technical-Vocational Teacher Education,NGEC1223,3.0,2.83,2,1,50.0
2023.0,CTEC,Bachelor of Technical-Vocational Teacher Education,NSTP0113,2.91,1.27,79,24,30.38
2023.0,CTEC,Bachelor of Technical-Vocational Teacher Education,NSTP0223,2.1,1.14,69,11,15.94
2023.0,CTEC,Bachelor of Technical-Vocational Teacher Education,PEDU0112,2.48,1.37,93,20,21.51
2023.0,CTEC,Bachelor of Technical-Vocational Teacher Education,PEDU0222,1.82,0.94,82,6,7.32
2023.0,CTEC,Bachelor of Technical-Vocational Teacher Education,PEDU0312,1.68,0.56,109,2,1.83
2023.0,CTEC,Bachelor of Technical-Vocational Teacher Education,PEDU0422,1.28,0.56,106,2,1.89
2023.0,CTEC,Bachelor of Technical-Vocational Teacher Education,PHED0422,1.5,0.0,4,0,0.0
2023.0,CTEC,Bachelor of Technical-Vocational Teacher Education,PRED0113,2.26,0.99,91,10,10.99
2023.0,CTEC,Bachelor of Technical-Vocational Teacher Education,PRED0213,3.1,0.82,91,51,56.04
2023.0,CTEC,Bachelor of Technical-Vocational Teacher Education,PRED0423,2.44,0.79,83,7,8.43
2023.0,CTEC,Bachelor of Technical-Vocational Teacher Education,PRED0623,2.04,0.57,78,2,2.56
2023.0,CTEC,Bachelor of Technical-Vocational Teacher Education,PRED0713,2.13,0.58,122,6,4.92
2023.0,CTEC,Bachelor of Technical-Vocational Teacher Education,PRED0813,2.1,0.77,121,7,5.79
2023.0,CTEC,Bachelor of Technical-Vocational Teacher Education,PRED1223,2.07,0.95,115,10,8.7
2023.0,CTEC,Bachelor of Technical-Vocational Teacher Education,PRED1513,1.86,0.51,124,2,1.61
2023.0,CTEC,Bachelor of Technical-Vocational Teacher Education,PRED1613,1.62,0.16,125,0,0.0
2023.0,CTEC,Bachelor of Technical-Vocational Teacher Education,PRED1713,1.96,0.57,123,5,4.07
2023.0,CTEC,Bachelor of Technical-Vocational Teacher Education,PRED1823,1.83,0.39,125,1,0.8
2023.0,CTEC,Bachelor of Technical-Vocational Teacher Education,PRED2023,1.79,0.38,123,1,0.81
2023.0,CTEC,Bachelor of Technical-Vocational Teacher Education,PRED2123,1.46,0.45,124,1,0.81
2023.0,CTEC,Bachelor of Technical-Vocational Teacher Education,PRED2213,1.26,0.43,89,1,1.12
2023.0,CTEC,Bachelor of Technical-Vocational Teacher Education,PRED2313,1.25,0.43,89,1,1.12
2023.0,CTEC,Bachelor of Technical-Vocational Teacher Education,PRED2426,1.32,0.27,89,1,1.12
2023.0,CTEC,Bachelor of Technical-Vocational Teacher Education,TATM0103,2.18,1.2,14,2,14.29
2023.0,CTEC,Bachelor of Technical-Vocational Teacher Education,TATM0203,2.29,1.28,12,2,16.67
2023.0,CTEC,Bachelor of Technical-Vocational Teacher Education,TATM0303,1.81,0.22,12,0,0.0
2023.0,CTEC,Bachelor of Technical-Vocational Teacher Education,TATM0403,1.58,0.24,15,0,0.0
2023.0,CTEC,Bachelor of Technical-Vocational Teacher Education,TATM0503,1.58,0.24,15,0,0.0
2023.0,CTEC,Bachelor of Technical-Vocational Teacher Education,TATM0603,1.9,0.16,15,0,0.0
2023.0,CTEC,Bachelor of Technical-Vocational Teacher Education,TATM0703,1.9,0.16,15,0,0.0
2023.0,CTEC,Bachelor of Technical-Vocational Teacher Education,TEAC0112,2.25,,1,0,0.0
2023.0,CTEC,Bachelor of Technical-Vocational Teacher Education,TEAN0913,2.0,0.0,4,0,0.0
2023.0,CTEC,Bachelor of Technical-Vocational Teacher Education,TEAN1013,1.75,0.0,4,0,0.0
2023.0,CTEC,Bachelor of Technical-Vocational Teacher Education,TEAN1123,2.19,0.13,4,0,0.0
2023.0,CTEC,Bachelor of Technical-Vocational Teacher Education,TEAN1223,2.19,0.13,4,0,0.0
2023.0,CTEC,Bachelor of Technical-Vocational Teacher Education,TEAU0913,1.92,0.22,12,0,0.0
2023.0,CTEC,Bachelor of Technical-Vocational Teacher Education,TEAU1013,1.83,0.12,12,0,0.0
2023.0,CTEC,Bachelor of Technical-Vocational Teacher Education,TEAU1123,1.96,0.21,12,0,0.0
2023.0,CTEC,Bachelor of Technical-Vocational Teacher Education,TEAU1223,1.98,0.2,12,0,0.0
2023.0,CTEC,Bachelor of Technical-Vocational Teacher Education,TECC0913,1.44,0.12,4,0,0.0
2023.0,CTEC,Bachelor of Technical-Vocational Teacher Education,TECC1013,1.44,0.12,4,0,0.0
2023.0,CTEC,Bachelor of Technical-Vocational Teacher Education,TECC1123,1.38,0.14,4,0,0.0
2023.0,CTEC,Bachelor of Technical-Vocational Teacher Education,TECC1223,1.38,0.14,4,0,0.0
2023.0,CTEC,Bachelor of Technical-Vocational Teacher Education,TEDR0913,1.94,0.37,8,0,0.0
2023.0,CTEC,Bachelor of Technical-Vocational Teacher Education,TEDR1013,1.94,0.37,8,0,0.0
2023.0,CTEC,Bachelor of Technical-Vocational Teacher Education,TEDR1123,1.59,0.23,8,0,0.0
2023.0,CTEC,Bachelor of Technical-Vocational Teacher Education,TEDR1223,1.59,0.23,8,0,0.0
2023.0,CTEC,Bachelor of Technical-Vocational Teacher Education,TEEC0913,1.9,0.95,13,1,7.69
2023.0,CTEC,Bachelor of Technical-Vocational Teacher Education,TEEC1013,1.9,0.95,13,1,7.69
2023.0,CTEC,Bachelor of Technical-Vocational Teacher Education,TEEC1123,1.62,0.31,12,0,0.0
2023.0,CTEC,Bachelor of Technical-Vocational Teacher Education,TEEC1223,1.62,0.31,12,0,0.0
2023.0,CTEC,Bachelor of Technical-Vocational Teacher Education,TEEX0913,1.88,0.14,6,0,0.0
2023.0,CTEC,Bachelor of Technical-Vocational Teacher Education,TEEX1013,1.88,0.14,6,0,0.0
2023.0,CTEC,Bachelor of Technical-Vocational Teacher Education,TEEX1123,1.5,0.0,6,0,0.0
2023.0,CTEC,Bachelor of Technical-Vocational Teacher Education,TEEX1223,1.62,0.14,6,0,0.0
2023.0,CTEC,Bachelor of Technical-Vocational Teacher Education,TEFM0913,1.53,0.31,26,0,0.0
2023.0,CTEC,Bachelor of Technical-Vocational Teacher Education,TEFM1013,1.38,0.32,26,0,0.0
2023.0,CTEC,Bachelor of Technical-Vocational Teacher Education,TEFM1123,1.62,0.36,26,0,0.0
2023.0,CTEC,Bachelor of Technical-Vocational Teacher Education,TEFM1223,2.06,0.28,26,0,0.0
2023.0,CTEC,Bachelor of Technical-Vocational Teacher Education,TEGF0913,1.25,0.2,13,0,0.0
2023.0,CTEC,Bachelor of Technical-Vocational Teacher Education,TEGF1013,1.37,0.17,13,0,0.0
2023.0,CTEC,Bachelor of Technical-Vocational Teacher Education,TEGF1123,1.48,0.24,13,0,0.0
2023.0,CTEC,Bachelor of Technical-Vocational Teacher Education,TEGF1223,1.54,0.22,13,0,0.0
2023.0,CTEC,Bachelor of Technical-Vocational Teacher Education,TEHR0913,1.38,0.18,17,0,0.0
2023.0,CTEC,Bachelor of Technical-Vocational Teacher Education,TEHR1013,1.68,0.25,17,0,0.0
2023.0,CTEC,Bachelor of Technical-Vocational Teacher Education,TEHR1123,2.24,0.27,17,0,0.0
2023.0,CTEC,Bachelor of Technical-Vocational Teacher Education,TEHR1223,1.47,0.41,17,1,5.88
2023.0,CTEC,Bachelor of Technical-Vocational Teacher Education,TEHV0913,1.5,0.0,2,0,0.0
2023.0,CTEC,Bachelor of Technical-Vocational Teacher Education,TEHV1013,1.5,0.0,2,0,0.0
2023.0,CTEC,Bachelor of Technical-Vocational Teacher Education,TEHV1123,1.5,0.0,2,0,0.0
2023.0,CTEC,Bachelor of Technical-Vocational Teacher Education,TEHV1223,1.5,0.0,2,0,0.0
2023.0,CTEC,Bachelor of Technical-Vocational Teacher Education,TEIP0113,1.14,0.23,89,0,0.0
2023.0,CTEC,Bachelor of Technical-Vocational Teacher Education,TELC0103,2.85,1.28,18,6,33.33
2023.0,CTEC,Bachelor of Technical-Vocational Teacher Education,TELC0303,3.09,1.33,14,6,42.86
2023.0,CTEC,Bachelor of Technical-Vocational Teacher Education,TELC0503,3.09,1.33,14,6,42.86
2023.0,CTEC,Bachelor of Technical-Vocational Teacher Education,TELC0603,1.96,0.19,6,0,0.0
2023.0,CTEC,Bachelor of Technical-Vocational Teacher Education,TELC0703,1.79,0.1,6,0,0.0
2023.0,CTEC,Bachelor of Technical-Vocational Teacher Education,TELC0803,1.67,0.13,6,0,0.0
2023.0,CTEC,Bachelor of Technical-Vocational Teacher Education,TELC1003,1.67,0.13,6,0,0.0
2023.0,CTEC,Bachelor of Technical-Vocational Teacher Education,TELE0313,1.76,0.37,123,1,0.81
2023.0,CTEC,Bachelor of Technical-Vocational Teacher Education,TELE0413,2.41,0.48,125,10,8.0
2023.0,CTEC,Bachelor of Technical-Vocational Teacher Education,TELE0513,1.54,0.35,123,1,0.81
2023.0,CTEC,Bachelor of Technical-Vocational Teacher Education,TELE0613,1.44,0.38,125,1,0.8
2023.0,CTEC,Bachelor of Technical-Vocational Teacher Education,TELE0723,1.66,0.35,125,1,0.8
2023.0,CTEC,Bachelor of Technical-Vocational Teacher Education,TELE0823,2.3,0.37,124,7,5.65
2023.0,CTEC,Bachelor of Technical-Vocational Teacher Education,TELE0923,2.21,0.51,125,7,5.6
2023.0,CTEC,Bachelor of Technical-Vocational Teacher Education,TELX0403,2.7,1.29,5,1,20.0
2023.0,CTEC,Bachelor of Technical-Vocational Teacher Education,TELX0503,2.7,1.29,5,1,20.0
2023.0,CTEC,Bachelor of Technical-Vocational Teacher Education,TELX0603,1.94,0.24,4,0,0.0
2023.0,CTEC,Bachelor of Technical-Vocational Teacher Education,TELX0803,1.94,0.24,4,0,0.0
2023.0,CTEC,Bachelor of Technical-Vocational Teacher Education,TEME0913,1.75,0.0,13,0,0.0
2023.0,CTEC,Bachelor of Technical-Vocational Teacher Education,TEME1013,1.75,0.0,13,0,0.0
2023.0,CTEC,Bachelor of Technical-Vocational Teacher Education,TEME1123,1.96,0.27,13,0,0.0
2023.0,CTEC,Bachelor of Technical-Vocational Teacher Education,TEME1223,1.94,0.23,13,0,0.0
2023.0,CTEC,Bachelor of Technical-Vocational Teacher Education,TEPC0103,2.2,1.21,93,15,16.13
2023.0,CTEC,Bachelor of Technical-Vocational Teacher Education,TEPC0112,2.52,1.28,90,18,20.0
2023.0,CTEC,Bachelor of Technical-Vocational Teacher Education,TEWF0913,2.25,0.0,5,0,0.0
2023.0,CTEC,Bachelor of Technical-Vocational Teacher Education,TEWF1013,2.25,0.0,5,0,0.0
2023.0,CTEC,Bachelor of Technical-Vocational Teacher Education,TEWF1123,2.05,0.11,5,0,0.0
2023.0,CTEC,Bachelor of Technical-Vocational Teacher Education,TEWF1223,2.0,0.0,5,0,0.0
2023.0,CTEC,Bachelor of Technical-Vocational Teacher Education,TMEC0603,2.61,0.13,9,0,0.0
2023.0,CTEC,Bachelor of Technical-Vocational Teacher Education,TMEC0703,2.61,0.13,9,0,0.0
2023.0,CTEC,Bachelor of Technical-Vocational Teacher Education,TMEC0803,1.75,0.0,9,0,0.0
2023.0,CTEC,Bachelor of Technical-Vocational Teacher Education,TMEC1003.,1.75,0.0,9,0,0.0
2023.0,CTEC,Bachelor of Technical-Vocational Teacher Education,TWAF0103,2.67,0.95,9,1,11.11
2023.0,CTEC,Bachelor of Technical-Vocational Teacher Education,TWAF0303,2.81,0.98,8,2,25.0
2023.0,CTEC,Bachelor of Technical-Vocational Teacher Education,TWAF0403,2.72,0.47,8,5,62.5
2023.0,CTEC,Bachelor of Technical-Vocational Teacher Education,TWAF0503,1.98,0.08,11,0,0.0
2023.0,CTEC,Bachelor of Technical-Vocational Teacher Education,TWAF0603,1.75,0.0,10,0,0.0
2023.0,CTEC,Bachelor of Technical-Vocational Teacher Education,TWAF0703,2.36,1.31,11,2,18.18
2023.0,CTEC,Bachelor of Technical-Vocational Teacher Education,TWAF0803,2.36,1.31,11,2,18.18
2023.0,CTEC,Bachelor of Technical-Vocational Teacher Education,UIEC0101,2.06,1.26,95,14,14.74
2023.0,CTEC,Bachelor of Technical-Vocational Teacher Education,UIEC0201,1.43,1.1,95,8,8.42
2023.0,CTEC,Bachelor of Technical-Vocational Teacher Education,UIEC0301,2.2,0.95,93,10,10.75
2024.0,CAHS,Bachelor of Science in Midwifery,CPHC0222,2.38,1.22,18,3,16.67
2024.0,CAHS,Bachelor of Science in Midwifery,CPMP0106,1.61,0.13,33,0,0.0
2024.0,CAHS,Bachelor of Science in Midwifery,CPMP0113.,1.73,0.4,32,0,0.0
2024.0,CAHS,Bachelor of Science in Midwifery,CPMP0527,1.85,0.26,18,0,0.0
2024.0,CAHS,Bachelor of Science in Midwifery,CPMP0613,1.89,0.6,120,4,3.33
2024.0,CAHS,Bachelor of Science in Midwifery,CPMP0713,1.82,0.63,120,4,3.33
2024.0,CAHS,Bachelor of Science in Midwifery,CPMP0823,1.71,0.1,113,0,0.0
2024.0,CAHS,Bachelor of Science in Midwifery,CPMP0923,1.68,0.13,113,0,0.0
2024.0,CAHS,Bachelor of Science in Midwifery,EGEC0103,1.71,0.71,211,7,3.32
2024.0,CAHS,Bachelor of Science in Midwifery,EGEC0203,1.36,0.47,210,2,0.95
2024.0,CAHS,Bachelor of Science in Midwifery,EGEC0303,1.46,0.89,235,13,5.53
2024.0,CAHS,Bachelor of Science in Midwifery,ELEC0101,2.92,1.01,145,56,38.62
2024.0,CAHS,Bachelor of Science in Midwifery,ELEC0102,2.45,0.46,138,6,4.35
2024.0,CAHS,Bachelor of Science in Midwifery,FCMP0314,2.08,0.14,3,0,0.0
2024.0,CAHS,Bachelor of Science in Midwifery,FCMP0423,2.42,0.41,21,3,14.29
2024.0,CAHS,Bachelor of Science in Midwifery,FCMP0515,1.66,0.54,121,2,1.65
2024.0,CAHS,Bachelor of Science in Midwifery,FCMP0625,2.36,0.33,113,11,9.73
2024.0,CAHS,Bachelor of Science in Midwifery,FMDT0213,2.22,0.64,148,8,5.41
2024.0,CAHS,Bachelor of Science in Midwifery,FNAP0115,2.87,0.8,239,86,35.98
2024.0,CAHS,Bachelor of Science in Midwifery,FNMP0324,2.65,0.74,146,33,22.6
2024.0,CAHS,Bachelor of Science in Midwifery,FOLA0103,1.83,0.49,146,3,2.05
2024.0,CAHS,Bachelor of Science in Midwifery,FOLA0203,2.04,1.07,237,26,10.97
2024.0,CAHS,Bachelor of Science in Midwifery,MFHC0111-L,2.52,0.73,239,50,20.92
2024.0,CAHS,Bachelor of Science in Midwifery,MFHC0111-P,2.33,0.84,239,22,9.21
2024.0,CAHS,Bachelor of Science in Midwifery,MFND0213,2.31,0.59,146,16,10.96
2024.0,CAHS,Bachelor of Science in Midwifery,MIDP0100-L,2.55,0.86,214,49,22.9
2024.0,CAHS,Bachelor of Science in Midwifery,MIDP0100-S,2.08,0.85,212,16,7.55
2024.0,CAHS,Bachelor of Science in Midwifery,MIDP0101-L,3.32,1.19,135,66,48.89
2024.0,CAHS,Bachelor of Science in Midwifery,MIDP0101-P,1.94,0.61,135,5,3.7
2024.0,CAHS,Bachelor of Science in Midwifery,MIDP0102-L,2.89,0.83,135,60,44.44
2024.0,CAHS,Bachelor of Science in Midwifery,MIDP0102-P,1.94,0.61,135,5,3.7
2024.0,CAHS,Bachelor of Science in Midwifery,MIDP0106,2.26,1.19,33,5,15.15
2024.0,CAHS,Bachelor of Science in Midwifery,MIDP0111,1.97,0.34,33,0,0.0
2024.0,CAHS,Bachelor of Science in Midwifery,MIDP0112,1.9,0.46,33,0,0.0
2024.0,CAHS,Bachelor of Science in Midwifery,MIDP0113,1.56,0.11,32,0,0.0
2024.0,CAHS,Bachelor of Science in Midwifery,MIDW0413,3.04,0.51,18,14,77.78
2024.0,CAHS,Bachelor of Science in Midwifery,MIDW0523,2.35,0.24,18,0,0.0
2024.0,CAHS,Bachelor of Science in Midwifery,MIDW0613,2.64,0.49,120,32,26.67
2024.0,CAHS,Bachelor of Science in Midwifery,MIDW0713,1.76,0.39,121,1,0.83
2024.0,CAHS,Bachelor of Science in Midwifery,MIDW0813,2.51,0.45,121,9,7.44
2024.0,CAHS,Bachelor of Science in Midwifery,MIDW0923,2.17,0.31,113,3,2.65
2024.0,CAHS,Bachelor of Science in Midwifery,MIDW1023,1.57,0.24,113,0,0.0
2024.0,CAHS,Bachelor of Science in Midwifery,MIDW1123,2.36,0.52,113,5,4.42
2024.0,CAHS,Bachelor of Science in Midwifery,MPHC0101-L,2.45,0.69,146,22,15.07
2024.0,CAHS,Bachelor of Science in Midwifery,MPHC0101-P,1.87,0.51,146,3,2.05
2024.0,CAHS,Bachelor of Science in Midwifery,NGEC0103,1.95,0.71,236,11,4.66
2024.0,CAHS,Bachelor of Science in Midwifery,NGEC0203,1.58,0.95,210,14,6.67
2024.0,CAHS,Bachelor of Science in Midwifery,NGEC0303,1.55,1.37,237,32,13.5
2024.0,CAHS,Bachelor of Science in Midwifery,NGEC0403,1.98,0.84,213,19,8.92
2024.0,CAHS,Bachelor of Science in Midwifery,NGEC0503,1.82,0.7,214,7,3.27
2024.0,CAHS,Bachelor of Science in Midwifery,NGEC0603,1.8,0.86,237,15,6.33
2024.0,CAHS,Bachelor of Science in Midwifery,NGEC0703,1.55,0.78,212,15,7.08
2024.0,CAHS,Bachelor of Science in Midwifery,NGEC0803,1.23,0.73,119,4,3.36
2024.0,CAHS,Bachelor of Science in Midwifery,NGEC0903,1.6,0.39,237,2,0.84
2024.0,CAHS,Bachelor of Science in Midwifery,NSTP0001,1.64,0.17,219,0,0.0
2024.0,CAHS,Bachelor of Science in Midwifery,NSTP0002,1.59,0.41,197,2,1.02
2024.0,CAHS,Bachelor of Science in Midwifery,NSTP0113,1.46,0.2,17,0,0.0
2024.0,CAHS,Bachelor of Science in Midwifery,NSTP0223,1.86,0.45,14,1,7.14
2024.0,CAHS,Bachelor of Science in Midwifery,PCEC0103,2.24,0.31,18,0,0.0
2024.0,CAHS,Bachelor of Science in Midwifery,PCEC0203,2.18,0.27,18,0,0.0
2024.0,CAHS,Bachelor of Science in Midwifery,PEDU0112,1.35,0.69,236,7,2.97
2024.0,CAHS,Bachelor of Science in Midwifery,PEDU0222,1.27,0.66,212,6,2.83
2024.0,CAHS,Bachelor of Science in Midwifery,PEDU0312,1.69,0.54,145,2,1.38
2024.0,CAHS,Bachelor of Science in Midwifery,PEDU0422,1.71,1.2,138,15,10.87
2024.0,CAHS,Bachelor of Science in Midwifery,PMST0101,2.24,0.6,147,10,6.8
2024.0,CAHS,Bachelor of Science in Midwifery,UIEC0201,1.71,1.42,136,21,15.44
2024.0,CAHS,Bachelor of Science in Midwifery,UIEC0301,1.52,0.51,216,10,4.63
2024.0,CAHS,Bachelor of Science in Nursing,EGEC0103,1.25,0.23,136,0,0.0
2024.0,CAHS,Bachelor of Science in Nursing,EGEC0203,1.01,0.08,137,0,0.0
2024.0,CAHS,Bachelor of Science in Nursing,EGEC0303,1.16,0.52,144,2,1.39
2024.0,CAHS,Bachelor of Science in Nursing,FNAP0115,2.14,0.52,136,8,5.88
2024.0,CAHS,Bachelor of Science in Nursing,FNBC0215,1.3,0.63,136,3,2.21
2024.0,CAHS,Bachelor of Science in Nursing,FNMP0324,2.06,0.44,135,2,1.48
2024.0,CAHS,Bachelor of Science in Nursing,FOLA0103,1.82,0.5,343,6,1.75
2024.0,CAHS,Bachelor of Science in Nursing,FOLA0203,1.5,0.2,4,0,0.0
2024.0,CAHS,Bachelor of Science in Nursing,NCEC0123,2.3,0.43,152,17,11.18
2024.0,CAHS,Bachelor of Science in Nursing,NGEC0103,1.25,0.34,136,1,0.74
2024.0,CAHS,Bachelor of Science in Nursing,NGEC0203,1.24,0.36,141,1,0.71
2024.0,CAHS,Bachelor of Science in Nursing,NGEC0303,1.09,0.16,136,0,0.0
2024.0,CAHS,Bachelor of Science in Nursing,NGEC0403,1.79,0.66,325,14,4.31
2024.0,CAHS,Bachelor of Science in Nursing,NGEC0503,1.36,0.4,135,1,0.74
2024.0,CAHS,Bachelor of Science in Nursing,NGEC0603,1.45,0.77,337,14,4.15
2024.0,CAHS,Bachelor of Science in Nursing,NGEC0703,1.56,1.07,139,12,8.63
2024.0,CAHS,Bachelor of Science in Nursing,NGEC0803,1.42,0.42,340,3,0.88
2024.0,CAHS,Bachelor of Science in Nursing,NGEC0903,1.5,0.2,4,0,0.0
2024.0,CAHS,Bachelor of Science in Nursing,NRCM0100,1.64,0.47,136,2,1.47
2024.0,CAHS,Bachelor of Science in Nursing,NRCM0101,1.85,0.51,136,6,4.41
2024.0,CAHS,Bachelor of Science in Nursing,NRCM0101-R,1.82,0.46,137,2,1.46
2024.0,CAHS,Bachelor of Science in Nursing,NRCM0102,1.47,0.26,135,0,0.0
2024.0,CAHS,Bachelor of Science in Nursing,NRCM0103,1.6,0.41,135,2,1.48
2024.0,CAHS,Bachelor of Science in Nursing,NRCM0103-R,1.72,0.38,135,2,1.48
2024.0,CAHS,Bachelor of Science in Nursing,NRCM0104,1.96,0.53,357,12,3.36
2024.0,CAHS,Bachelor of Science in Nursing,NRCM0104-R,1.53,0.23,357,0,0.0
2024.0,CAHS,Bachelor of Science in Nursing,NRCM0105,1.74,0.29,355,1,0.28
2024.0,CAHS,Bachelor of Science in Nursing,NRCM0106,1.97,0.45,357,4,1.12
2024.0,CAHS,Bachelor of Science in Nursing,NRCM0107,2.71,0.84,359,97,27.02
2024.0,CAHS,Bachelor of Science in Nursing,NRCM0107-R,1.66,0.17,357,0,0.0
2024.0,CAHS,Bachelor of Science in Nursing,NRCM0108,1.93,0.31,357,1,0.28
2024.0,CAHS,Bachelor of Science in Nursing,NRCM0109,2.46,0.7,328,45,13.72
2024.0,CAHS,Bachelor of Science in Nursing,NRCM0109-R,1.71,0.24,327,1,0.31
2024.0,CAHS,Bachelor of Science in Nursing,NRCM0110,1.71,0.48,346,6,1.73
2024.0,CAHS,Bachelor of Science in Nursing,NRCM0111,1.97,0.32,246,0,0.0
2024.0,CAHS,Bachelor of Science in Nursing,NRCM0111-R,1.83,0.29,246,0,0.0
2024.0,CAHS,Bachelor of Science in Nursing,NRCM0112,1.86,0.41,246,1,0.41
2024.0,CAHS,Bachelor of Science in Nursing,NRCM0112-R,1.57,0.4,246,3,1.22
2024.0,CAHS,Bachelor of Science in Nursing,NRCM0113,1.47,0.32,246,0,0.0
2024.0,CAHS,Bachelor of Science in Nursing,NRCM0113-R,1.57,0.23,246,0,0.0
2024.0,CAHS,Bachelor of Science in Nursing,NRCM0114,1.13,0.12,246,0,0.0
2024.0,CAHS,Bachelor of Science in Nursing,NRCM0114-R,1.33,0.19,246,0,0.0
2024.0,CAHS,Bachelor of Science in Nursing,NRCM0115-R,1.71,0.57,244,6,2.46
2024.0,CAHS,Bachelor of Science in Nursing,NRCM0116,1.97,0.12,244,0,0.0
2024.0,CAHS,Bachelor of Science in Nursing,NRCM0116-R,1.68,0.27,244,1,0.41
2024.0,CAHS,Bachelor of Science in Nursing,NRCM0117,1.93,0.32,242,1,0.41
2024.0,CAHS,Bachelor of Science in Nursing,NRCM0117-R,1.36,0.16,242,0,0.0
2024.0,CAHS,Bachelor of Science in Nursing,NRCM0118.,1.98,0.12,152,0,0.0
2024.0,CAHS,Bachelor of Science in Nursing,NRCM0119.,1.73,0.45,152,0,0.0
2024.0,CAHS,Bachelor of Science in Nursing,NRCM0121.,1.17,0.2,152,0,0.0
2024.0,CAHS,Bachelor of Science in Nursing,NRCM0122-R,1.5,0.19,152,1,0.66
2024.0,CAHS,Bachelor of Science in Nursing,NSTP0001,1.0,0.0,84,0,0.0
2024.0,CAHS,Bachelor of Science in Nursing,NSTP0002,1.0,0.0,84,0,0.0
2024.0,CAHS,Bachelor of Science in Nursing,NSTP0113,1.14,0.58,51,1,1.96
2024.0,CAHS,Bachelor of Science in Nursing,NSTP0223,1.76,0.86,50,3,6.0
2024.0,CAHS,Bachelor of Science in Nursing,PEDU0112,1.25,0.07,136,0,0.0
2024.0,CAHS,Bachelor of Science in Nursing,PEDU0222,1.17,0.12,137,0,0.0
2024.0,CAHS,Bachelor of Science in Nursing,PEDU0312,1.02,0.1,346,0,0.0
2024.0,CAHS,Bachelor of Science in Nursing,PEDU0422,1.47,0.6,344,7,2.03
2024.0,CAHS,Bachelor of Science in Nursing,UIEC0101,1.26,0.67,248,7,2.82
2024.0,CAHS,Bachelor of Science in Nursing,UIEC0201,1.09,0.37,347,2,0.58
2024.0,CAHS,Bachelor of Science in Nursing,UIEC0301,1.25,0.36,137,1,0.73
2024.0,CAHS,Bachelor of Science in Public Health,EGEC0103,1.72,0.43,201,1,0.5
2024.0,CAHS,Bachelor of Science in Public Health,EGEC0203,1.49,0.29,87,0,0.0
2024.0,CAHS,Bachelor of Science in Public Health,NGEC0103,1.32,0.54,116,2,1.72
2024.0,CAHS,Bachelor of Science in Public Health,NGEC0203,1.24,0.17,87,0,0.0
2024.0,CAHS,Bachelor of Science in Public Health,NGEC0303,1.25,0.74,115,4,3.48
2024.0,CAHS,Bachelor of Science in Public Health,NGEC0403,1.5,0.53,116,2,1.72
2024.0,CAHS,Bachelor of Science in Public Health,NGEC0503,1.49,0.52,119,2,1.68
2024.0,CAHS,Bachelor of Science in Public Health,NGEC0603,1.68,0.3,87,0,0.0
2024.0,CAHS,Bachelor of Science in Public Health,NGEC0703,1.42,0.51,119,2,1.68
2024.0,CAHS,Bachelor of Science in Public Health,NGEC0803,1.57,0.44,87,1,1.15
2024.0,CAHS,Bachelor of Science in Public Health,NGEC0903,1.42,0.31,202,0,0.0
2024.0,CAHS,Bachelor of Science in Public Health,NSTP0113,1.5,0.4,116,1,0.86
2024.0,CAHS,Bachelor of Science in Public Health,NSTP0223,1.49,0.37,114,1,0.88
2024.0,CAHS,Bachelor of Science in Public Health,PEDU0112,1.3,0.71,117,4,3.42
2024.0,CAHS,Bachelor of Science in Public Health,PEDU0222,1.01,0.05,113,0,0.0
2024.0,CAHS,Bachelor of Science in Public Health,PEDU0312,1.46,0.31,87,0,0.0
2024.0,CAHS,Bachelor of Science in Public Health,PEDU0422,1.01,0.07,86,0,0.0
2024.0,CAHS,Bachelor of Science in Public Health,PHCC0103,2.03,0.59,119,6,5.04
2024.0,CAHS,Bachelor of Science in Public Health,PHCC0203,2.0,0.38,87,2,2.3
2024.0,CAHS,Bachelor of Science in Public Health,PHCC0303,2.03,0.28,87,0,0.0
2024.0,CAHS,Bachelor of Science in Public Health,PHCC0404,1.92,0.71,119,6,5.04
2024.0,CAHS,Bachelor of Science in Public Health,PHCC0503,1.79,0.45,117,1,0.85
2024.0,CAHS,Bachelor of Science in Public Health,PHCC0604,2.27,0.64,117,7,5.98
2024.0,CAHS,Bachelor of Science in Public Health,PHCC0705,2.43,0.55,117,19,16.24
2024.0,CAHS,Bachelor of Science in Public Health,PHCC0803,2.1,0.38,87,3,3.45
2024.0,CAHS,Bachelor of Science in Public Health,PHCC0903,1.39,0.32,87,0,0.0
2024.0,CAHS,Bachelor of Science in Public Health,PHCC1003,1.92,0.28,86,0,0.0
2024.0,CAHS,Bachelor of Science in Public Health,PHCC1103,1.96,0.58,86,3,3.49
2024.0,CAHS,Bachelor of Science in Public Health,PHCC1203,2.32,0.31,86,5,5.81
2024.0,CAHS,Bachelor of Science in Public Health,PHPC0103,1.87,0.22,86,0,0.0
2024.0,CAHS,Bachelor of Science in Public Health,PHPH0103,1.88,0.52,206,4,1.94
2024.0,CAHS,Bachelor of Science in Public Health,PHPH0203,2.26,0.39,86,3,3.49
2024.0,CAHS,Bachelor of Science in Public Health,PHPH0303,2.59,0.36,86,21,24.42
2024.0,CAHS,Bachelor of Science in Public Health,UIEC0101,1.57,0.88,119,7,5.88
2024.0,CBA,Bachelor of Science in Hospitality Management,BMEC0123,1.85,0.59,158,4,2.53
2024.0,CBA,Bachelor of Science in Hospitality Management,BMEC0223,1.58,0.37,150,0,0.0
2024.0,CBA,Bachelor of Science in Hospitality Management,EGEC0103,1.41,0.43,258,5,1.94
2024.0,CBA,Bachelor of Science in Hospitality Management,EGEC0203,1.22,0.12,257,0,0.0
2024.0,CBA,Bachelor of Science in Hospitality Management,EGEC0303,1.38,0.73,268,10,3.73
2024.0,CBA,Bachelor of Science in Hospitality Management,ELEC0113,1.85,0.98,121,10,8.26
2024.0,CBA,Bachelor of Science in Hospitality Management,ELEC0213,1.26,0.42,121,1,0.83
2024.0,CBA,Bachelor of Science in Hospitality Management,FOLA0103,2.28,0.73,317,20,6.31
2024.0,CBA,Bachelor of Science in Hospitality Management,FOLA0203,1.79,0.66,326,14,4.29
2024.0,CBA,Bachelor of Science in Hospitality Management,HCEC0113,1.41,0.65,120,3,2.5
2024.0,CBA,Bachelor of Science in Hospitality Management,HMPC0113,1.73,0.77,323,15,4.64
2024.0,CBA,Bachelor of Science in Hospitality Management,HMPC0213,2.1,0.78,322,19,5.9
2024.0,CBA,Bachelor of Science in Hospitality Management,HMPC0313,2.18,0.39,328,7,2.13
2024.0,CBA,Bachelor of Science in Hospitality Management,HMPC0423,1.55,0.54,306,3,0.98
2024.0,CBA,Bachelor of Science in Hospitality Management,HMPC0513,1.38,0.38,149,1,0.67
2024.0,CBA,Bachelor of Science in Hospitality Management,HMPC0623,1.47,0.57,155,3,1.94
2024.0,CBA,Bachelor of Science in Hospitality Management,HMPC0813,1.33,0.39,121,1,0.83
2024.0,CBA,Bachelor of Science in Hospitality Management,HMPE0113,1.77,0.8,321,16,4.98
2024.0,CBA,Bachelor of Science in Hospitality Management,HMPE0123,3.25,2.03,4,2,50.0
2024.0,CBA,Bachelor of Science in Hospitality Management,HMPE0223,1.82,0.88,322,20,6.21
2024.0,CBA,Bachelor of Science in Hospitality Management,HMPE0313,1.81,0.96,154,11,7.14
2024.0,CBA,Bachelor of Science in Hospitality Management,HMPE0413,1.79,0.69,156,6,3.85
2024.0,CBA,Bachelor of Science in Hospitality Management,HMPE0513,1.72,0.53,116,2,1.72
2024.0,CBA,Bachelor of Science in Hospitality Management,HMPE0523,1.33,0.49,151,2,1.32
2024.0,CBA,Bachelor of Science in Hospitality Management,HTMC0823,2.0,0.0,3,0,0.0
2024.0,CBA,Bachelor of Science in Hospitality Management,NGEC0103,1.63,0.73,267,10,3.75
2024.0,CBA,Bachelor of Science in Hospitality Management,NGEC0203,1.41,0.44,143,1,0.7
2024.0,CBA,Bachelor of Science in Hospitality Management,NGEC0303,1.76,1.44,143,23,16.08
2024.0,CBA,Bachelor of Science in Hospitality Management,NGEC0403,1.89,0.67,255,8,3.14
2024.0,CBA,Bachelor of Science in Hospitality Management,NGEC0503,1.69,0.87,308,20,6.49
2024.0,CBA,Bachelor of Science in Hospitality Management,NGEC0603,1.6,0.6,317,8,2.52
2024.0,CBA,Bachelor of Science in Hospitality Management,NGEC0703,1.92,0.59,306,8,2.61
2024.0,CBA,Bachelor of Science in Hospitality Management,NGEC0803,1.49,0.44,303,2,0.66
2024.0,CBA,Bachelor of Science in Hospitality Management,NGEC0903,1.65,0.38,154,1,0.65
2024.0,CBA,Bachelor of Science in Hospitality Management,NSTP0113,1.73,0.72,265,9,3.4
2024.0,CBA,Bachelor of Science in Hospitality Management,NSTP0223,1.57,0.47,254,2,0.79
2024.0,CBA,Bachelor of Science in Hospitality Management,PEDU0112,1.36,0.56,268,6,2.24
2024.0,CBA,Bachelor of Science in Hospitality Management,PEDU0222,1.09,0.51,261,4,1.53
2024.0,CBA,Bachelor of Science in Hospitality Management,PEDU0312,1.46,0.63,306,9,2.94
2024.0,CBA,Bachelor of Science in Hospitality Management,PEDU0422,1.32,0.54,306,4,1.31
2024.0,CBA,Bachelor of Science in Hospitality Management,PHED0422,1.75,1.06,2,0,0.0
2024.0,CBA,Bachelor of Science in Hospitality Management,PRAC0126,1.41,0.64,120,3,2.5
2024.0,CBA,Bachelor of Science in Hospitality Management,THBC0103,2.15,0.76,279,25,8.96
2024.0,CBA,Bachelor of Science in Hospitality Management,THBC0203,1.62,0.64,278,5,1.8
2024.0,CBA,Bachelor of Science in Hospitality Management,THBC0303,1.3,0.48,315,4,1.27
2024.0,CBA,Bachelor of Science in Hospitality Management,THBC0403,1.92,0.68,322,16,4.97
2024.0,CBA,Bachelor of Science in Hospitality Management,THBC0503,1.77,0.65,314,12,3.82
2024.0,CBA,Bachelor of Science in Hospitality Management,THMC0103,1.73,0.74,277,12,4.33
2024.0,CBA,Bachelor of Science in Hospitality Management,THMC0203,1.66,0.59,277,6,2.17
2024.0,CBA,Bachelor of Science in Hospitality Management,THMC0303,1.74,0.47,268,5,1.87
2024.0,CBA,Bachelor of Science in Hospitality Management,THMC0403,1.74,0.91,267,18,6.74
2024.0,CBA,Bachelor of Science in Hospitality Management,THMC0503,2.03,1.19,267,36,13.48
2024.0,CBA,Bachelor of Science in Hospitality Management,THMC0603,1.72,0.89,145,9,6.21
2024.0,CBA,Bachelor of Science in Hospitality Management,THMC0703,1.99,0.37,155,2,1.29
2024.0,CBA,Bachelor of Science in Hospitality Management,THMC0903,1.76,0.81,156,8,5.13
2024.0,CBA,Bachelor of Science in Hospitality Management,THMC1023,1.9,0.86,152,16,10.53
2024.0,CBA,Bachelor of Science in Hospitality Management,THMC1103,1.62,0.43,152,2,1.32
2024.0,CBA,Bachelor of Science in Hospitality Management,THMC1203,1.62,0.33,148,0,0.0
2024.0,CBA,Bachelor of Science in Hospitality Management,TMPR0126.,2.0,,1,0,0.0
2024.0,CBA,Bachelor of Science in Hospitality Management,UIEC0101,1.14,0.22,267,0,0.0
2024.0,CBA,Bachelor of Science in Hospitality Management,UIEC0201,1.3,0.53,267,3,1.12
2024.0,CBA,Bachelor of Science in Hospitality Management,UIEC0301,1.2,0.55,268,5,1.87
2024.0,CBA,Bachelor of Science in Tourism Management,BMEC0113,1.5,0.35,146,1,0.68
2024.0,CBA,Bachelor of Science in Tourism Management,BMEC0223,1.77,0.28,143,1,0.7
2024.0,CBA,Bachelor of Science in Tourism Management,CENC0223,1.32,0.12,124,0,0.0
2024.0,CBA,Bachelor of Science in Tourism Management,EGEC0103,1.86,0.51,237,6,2.53
2024.0,CBA,Bachelor of Science in Tourism Management,EGEC0203,1.84,0.55,237,5,2.11
2024.0,CBA,Bachelor of Science in Tourism Management,EGEC0303,1.55,0.84,232,12,5.17
2024.0,CBA,Bachelor of Science in Tourism Management,ELEC0113,1.75,,1,0,0.0
2024.0,CBA,Bachelor of Science in Tourism Management,FOLA0103,2.22,0.89,275,26,9.45
2024.0,CBA,Bachelor of Science in Tourism Management,FOLA0203,1.65,0.52,266,3,1.13
2024.0,CBA,Bachelor of Science in Tourism Management,NGEC0103,1.44,0.64,232,6,2.59
2024.0,CBA,Bachelor of Science in Tourism Management,NGEC0203,1.92,0.35,141,1,0.71
2024.0,CBA,Bachelor of Science in Tourism Management,NGEC0303,1.0,0.0,140,0,0.0
2024.0,CBA,Bachelor of Science in Tourism Management,NGEC0403,1.91,0.91,238,19,7.98
2024.0,CBA,Bachelor of Science in Tourism Management,NGEC0503,1.44,0.71,271,8,2.95
2024.0,CBA,Bachelor of Science in Tourism Management,NGEC0603,1.63,0.59,236,7,2.97
2024.0,CBA,Bachelor of Science in Tourism Management,NGEC0703,1.33,0.56,275,5,1.82
2024.0,CBA,Bachelor of Science in Tourism Management,NGEC0803,1.66,0.57,242,5,2.07
2024.0,CBA,Bachelor of Science in Tourism Management,NGEC0903,2.69,0.84,278,76,27.34
2024.0,CBA,Bachelor of Science in Tourism Management,NSTP0113,1.78,0.68,236,7,2.97
2024.0,CBA,Bachelor of Science in Tourism Management,NSTP0223,1.87,0.76,230,13,5.65
2024.0,CBA,Bachelor of Science in Tourism Management,PEDU0112,1.3,0.36,241,2,0.83
2024.0,CBA,Bachelor of Science in Tourism Management,PEDU0222,1.49,1.1,236,20,8.47
2024.0,CBA,Bachelor of Science in Tourism Management,PEDU0312,1.44,0.77,272,12,4.41
2024.0,CBA,Bachelor of Science in Tourism Management,PEDU0422,1.47,0.93,270,18,6.67
2024.0,CBA,Bachelor of Science in Tourism Management,PHED0312,3.0,,1,1,100.0
2024.0,CBA,Bachelor of Science in Tourism Management,THBC0103,1.83,0.52,239,8,3.35
2024.0,CBA,Bachelor of Science in Tourism Management,THBC0203,1.82,0.76,245,10,4.08
2024.0,CBA,Bachelor of Science in Tourism Management,THBC0303,1.7,0.69,278,10,3.6
2024.0,CBA,Bachelor of Science in Tourism Management,THBC0403,2.49,0.98,272,41,15.07
2024.0,CBA,Bachelor of Science in Tourism Management,THBC0503,1.56,0.59,269,8,2.97
2024.0,CBA,Bachelor of Science in Tourism Management,THMC0103,1.55,0.66,243,7,2.88
2024.0,CBA,Bachelor of Science in Tourism Management,THMC0203,1.74,0.86,243,14,5.76
2024.0,CBA,Bachelor of Science in Tourism Management,THMC0303,1.36,0.19,239,0,0.0
2024.0,CBA,Bachelor of Science in Tourism Management,THMC0403,1.4,0.51,238,3,1.26
2024.0,CBA,Bachelor of Science in Tourism Management,THMC0503,1.63,0.9,237,15,6.33
2024.0,CBA,Bachelor of Science in Tourism Management,THMC0613,1.43,0.23,146,0,0.0
2024.0,CBA,Bachelor of Science in Tourism Management,THMC0703,1.9,0.61,268,8,2.99
2024.0,CBA,Bachelor of Science in Tourism Management,THMC0803,2.31,0.54,147,8,5.44
2024.0,CBA,Bachelor of Science in Tourism Management,THMC0903,1.75,,1,0,0.0
2024.0,CBA,Bachelor of Science in Tourism Management,THMC1023,1.76,0.48,144,2,1.39
2024.0,CBA,Bachelor of Science in Tourism Management,THMC1103,1.64,0.79,144,7,4.86
2024.0,CBA,Bachelor of Science in Tourism Management,THMC1203,1.72,0.39,144,1,0.69
2024.0,CBA,Bachelor of Science in Tourism Management,TMEC0213,1.77,0.51,117,2,1.71
2024.0,CBA,Bachelor of Science in Tourism Management,TMEC0313,1.33,0.22,123,0,0.0
2024.0,CBA,Bachelor of Science in Tourism Management,TMEC0413,1.59,0.47,123,2,1.63
2024.0,CBA,Bachelor of Science in Tourism Management,TMPC0113,1.67,0.62,277,6,2.17
2024.0,CBA,Bachelor of Science in Tourism Management,TMPC0213,1.9,0.33,276,2,0.72
2024.0,CBA,Bachelor of Science in Tourism Management,TMPC0313,2.12,0.62,261,9,3.45
2024.0,CBA,Bachelor of Science in Tourism Management,TMPC0423,2.03,0.6,269,12,4.46
2024.0,CBA,Bachelor of Science in Tourism Management,TMPC0513,1.65,0.34,145,1,0.69
2024.0,CBA,Bachelor of Science in Tourism Management,TMPC0613,1.47,0.37,145,1,0.69
2024.0,CBA,Bachelor of Science in Tourism Management,TMPC1013,1.58,0.21,124,0,0.0
2024.0,CBA,Bachelor of Science in Tourism Management,TMPE0113,2.07,0.68,279,10,3.58
2024.0,CBA,Bachelor of Science in Tourism Management,TMPE0223,1.7,0.64,271,9,3.32
2024.0,CBA,Bachelor of Science in Tourism Management,TMPE0313,1.7,0.26,147,1,0.68
2024.0,CBA,Bachelor of Science in Tourism Management,TMPE0413,1.57,0.67,145,5,3.45
2024.0,CBA,Bachelor of Science in Tourism Management,TMPE0513,1.87,0.52,117,2,1.71
2024.0,CBA,Bachelor of Science in Tourism Management,TMPE0523,1.83,0.35,146,1,0.68
2024.0,CBA,Bachelor of Science in Tourism Management,TMPE0623,1.62,0.93,147,10,6.8
2024.0,CBA,Bachelor of Science in Tourism Management,TMPR0126.,1.13,0.18,124,0,0.0
2024.0,CBA,Bachelor of Science in Tourism Management,UIEC0101,1.67,1.02,244,21,8.61
2024.0,CBA,Bachelor of Science in Tourism Management,UIEC0201,1.69,0.99,244,17,6.97
2024.0,CBA,Bachelor of Science in Tourism Management,UIEC0301,1.09,0.31,246,1,0.41
2024.0,CCST,Bachelor of Science in Computer Science,CSCC0103,1.84,0.77,217,10,4.61
2024.0,CCST,Bachelor of Science in Computer Science,CSCC0223,2.04,0.87,200,17,8.5
2024.0,CCST,Bachelor of Science in Computer Science,CSCC0323,2.2,1.23,189,35,18.52
2024.0,CCST,Bachelor of Science in Computer Science,CSCC0423,2.79,1.22,145,43,29.66
2024.0,CCST,Bachelor of Science in Computer Science,CSCC0523,2.27,1.05,101,12,11.88
2024.0,CCST,Bachelor of Science in Computer Science,CSCC0613,1.83,1.18,85,10,11.76
2024.0,CCST,Bachelor of Science in Computer Science,CSCC0723,3.01,1.71,89,37,41.57
2024.0,CCST,Bachelor of Science in Computer Science,CSCC0823,1.97,0.43,88,5,5.68
2024.0,CCST,Bachelor of Science in Computer Science,CSCC0923,1.73,1.11,88,8,9.09
2024.0,CCST,Bachelor of Science in Computer Science,CSCI1013,3.21,1.71,68,32,47.06
2024.0,CCST,Bachelor of Science in Computer Science,CSCI1123,1.58,0.57,68,1,1.47
2024.0,CCST,Bachelor of Science in Computer Science,CSEC0113,1.83,0.83,160,15,9.38
2024.0,CCST,Bachelor of Science in Computer Science,CSEC0223,1.81,1.15,163,19,11.66
2024.0,CCST,Bachelor of Science in Computer Science,CSEC0313,2.33,0.77,95,8,8.42
2024.0,CCST,Bachelor of Science in Computer Science,CSEC0423,1.62,0.61,88,3,3.41
2024.0,CCST,Bachelor of Science in Computer Science,CSND0113,1.91,0.81,37,2,5.41
2024.0,CCST,Bachelor of Science in Computer Science,CSND0223,1.11,0.66,37,1,2.7
2024.0,CCST,Bachelor of Science in Computer Science,CSND0313,1.78,0.32,24,0,0.0
2024.0,CCST,Bachelor of Science in Computer Science,CSND0413,1.73,0.17,23,0,0.0
2024.0,CCST,Bachelor of Science in Computer Science,CSSD0113,1.9,0.32,50,0,0.0
2024.0,CCST,Bachelor of Science in Computer Science,CSSD0223,1.71,0.67,50,2,4.0
2024.0,CCST,Bachelor of Science in Computer Science,CSSD0313,1.98,1.19,44,5,11.36
2024.0,CCST,Bachelor of Science in Computer Science,CSSD0423,1.62,1.08,43,5,11.63
2024.0,CCST,Bachelor of Science in Computer Science,CTCC0113,2.35,1.17,206,31,15.05
2024.0,CCST,Bachelor of Science in Computer Science,CTCC0213,2.23,0.85,208,19,9.13
2024.0,CCST,Bachelor of Science in Computer Science,CTCC0323,1.95,0.99,191,21,10.99
2024.0,CCST,Bachelor of Science in Computer Science,CTCC0403,2.31,0.87,159,17,10.69
2024.0,CCST,Bachelor of Science in Computer Science,CTCC0513.,2.36,1.02,154,21,13.64
2024.0,CCST,Bachelor of Science in Computer Science,CTCC0603,1.96,0.78,155,9,5.81
2024.0,CCST,Bachelor of Science in Computer Science,EGEC0103,1.86,1.0,201,18,8.96
2024.0,CCST,Bachelor of Science in Computer Science,EGEC0203,1.43,0.5,201,3,1.49
2024.0,CCST,Bachelor of Science in Computer Science,EGEC0303,1.45,0.78,184,8,4.35
2024.0,CCST,Bachelor of Science in Computer Science,EMAT0103,2.17,0.66,94,4,4.26
2024.0,CCST,Bachelor of Science in Computer Science,FOLA0103,2.07,1.12,191,24,12.57
2024.0,CCST,Bachelor of Science in Computer Science,FOLA0203,1.96,0.82,155,13,8.39
2024.0,CCST,Bachelor of Science in Computer Science,ICSC0113.,1.98,1.57,159,33,20.75
2024.0,CCST,Bachelor of Science in Computer Science,ICSC0203,2.31,1.07,89,12,13.48
2024.0,CCST,Bachelor of Science in Computer Science,ICSC0323,2.3,1.51,149,36,24.16
2024.0,CCST,Bachelor of Science in Computer Science,ICSC0323.,5.0,,1,1,100.0
2024.0,CCST,Bachelor of Science in Computer Science,ICSC0413,1.95,0.87,54,3,5.56
2024.0,CCST,Bachelor of Science in Computer Science,ICSC0413.,1.98,0.93,42,3,7.14
2024.0,CCST,Bachelor of Science in Computer Science,ICSC0503,1.51,0.79,89,4,4.49
2024.0,CCST,Bachelor of Science in Computer Science,ICSC0613,1.51,0.7,94,3,3.19
2024.0,CCST,Bachelor of Science in Computer Science,ICTC1113,1.5,0.0,2,0,0.0
2024.0,CCST,Bachelor of Science in Computer Science,ICTC1613,1.5,1.21,68,7,10.29
2024.0,CCST,Bachelor of Science in Computer Science,ICTC1711,1.32,0.84,69,3,4.35
2024.0,CCST,Bachelor of Science in Computer Science,ICTC1823,1.35,0.27,66,1,1.52
2024.0,CCST,Bachelor of Science in Computer Science,ICTC1920,1.96,1.23,70,11,15.71
2024.0,CCST,Bachelor of Science in Computer Science,ITCC1513.,2.01,1.06,99,10,10.1
2024.0,CCST,Bachelor of Science in Computer Science,ITNW1613,2.0,,1,0,0.0
2024.0,CCST,Bachelor of Science in Computer Science,MATH0113,3.0,,1,1,100.0
2024.0,CCST,Bachelor of Science in Computer Science,NGEC0103,1.8,0.72,184,7,3.8
2024.0,CCST,Bachelor of Science in Computer Science,NGEC0203,1.61,0.96,200,13,6.5
2024.0,CCST,Bachelor of Science in Computer Science,NGEC0303,1.51,0.55,184,4,2.17
2024.0,CCST,Bachelor of Science in Computer Science,NGEC0403,2.54,1.2,201,47,23.38
2024.0,CCST,Bachelor of Science in Computer Science,NGEC0503,1.89,0.91,153,11,7.19
2024.0,CCST,Bachelor of Science in Computer Science,NGEC0603,1.48,1.06,153,12,7.84
2024.0,CCST,Bachelor of Science in Computer Science,NGEC0703,1.16,0.65,152,4,2.63
2024.0,CCST,Bachelor of Science in Computer Science,NGEC0803,1.51,0.54,154,2,1.3
2024.0,CCST,Bachelor of Science in Computer Science,NGEC0903,1.56,0.91,150,7,4.67
2024.0,CCST,Bachelor of Science in Computer Science,NSTP0113,1.77,0.88,195,14,7.18
2024.0,CCST,Bachelor of Science in Computer Science,NSTP0223,1.91,1.09,181,19,10.5
2024.0,CCST,Bachelor of Science in Computer Science,PEDU0112,1.44,0.92,207,12,5.8
2024.0,CCST,Bachelor of Science in Computer Science,PEDU0222,1.76,1.18,189,21,11.11
2024.0,CCST,Bachelor of Science in Computer Science,PEDU0312,1.51,1.02,162,12,7.41
2024.0,CCST,Bachelor of Science in Computer Science,PEDU0422,1.25,0.73,155,5,3.23
2024.0,CCST,Bachelor of Science in Computer Science,PHED0222,2.5,,1,0,0.0
2024.0,CCST,Bachelor of Science in Computer Science,UIEC0101,1.98,1.02,208,21,10.1
2024.0,CCST,Bachelor of Science in Computer Science,UIEC0201,1.6,1.3,208,26,12.5
2024.0,CCST,Bachelor of Science in Computer Science,UIEC0301,1.41,1.18,157,15,9.55
2024.0,CCST,Bachelor of Science in Data Science,CSCC0103,2.18,1.23,21,3,14.29
2024.0,CCST,Bachelor of Science in Data Science,CSEC0313,1.92,0.34,24,1,4.17
2024.0,CCST,Bachelor of Science in Data Science,CTCC0113,1.79,0.89,18,1,5.56
2024.0,CCST,Bachelor of Science in Data Science,CTCC0213,2.36,1.22,18,3,16.67
2024.0,CCST,Bachelor of Science in Data Science,CTCC0323,1.5,0.5,16,0,0.0
2024.0,CCST,Bachelor of Science in Data Science,CTCC0403,1.3,0.1,24,0,0.0
2024.0,CCST,Bachelor of Science in Data Science,CTCC0513,1.82,0.28,24,0,0.0
2024.0,CCST,Bachelor of Science in Data Science,DSCC0123,2.29,1.34,17,3,17.65
2024.0,CCST,Bachelor of Science in Data Science,DSCC0213,1.8,0.38,32,1,3.12
2024.0,CCST,Bachelor of Science in Data Science,DSCC0323,1.57,0.17,24,0,0.0
2024.0,CCST,Bachelor of Science in Data Science,EGEC0103,1.49,0.22,18,0,0.0
2024.0,CCST,Bachelor of Science in Data Science,EGEC0203,2.14,1.08,18,2,11.11
2024.0,CCST,Bachelor of Science in Data Science,EGEC0303,1.82,0.29,15,0,0.0
2024.0,CCST,Bachelor of Science in Data Science,FOLA0103,2.35,1.11,17,3,17.65
2024.0,CCST,Bachelor of Science in Data Science,FOLA0203,2.09,0.73,32,2,6.25
2024.0,CCST,Bachelor of Science in Data Science,MATH0113,2.24,0.86,18,1,5.56
2024.0,CCST,Bachelor of Science in Data Science,MATH0223,2.54,1.33,17,5,29.41
2024.0,CCST,Bachelor of Science in Data Science,MATH0313,1.47,0.38,33,0,0.0
2024.0,CCST,Bachelor of Science in Data Science,NGEC0103,1.47,0.93,17,1,5.88
2024.0,CCST,Bachelor of Science in Data Science,NGEC0203,1.88,0.91,17,1,5.88
2024.0,CCST,Bachelor of Science in Data Science,NGEC0303,1.9,1.2,17,2,11.76
2024.0,CCST,Bachelor of Science in Data Science,NGEC0403,2.18,1.31,18,3,16.67
2024.0,CCST,Bachelor of Science in Data Science,NGEC0503,1.2,0.7,33,1,3.03
2024.0,CCST,Bachelor of Science in Data Science,NGEC0603,1.14,0.71,32,1,3.12
2024.0,CCST,Bachelor of Science in Data Science,NGEC0703,1.48,0.97,33,2,6.06
2024.0,CCST,Bachelor of Science in Data Science,NGEC0803,1.71,0.63,33,1,3.03
2024.0,CCST,Bachelor of Science in Data Science,NGEC0903,1.51,0.12,31,0,0.0
2024.0,CCST,Bachelor of Science in Data Science,NSTP0113,1.93,0.91,17,1,5.88
2024.0,CCST,Bachelor of Science in Data Science,NSTP0223,1.91,0.89,17,1,5.88
2024.0,CCST,Bachelor of Science in Data Science,PEDU0112,1.35,0.94,18,1,5.56
2024.0,CCST,Bachelor of Science in Data Science,PEDU0222,2.19,1.64,17,4,23.53
2024.0,CCST,Bachelor of Science in Data Science,PEDU0312,1.33,0.35,30,0,0.0
2024.0,CCST,Bachelor of Science in Data Science,PEDU0422,1.33,0.34,30,0,0.0
2024.0,CCST,Bachelor of Science in Data Science,STAT0113,1.53,0.65,33,1,3.03
2024.0,CCST,Bachelor of Science in Data Science,STAT0223,1.83,0.73,32,1,3.12
2024.0,CCST,Bachelor of Science in Data Science,UIEC0101,1.94,0.89,18,1,5.56
2024.0,CCST,Bachelor of Science in Data Science,UIEC0201,1.0,0.0,18,0,0.0
2024.0,CCST,Bachelor of Science in Data Science,UIEC0301,1.72,1.07,33,3,9.09
2024.0,CCST,Bachelor of Science in Entertainment and Multimedia Computing,CTCC0113,2.8,1.47,125,42,33.6
2024.0,CCST,Bachelor of Science in Entertainment and Multimedia Computing,CTCC0213,2.99,1.35,126,43,34.13
2024.0,CCST,Bachelor of Science in Entertainment and Multimedia Computing,CTCC0323,2.17,1.7,103,27,26.21
2024.0,CCST,Bachelor of Science in Entertainment and Multimedia Computing,CTCC0403,2.08,1.02,64,6,9.38
2024.0,CCST,Bachelor of Science in Entertainment and Multimedia Computing,CTCC0513.,2.08,0.91,54,4,7.41
2024.0,CCST,Bachelor of Science in Entertainment and Multimedia Computing,CTCC0603,2.11,1.11,79,9,11.39
2024.0,CCST,Bachelor of Science in Entertainment and Multimedia Computing,EGEC0103,2.36,1.46,124,28,22.58
2024.0,CCST,Bachelor of Science in Entertainment and Multimedia Computing,EGEC0203,1.4,0.75,124,5,4.03
2024.0,CCST,Bachelor of Science in Entertainment and Multimedia Computing,EGEC0303,2.34,0.78,100,9,9.0
2024.0,CCST,Bachelor of Science in Entertainment and Multimedia Computing,EMCC0113,2.72,1.57,126,40,31.75
2024.0,CCST,Bachelor of Science in Entertainment and Multimedia Computing,EMCC0223,2.18,1.14,99,16,16.16
2024.0,CCST,Bachelor of Science in Entertainment and Multimedia Computing,EMCC0323,2.43,1.2,110,26,23.64
2024.0,CCST,Bachelor of Science in Entertainment and Multimedia Computing,EMCC0413,1.69,0.89,76,7,9.21
2024.0,CCST,Bachelor of Science in Entertainment and Multimedia Computing,EMCC0513,2.13,1.21,73,15,20.55
2024.0,CCST,Bachelor of Science in Entertainment and Multimedia Computing,EMCC0613,2.31,1.18,71,16,22.54
2024.0,CCST,Bachelor of Science in Entertainment and Multimedia Computing,EMCC0723,1.54,0.69,63,1,1.59
2024.0,CCST,Bachelor of Science in Entertainment and Multimedia Computing,EMCC0823,1.87,0.85,65,7,10.77
2024.0,CCST,Bachelor of Science in Entertainment and Multimedia Computing,EMCC0923,1.43,0.39,67,2,2.99
2024.0,CCST,Bachelor of Science in Entertainment and Multimedia Computing,EMCC1013.,2.36,0.56,81,16,19.75
2024.0,CCST,Bachelor of Science in Entertainment and Multimedia Computing,EMCC1113,1.92,1.37,46,7,15.22
2024.0,CCST,Bachelor of Science in Entertainment and Multimedia Computing,EMCC1123,1.71,0.55,35,2,5.71
2024.0,CCST,Bachelor of Science in Entertainment and Multimedia Computing,EMCC1123.,1.87,0.83,45,3,6.67
2024.0,CCST,Bachelor of Science in Entertainment and Multimedia Computing,EMCC1213,1.62,1.13,38,4,10.53
2024.0,CCST,Bachelor of Science in Entertainment and Multimedia Computing,EMCC1223,1.99,0.94,83,8,9.64
2024.0,CCST,Bachelor of Science in Entertainment and Multimedia Computing,EMCC1323,2.36,1.15,84,16,19.05
2024.0,CCST,Bachelor of Science in Entertainment and Multimedia Computing,EMCC1413,3.67,1.68,38,23,60.53
2024.0,CCST,Bachelor of Science in Entertainment and Multimedia Computing,EMDA0113,1.58,0.12,44,0,0.0
2024.0,CCST,Bachelor of Science in Entertainment and Multimedia Computing,EMDA0213,1.3,0.39,43,0,0.0
2024.0,CCST,Bachelor of Science in Entertainment and Multimedia Computing,EMDA0313,2.43,0.79,48,7,14.58
2024.0,CCST,Bachelor of Science in Entertainment and Multimedia Computing,EMDA0423,1.57,0.84,44,2,4.55
2024.0,CCST,Bachelor of Science in Entertainment and Multimedia Computing,EMDA0523,1.83,1.03,45,4,8.89
2024.0,CCST,Bachelor of Science in Entertainment and Multimedia Computing,EMDA0623,1.73,0.76,42,2,4.76
2024.0,CCST,Bachelor of Science in Entertainment and Multimedia Computing,EMDA0723,1.61,0.8,44,2,4.55
2024.0,CCST,Bachelor of Science in Entertainment and Multimedia Computing,EMDA0813,1.66,1.19,20,2,10.0
2024.0,CCST,Bachelor of Science in Entertainment and Multimedia Computing,EMDA0913,1.59,0.27,22,0,0.0
2024.0,CCST,Bachelor of Science in Entertainment and Multimedia Computing,EMGD0113,1.88,0.85,35,2,5.71
2024.0,CCST,Bachelor of Science in Entertainment and Multimedia Computing,EMGD0213,2.61,0.99,31,21,67.74
2024.0,CCST,Bachelor of Science in Entertainment and Multimedia Computing,EMGD0313,2.45,0.93,35,8,22.86
2024.0,CCST,Bachelor of Science in Entertainment and Multimedia Computing,EMGD0423,2.09,1.27,35,7,20.0
2024.0,CCST,Bachelor of Science in Entertainment and Multimedia Computing,EMGD0523,1.38,0.97,32,2,6.25
2024.0,CCST,Bachelor of Science in Entertainment and Multimedia Computing,EMGD0623,1.99,1.35,37,7,18.92
2024.0,CCST,Bachelor of Science in Entertainment and Multimedia Computing,EMGD0723,2.06,0.88,35,4,11.43
2024.0,CCST,Bachelor of Science in Entertainment and Multimedia Computing,EMGD0813,2.08,0.51,19,3,15.79
2024.0,CCST,Bachelor of Science in Entertainment and Multimedia Computing,EMGD0913,1.11,0.46,19,1,5.26
2024.0,CCST,Bachelor of Science in Entertainment and Multimedia Computing,EMPE0113,1.25,0.26,46,0,0.0
2024.0,CCST,Bachelor of Science in Entertainment and Multimedia Computing,FOLA0103,2.69,1.21,109,28,25.69
2024.0,CCST,Bachelor of Science in Entertainment and Multimedia Computing,FOLA0203,2.14,0.57,65,12,18.46
2024.0,CCST,Bachelor of Science in Entertainment and Multimedia Computing,ICSC0203,1.74,0.44,75,3,4.0
2024.0,CCST,Bachelor of Science in Entertainment and Multimedia Computing,ICSC0703,2.11,1.23,67,10,14.93
2024.0,CCST,Bachelor of Science in Entertainment and Multimedia Computing,ICSC0703.,1.56,0.12,4,0,0.0
2024.0,CCST,Bachelor of Science in Entertainment and Multimedia Computing,ICTC1113,1.75,0.35,2,0,0.0
2024.0,CCST,Bachelor of Science in Entertainment and Multimedia Computing,ICTC1711,1.81,0.98,39,3,7.69
2024.0,CCST,Bachelor of Science in Entertainment and Multimedia Computing,ICTC1920,1.68,0.67,42,1,2.38
2024.0,CCST,Bachelor of Science in Entertainment and Multimedia Computing,ICTC2329,2.28,1.71,36,10,27.78
2024.0,CCST,Bachelor of Science in Entertainment and Multimedia Computing,ITCC0713.,2.28,1.04,72,12,16.67
2024.0,CCST,Bachelor of Science in Entertainment and Multimedia Computing,NGEC0103,2.43,0.86,106,14,13.21
2024.0,CCST,Bachelor of Science in Entertainment and Multimedia Computing,NGEC0203,2.21,1.18,123,18,14.63
2024.0,CCST,Bachelor of Science in Entertainment and Multimedia Computing,NGEC0303,1.67,0.92,107,5,4.67
2024.0,CCST,Bachelor of Science in Entertainment and Multimedia Computing,NGEC0403,2.83,1.52,124,38,30.65
2024.0,CCST,Bachelor of Science in Entertainment and Multimedia Computing,NGEC0503,1.67,0.93,73,4,5.48
2024.0,CCST,Bachelor of Science in Entertainment and Multimedia Computing,NGEC0603,1.18,0.27,61,0,0.0
2024.0,CCST,Bachelor of Science in Entertainment and Multimedia Computing,NGEC0703,1.65,0.9,70,4,5.71
2024.0,CCST,Bachelor of Science in Entertainment and Multimedia Computing,NGEC0803,1.95,0.9,74,5,6.76
2024.0,CCST,Bachelor of Science in Entertainment and Multimedia Computing,NGEC0903,2.19,0.83,58,4,6.9
2024.0,CCST,Bachelor of Science in Entertainment and Multimedia Computing,NSTP0113,2.2,1.31,124,21,16.94
2024.0,CCST,Bachelor of Science in Entertainment and Multimedia Computing,NSTP0223,1.79,0.86,102,5,4.9
2024.0,CCST,Bachelor of Science in Entertainment and Multimedia Computing,PEDU0112,1.89,1.43,126,21,16.67
2024.0,CCST,Bachelor of Science in Entertainment and Multimedia Computing,PEDU0222,1.56,0.96,104,7,6.73
2024.0,CCST,Bachelor of Science in Entertainment and Multimedia Computing,PEDU0312,1.51,0.89,72,4,5.56
2024.0,CCST,Bachelor of Science in Entertainment and Multimedia Computing,PEDU0422,1.26,0.53,64,1,1.56
2024.0,CCST,Bachelor of Science in Entertainment and Multimedia Computing,UIEC0101,2.43,1.29,128,27,21.09
2024.0,CCST,Bachelor of Science in Entertainment and Multimedia Computing,UIEC0201,2.16,1.5,126,29,23.02
2024.0,CCST,Bachelor of Science in Entertainment and Multimedia Computing,UIEC0301,1.84,1.14,73,7,9.59
2024.0,CCST,Bachelor of Science in Information Technology,CSCC0103,1.75,,1,0,0.0
2024.0,CCST,Bachelor of Science in Information Technology,CSCC0323,1.88,0.18,2,0,0.0
2024.0,CCST,Bachelor of Science in Information Technology,CSCC0523,2.25,,1,0,0.0
2024.0,CCST,Bachelor of Science in Information Technology,CSND0223,1.0,,1,0,0.0
2024.0,CCST,Bachelor of Science in Information Technology,CTCC0113,1.9,0.85,299,21,7.02
2024.0,CCST,Bachelor of Science in Information Technology,CTCC0213,1.99,1.02,298,30,10.07
2024.0,CCST,Bachelor of Science in Information Technology,CTCC0323,1.97,0.94,278,22,7.91
2024.0,CCST,Bachelor of Science in Information Technology,CTCC0403,1.59,0.64,287,8,2.79
2024.0,CCST,Bachelor of Science in Information Technology,CTCC0513,2.02,0.96,243,22,9.05
2024.0,CCST,Bachelor of Science in Information Technology,CTCC0603,1.95,0.77,252,18,7.14
2024.0,CCST,Bachelor of Science in Information Technology,EGEC0103,1.66,0.97,286,22,7.69
2024.0,CCST,Bachelor of Science in Information Technology,EGEC0203,1.74,0.69,289,10,3.46
2024.0,CCST,Bachelor of Science in Information Technology,EGEC0303,1.71,1.11,279,29,10.39
2024.0,CCST,Bachelor of Science in Information Technology,EMCC0113,2.25,,1,0,0.0
2024.0,CCST,Bachelor of Science in Information Technology,EMCC1123,1.29,0.15,150,0,0.0
2024.0,CCST,Bachelor of Science in Information Technology,FOLA0103,1.79,0.58,280,6,2.14
2024.0,CCST,Bachelor of Science in Information Technology,FOLA0203,1.94,0.71,253,12,4.74
2024.0,CCST,Bachelor of Science in Information Technology,ICSC0113,1.71,0.86,266,17,6.39
2024.0,CCST,Bachelor of Science in Information Technology,ICSC0113.,3.12,2.17,4,2,50.0
2024.0,CCST,Bachelor of Science in Information Technology,ICSC0203,1.75,0.57,250,8,3.2
2024.0,CCST,Bachelor of Science in Information Technology,ICSC0323.,2.12,0.93,246,28,11.38
2024.0,CCST,Bachelor of Science in Information Technology,ICSC0413,1.49,0.56,141,3,2.13
2024.0,CCST,Bachelor of Science in Information Technology,ICSC0503,1.47,0.5,146,2,1.37
2024.0,CCST,Bachelor of Science in Information Technology,ICSC0613,1.66,0.63,142,3,2.11
2024.0,CCST,Bachelor of Science in Information Technology,ICSC0703.,1.87,1.13,144,16,11.11
2024.0,CCST,Bachelor of Science in Information Technology,ICTC1711,1.42,0.27,103,0,0.0
2024.0,CCST,Bachelor of Science in Information Technology,ICTC1920,1.64,0.91,101,8,7.92
2024.0,CCST,Bachelor of Science in Information Technology,ICTC2226,1.06,0.11,99,0,0.0
2024.0,CCST,Bachelor of Science in Information Technology,ITCC0123,1.67,0.67,314,14,4.46
2024.0,CCST,Bachelor of Science in Information Technology,ITCC0223,1.94,0.86,289,21,7.27
2024.0,CCST,Bachelor of Science in Information Technology,ITCC0323,1.72,0.71,243,10,4.12
2024.0,CCST,Bachelor of Science in Information Technology,ITCC0423,1.82,0.78,217,12,5.53
2024.0,CCST,Bachelor of Science in Information Technology,ITCC0513,1.69,0.32,150,1,0.67
2024.0,CCST,Bachelor of Science in Information Technology,ITCC0613,1.56,0.36,144,0,0.0
2024.0,CCST,Bachelor of Science in Information Technology,ITCC0713,1.27,0.62,148,3,2.03
2024.0,CCST,Bachelor of Science in Information Technology,ITCC0823,1.76,0.54,143,3,2.1
2024.0,CCST,Bachelor of Science in Information Technology,ITCC0923,1.79,0.95,130,8,6.15
2024.0,CCST,Bachelor of Science in Information Technology,ITCC1023,1.98,0.72,145,7,4.83
2024.0,CCST,Bachelor of Science in Information Technology,ITCC1123,1.66,1.01,148,14,9.46
2024.0,CCST,Bachelor of Science in Information Technology,ITCC1223,1.53,0.3,126,1,0.79
2024.0,CCST,Bachelor of Science in Information Technology,ITCC1323,3.19,1.67,143,65,45.45
2024.0,CCST,Bachelor of Science in Information Technology,ITCC1513.,2.0,,1,0,0.0
2024.0,CCST,Bachelor of Science in Information Technology,ITEC0123,1.53,0.64,247,6,2.43
2024.0,CCST,Bachelor of Science in Information Technology,ITNW1123,1.25,,1,0,0.0
2024.0,CCST,Bachelor of Science in Information Technology,ITNW1313,1.92,0.89,103,7,6.8
2024.0,CCST,Bachelor of Science in Information Technology,ITNW1413,1.76,0.33,95,1,1.05
2024.0,CCST,Bachelor of Science in Information Technology,ITNW1613,1.72,0.6,96,2,2.08
2024.0,CCST,Bachelor of Science in Information Technology,MATH0113,2.5,,1,0,0.0
2024.0,CCST,Bachelor of Science in Information Technology,MATH0223,2.25,,1,0,0.0
2024.0,CCST,Bachelor of Science in Information Technology,NGEC0103,1.93,0.5,272,7,2.57
2024.0,CCST,Bachelor of Science in Information Technology,NGEC0203,1.87,0.73,285,13,4.56
2024.0,CCST,Bachelor of Science in Information Technology,NGEC0303,1.56,1.16,276,28,10.14
2024.0,CCST,Bachelor of Science in Information Technology,NGEC0403,1.91,0.88,287,19,6.62
2024.0,CCST,Bachelor of Science in Information Technology,NGEC0503,1.6,0.64,249,6,2.41
2024.0,CCST,Bachelor of Science in Information Technology,NGEC0603,1.48,0.91,239,13,5.44
2024.0,CCST,Bachelor of Science in Information Technology,NGEC0703,1.25,0.25,3,0,0.0
2024.0,CCST,Bachelor of Science in Information Technology,NGEC0723,1.63,0.66,247,8,3.24
2024.0,CCST,Bachelor of Science in Information Technology,NGEC0803,1.51,0.55,252,5,1.98
2024.0,CCST,Bachelor of Science in Information Technology,NGEC0903,1.92,0.43,256,3,1.17
2024.0,CCST,Bachelor of Science in Information Technology,NSTP0113,1.76,0.73,283,11,3.89
2024.0,CCST,Bachelor of Science in Information Technology,NSTP0223,1.72,0.84,274,15,5.47
2024.0,CCST,Bachelor of Science in Information Technology,PEDU0112,1.14,0.53,292,4,1.37
2024.0,CCST,Bachelor of Science in Information Technology,PEDU0222,1.31,0.49,279,4,1.43
2024.0,CCST,Bachelor of Science in Information Technology,PEDU0312,1.52,0.63,248,5,2.02
2024.0,CCST,Bachelor of Science in Information Technology,PEDU0422,1.35,0.99,246,17,6.91
2024.0,CCST,Bachelor of Science in Information Technology,PHED0222,2.5,0.0,2,0,0.0
2024.0,CCST,Bachelor of Science in Information Technology,UIEC0101,1.87,1.0,299,27,9.03
2024.0,CCST,Bachelor of Science in Information Technology,UIEC0201,1.32,0.76,296,11,3.72
2024.0,CCST,Bachelor of Science in Information Technology,UIEC0301,1.54,1.09,257,21,8.17
2024.0,CEA,Bachelor of Science in Architecture,ARCE0103,3.44,1.31,126,66,52.38
2024.0,CEA,Bachelor of Science in Architecture,ARDS0415,2.05,0.47,121,2,1.65
2024.0,CEA,Bachelor of Science in Architecture,ARDS0425,2.74,1.0,130,35,26.92
2024.0,CEA,Bachelor of Science in Architecture,ARDS0515,2.54,0.87,90,18,20.0
2024.0,CEA,Bachelor of Science in Architecture,ARDS0525,2.91,1.2,111,41,36.94
2024.0,CEA,Bachelor of Science in Architecture,ARHS0512,1.45,0.38,87,0,0.0
2024.0,CEA,Bachelor of Science in Architecture,ARPC0112,2.29,0.79,173,23,13.29
2024.0,CEA,Bachelor of Science in Architecture,ARPC0212,2.47,1.45,178,42,23.6
2024.0,CEA,Bachelor of Science in Architecture,ARPC0313,1.89,0.53,165,2,1.21
2024.0,CEA,Bachelor of Science in Architecture,ARPC0423,2.2,0.72,165,10,6.06
2024.0,CEA,Bachelor of Science in Architecture,ARPC0514,2.36,0.54,133,7,5.26
2024.0,CEA,Bachelor of Science in Architecture,ARPC0624,3.99,1.27,133,89,66.92
2024.0,CEA,Bachelor of Science in Architecture,ARPC1122,2.02,0.65,172,9,5.23
2024.0,CEA,Bachelor of Science in Architecture,ARPC1212,2.11,0.26,171,0,0.0
2024.0,CEA,Bachelor of Science in Architecture,ARPC1322,1.95,0.66,173,15,8.67
2024.0,CEA,Bachelor of Science in Architecture,ARPC1423,1.79,0.67,168,7,4.17
2024.0,CEA,Bachelor of Science in Architecture,ARPC1523,2.29,1.22,158,33,20.89
2024.0,CEA,Bachelor of Science in Architecture,ARPC1613,2.47,0.29,128,1,0.78
2024.0,CEA,Bachelor of Science in Architecture,ARPC1723,2.92,0.93,131,34,25.95
2024.0,CEA,Bachelor of Science in Architecture,ARPC1913,2.81,1.15,190,53,27.89
2024.0,CEA,Bachelor of Science in Architecture,ARPC2013,2.48,0.44,134,5,3.73
2024.0,CEA,Bachelor of Science in Architecture,ARPC2212,2.2,0.63,173,9,5.2
2024.0,CEA,Bachelor of Science in Architecture,ARPC2312,1.86,0.52,183,3,1.64
2024.0,CEA,Bachelor of Science in Architecture,ARPC2422,1.9,0.51,183,5,2.73
2024.0,CEA,Bachelor of Science in Architecture,ARPC2512,2.25,0.64,136,11,8.09
2024.0,CEA,Bachelor of Science in Architecture,ARPC2623,2.13,0.37,121,4,3.31
2024.0,CEA,Bachelor of Science in Architecture,ARPC2923,1.69,0.18,122,0,0.0
2024.0,CEA,Bachelor of Science in Architecture,ARPC3213,2.12,0.58,136,4,2.94
2024.0,CEA,Bachelor of Science in Architecture,ARPC3323,2.29,0.84,119,11,9.24
2024.0,CEA,Bachelor of Science in Architecture,ARPC3512,2.47,0.71,179,13,7.26
2024.0,CEA,Bachelor of Science in Architecture,ARSC0503,1.62,0.34,119,0,0.0
2024.0,CEA,Bachelor of Science in Architecture,ARSC0513,1.63,0.64,87,4,4.6
2024.0,CEA,Bachelor of Science in Architecture,ARSC0523,1.31,0.5,85,1,1.18
2024.0,CEA,Bachelor of Science in Architecture,ARST0513,2.71,0.51,84,46,54.76
2024.0,CEA,Bachelor of Science in Architecture,BECC0803,2.92,0.63,171,83,48.54
2024.0,CEA,Bachelor of Science in Architecture,BECC1203,3.15,1.05,155,63,40.65
2024.0,CEA,Bachelor of Science in Architecture,BMAR0513,1.63,0.31,85,0,0.0
2024.0,CEA,Bachelor of Science in Architecture,BMAR0523,1.71,0.45,84,0,0.0
2024.0,CEA,Bachelor of Science in Architecture,BTCH0413,1.44,0.2,129,1,0.78
2024.0,CEA,Bachelor of Science in Architecture,CEPC0103,2.1,0.49,175,4,2.29
2024.0,CEA,Bachelor of Science in Architecture,CEPC0703,2.43,0.57,111,12,10.81
2024.0,CEA,Bachelor of Science in Architecture,CESD0413,2.84,0.78,112,41,36.61
2024.0,CEA,Bachelor of Science in Architecture,COCO0423,2.98,1.34,90,32,35.56
2024.0,CEA,Bachelor of Science in Architecture,EAAC1203,1.92,0.81,174,9,5.17
2024.0,CEA,Bachelor of Science in Architecture,EAAC1302,2.38,0.68,174,21,12.07
2024.0,CEA,Bachelor of Science in Architecture,EAAC1402,2.04,0.56,174,6,3.45
2024.0,CEA,Bachelor of Science in Architecture,EAAC1403,2.47,1.13,172,28,16.28
2024.0,CEA,Bachelor of Science in Architecture,EAAC1502.,2.15,0.7,177,9,5.08
2024.0,CEA,Bachelor of Science in Architecture,EGEC0103,1.68,0.67,170,6,3.53
2024.0,CEA,Bachelor of Science in Architecture,EGEC0203,1.37,0.45,163,2,1.23
2024.0,CEA,Bachelor of Science in Architecture,EGEC0303,1.19,0.16,171,0,0.0
2024.0,CEA,Bachelor of Science in Architecture,EMAT0303,2.66,0.74,170,37,21.76
2024.0,CEA,Bachelor of Science in Architecture,EMAT0702,2.09,0.34,173,1,0.58
2024.0,CEA,Bachelor of Science in Architecture,FOLA0103,1.82,0.32,180,1,0.56
2024.0,CEA,Bachelor of Science in Architecture,FOLA0113,2.12,0.18,2,0,0.0
2024.0,CEA,Bachelor of Science in Architecture,FOLA0203,1.78,0.5,138,2,1.45
2024.0,CEA,Bachelor of Science in Architecture,NGEC0103,1.52,0.49,170,2,1.18
2024.0,CEA,Bachelor of Science in Architecture,NGEC0203,1.29,0.58,173,4,2.31
2024.0,CEA,Bachelor of Science in Architecture,NGEC0303,1.28,0.69,74,2,2.7
2024.0,CEA,Bachelor of Science in Architecture,NGEC0403,2.02,0.59,166,13,7.83
2024.0,CEA,Bachelor of Science in Architecture,NGEC0503,1.51,0.19,171,0,0.0
2024.0,CEA,Bachelor of Science in Architecture,NGEC0603,1.24,0.49,183,2,1.09
2024.0,CEA,Bachelor of Science in Architecture,NGEC0703,1.53,0.75,190,8,4.21
2024.0,CEA,Bachelor of Science in Architecture,NGEC0803,1.44,0.5,176,2,1.14
2024.0,CEA,Bachelor of Science in Architecture,NGEC0903,1.18,0.36,178,1,0.56
2024.0,CEA,Bachelor of Science in Architecture,NSTP0113,1.56,0.42,165,1,0.61
2024.0,CEA,Bachelor of Science in Architecture,NSTP0223,1.75,0.89,165,12,7.27
2024.0,CEA,Bachelor of Science in Architecture,PEDU0112,1.09,0.19,167,0,0.0
2024.0,CEA,Bachelor of Science in Architecture,PEDU0222,1.3,0.47,164,2,1.22
2024.0,CEA,Bachelor of Science in Architecture,PEDU0312,1.51,0.6,191,5,2.62
2024.0,CEA,Bachelor of Science in Architecture,PEDU0422,1.45,0.64,184,5,2.72
2024.0,CEA,Bachelor of Science in Architecture,PLAN0413,1.85,0.37,117,0,0.0
2024.0,CEA,Bachelor of Science in Architecture,PLAN0423,1.95,0.51,108,2,1.85
2024.0,CEA,Bachelor of Science in Architecture,PRCT0413,2.94,1.2,156,47,30.13
2024.0,CEA,Bachelor of Science in Architecture,PRCT0423,1.93,0.35,87,0,0.0
2024.0,CEA,Bachelor of Science in Architecture,RMAR0423,1.84,0.54,122,2,1.64
2024.0,CEA,Bachelor of Science in Architecture,UIEC0101,1.45,1.1,139,12,8.63
2024.0,CEA,Bachelor of Science in Architecture,UIEC0201,1.38,0.44,140,2,1.43
2024.0,CEA,Bachelor of Science in Architecture,UIEC0301,1.26,0.53,127,2,1.57
2024.0,CEA,Bachelor of Science in Architecture,UTIL0414,1.82,0.49,119,2,1.68
2024.0,CEA,Bachelor of Science in Civil Engineering,ARCD0121,2.39,1.07,170,24,14.12
2024.0,CEA,Bachelor of Science in Civil Engineering,ARDP0111,1.47,0.51,163,2,1.23
2024.0,CEA,Bachelor of Science in Civil Engineering,BECC0303-...,2.11,0.68,164,16,9.76
2024.0,CEA,Bachelor of Science in Civil Engineering,BECC0403,3.1,1.01,262,133,50.76
2024.0,CEA,Bachelor of Science in Civil Engineering,BECC0502,1.88,0.35,243,4,1.65
2024.0,CEA,Bachelor of Science in Civil Engineering,BECC0703,1.59,0.59,167,4,2.4
2024.0,CEA,Bachelor of Science in Civil Engineering,BECC0803,3.65,1.21,374,228,60.96
2024.0,CEA,Bachelor of Science in Civil Engineering,BECC0903,2.34,0.63,159,11,6.92
2024.0,CEA,Bachelor of Science in Civil Engineering,BECC1104,2.8,0.86,200,61,30.5
2024.0,CEA,Bachelor of Science in Civil Engineering,CECE0103,3.69,1.23,209,117,55.98
2024.0,CEA,Bachelor of Science in Civil Engineering,CECE0423,3.47,0.97,151,125,82.78
2024.0,CEA,Bachelor of Science in Civil Engineering,CECP0412,1.96,0.65,124,4,3.23
2024.0,CEA,Bachelor of Science in Civil Engineering,CECP0422,1.83,0.54,155,3,1.94
2024.0,CEA,Bachelor of Science in Civil Engineering,CEHY0322,1.41,0.41,109,1,0.92
2024.0,CEA,Bachelor of Science in Civil Engineering,CELC0422,2.11,0.47,155,6,3.87
2024.0,CEA,Bachelor of Science in Civil Engineering,CEPC0104,3.11,1.31,279,89,31.9
2024.0,CEA,Bachelor of Science in Civil Engineering,CEPC0203,3.09,1.02,219,79,36.07
2024.0,CEA,Bachelor of Science in Civil Engineering,CEPC0303,1.21,0.15,169,0,0.0
2024.0,CEA,Bachelor of Science in Civil Engineering,CEPC0405,3.26,1.04,211,100,47.39
2024.0,CEA,Bachelor of Science in Civil Engineering,CEPC0501,2.34,0.64,86,5,5.81
2024.0,CEA,Bachelor of Science in Civil Engineering,CEPC0502,2.1,0.41,98,2,2.04
2024.0,CEA,Bachelor of Science in Civil Engineering,CEPC0503,1.04,0.14,84,0,0.0
2024.0,CEA,Bachelor of Science in Civil Engineering,CEPC0504,2.96,1.07,156,62,39.74
2024.0,CEA,Bachelor of Science in Civil Engineering,CEPC0504.,1.69,0.54,84,2,2.38
2024.0,CEA,Bachelor of Science in Civil Engineering,CEPC0505,1.23,0.07,79,0,0.0
2024.0,CEA,Bachelor of Science in Civil Engineering,CEPC0506,1.88,0.5,40,0,0.0
2024.0,CEA,Bachelor of Science in Civil Engineering,CEPC0507,2.24,0.62,40,1,2.5
2024.0,CEA,Bachelor of Science in Civil Engineering,CEPC0508,1.89,0.54,36,1,2.78
2024.0,CEA,Bachelor of Science in Civil Engineering,CEPC0509,1.9,0.46,36,4,11.11
2024.0,CEA,Bachelor of Science in Civil Engineering,CEPC0510,1.38,0.15,40,0,0.0
2024.0,CEA,Bachelor of Science in Civil Engineering,CEPC0603,1.98,0.44,160,2,1.25
2024.0,CEA,Bachelor of Science in Civil Engineering,CEPC0704,2.87,0.77,183,73,39.89
2024.0,CEA,Bachelor of Science in Civil Engineering,CEPC0803,2.32,0.31,166,4,2.41
2024.0,CEA,Bachelor of Science in Civil Engineering,CEPC0903,2.06,0.2,227,0,0.0
2024.0,CEA,Bachelor of Science in Civil Engineering,CEPC1002,2.01,0.69,205,9,4.39
2024.0,CEA,Bachelor of Science in Civil Engineering,CEPC1103,3.06,0.8,172,99,57.56
2024.0,CEA,Bachelor of Science in Civil Engineering,CEPC1204,3.07,0.99,164,80,48.78
2024.0,CEA,Bachelor of Science in Civil Engineering,CEPC1303,2.39,0.43,70,10,14.29
2024.0,CEA,Bachelor of Science in Civil Engineering,CEPC1403,2.62,1.16,71,13,18.31
2024.0,CEA,Bachelor of Science in Civil Engineering,CERC0102,1.64,0.27,154,0,0.0
2024.0,CEA,Bachelor of Science in Civil Engineering,CESM0414,2.38,0.7,142,29,20.42
2024.0,CEA,Bachelor of Science in Civil Engineering,CETE0413,1.16,0.17,135,0,0.0
2024.0,CEA,Bachelor of Science in Civil Engineering,COJT0333,3.35,1.83,55,30,54.55
2024.0,CEA,Bachelor of Science in Civil Engineering,EAAC0503,1.25,0.44,266,3,1.13
2024.0,CEA,Bachelor of Science in Civil Engineering,EAAC0603.,1.75,0.75,258,10,3.88
2024.0,CEA,Bachelor of Science in Civil Engineering,EACC0413,1.17,0.13,200,0,0.0
2024.0,CEA,Bachelor of Science in Civil Engineering,EGEC0103,1.54,0.44,168,3,1.79
2024.0,CEA,Bachelor of Science in Civil Engineering,EGEC0203,1.23,0.08,264,0,0.0
2024.0,CEA,Bachelor of Science in Civil Engineering,EGEC0303,1.24,0.55,209,4,1.91
2024.0,CEA,Bachelor of Science in Civil Engineering,EMAT0103,2.62,0.74,168,46,27.38
2024.0,CEA,Bachelor of Science in Civil Engineering,EMAT0203,2.64,0.61,163,62,38.04
2024.0,CEA,Bachelor of Science in Civil Engineering,EMAT0403,2.38,0.49,269,28,10.41
2024.0,CEA,Bachelor of Science in Civil Engineering,EMAT0503,3.03,1.17,264,78,29.55
2024.0,CEA,Bachelor of Science in Civil Engineering,EMAT0603,1.82,0.44,142,2,1.41
2024.0,CEA,Bachelor of Science in Civil Engineering,ENPS0104,2.27,0.71,166,24,14.46
2024.0,CEA,Bachelor of Science in Civil Engineering,ENPS0204,2.11,0.59,162,5,3.09
2024.0,CEA,Bachelor of Science in Civil Engineering,ENPS0302,1.96,0.61,255,9,3.53
2024.0,CEA,Bachelor of Science in Civil Engineering,FOLA0103,2.41,0.58,167,14,8.38
2024.0,CEA,Bachelor of Science in Civil Engineering,FOLA0203,1.84,0.87,216,14,6.48
2024.0,CEA,Bachelor of Science in Civil Engineering,GETE0413,1.45,0.28,142,0,0.0
2024.0,CEA,Bachelor of Science in Civil Engineering,NGEC0103,1.23,0.58,162,3,1.85
2024.0,CEA,Bachelor of Science in Civil Engineering,NGEC0203,1.62,0.47,260,3,1.15
2024.0,CEA,Bachelor of Science in Civil Engineering,NGEC0303,1.2,0.62,260,6,2.31
2024.0,CEA,Bachelor of Science in Civil Engineering,NGEC0403,1.47,0.81,164,7,4.27
2024.0,CEA,Bachelor of Science in Civil Engineering,NGEC0503,1.13,0.48,167,3,1.8
2024.0,CEA,Bachelor of Science in Civil Engineering,NGEC0603,1.52,0.93,159,10,6.29
2024.0,CEA,Bachelor of Science in Civil Engineering,NGEC0703,1.35,0.33,164,1,0.61
2024.0,CEA,Bachelor of Science in Civil Engineering,NGEC0803,1.51,0.5,163,2,1.23
2024.0,CEA,Bachelor of Science in Civil Engineering,NGEC0903,1.11,0.55,263,5,1.9
2024.0,CEA,Bachelor of Science in Civil Engineering,NSTP0113,1.48,0.55,161,3,1.86
2024.0,CEA,Bachelor of Science in Civil Engineering,NSTP0223,1.42,0.71,159,5,3.14
2024.0,CEA,Bachelor of Science in Civil Engineering,PEDU0112,1.08,0.45,162,2,1.23
2024.0,CEA,Bachelor of Science in Civil Engineering,PEDU0222,1.1,0.45,160,2,1.25
2024.0,CEA,Bachelor of Science in Civil Engineering,PEDU0312,1.02,0.08,265,0,0.0
2024.0,CEA,Bachelor of Science in Civil Engineering,PEDU0422,1.37,0.85,261,12,4.6
2024.0,CEA,Bachelor of Science in Civil Engineering,PHED0312,2.5,0.0,3,0,0.0
2024.0,CEA,Bachelor of Science in Civil Engineering,PHED0422,2.5,0.0,2,0,0.0
2024.0,CEA,Bachelor of Science in Civil Engineering,UIEC0101,1.19,0.64,262,6,2.29
2024.0,CEA,Bachelor of Science in Civil Engineering,UIEC0201,1.21,0.51,172,2,1.16
2024.0,CEA,Bachelor of Science in Civil Engineering,UIEC0301,1.45,0.58,172,4,2.33
2024.0,CEA,Bachelor of Science in Computer Engineering,BECC0201,2.51,0.95,27,4,14.81
2024.0,CEA,Bachelor of Science in Computer Engineering,BECC0403,2.61,0.26,29,2,6.9
2024.0,CEA,Bachelor of Science in Computer Engineering,CPEP0111,2.51,0.68,38,6,15.79
2024.0,CEA,Bachelor of Science in Computer Engineering,CPEP0112,3.05,0.81,38,21,55.26
2024.0,CEA,Bachelor of Science in Computer Engineering,CPEP0122,2.62,0.87,32,8,25.0
2024.0,CEA,Bachelor of Science in Computer Engineering,CPEP0123,2.9,0.92,41,10,24.39
2024.0,CEA,Bachelor of Science in Computer Engineering,CPEP0212,2.84,0.8,29,7,24.14
2024.0,CEA,Bachelor of Science in Computer Engineering,CPEP0223,3.88,1.22,27,19,70.37
2024.0,CEA,Bachelor of Science in Computer Engineering,CPEP0224,1.96,0.13,29,0,0.0
2024.0,CEA,Bachelor of Science in Computer Engineering,EAAC2504,2.23,0.37,28,0,0.0
2024.0,CEA,Bachelor of Science in Computer Engineering,EAAC2604,1.55,0.28,28,0,0.0
2024.0,CEA,Bachelor of Science in Computer Engineering,EGEC0103,1.75,0.62,37,1,2.7
2024.0,CEA,Bachelor of Science in Computer Engineering,EGEC0203,1.15,0.18,34,0,0.0
2024.0,CEA,Bachelor of Science in Computer Engineering,EGEC0303,1.52,1.25,37,4,10.81
2024.0,CEA,Bachelor of Science in Computer Engineering,EMAT0103,2.18,0.59,38,1,2.63
2024.0,CEA,Bachelor of Science in Computer Engineering,EMAT0203,1.99,0.43,36,0,0.0
2024.0,CEA,Bachelor of Science in Computer Engineering,EMAT0403,2.7,0.29,27,6,22.22
2024.0,CEA,Bachelor of Science in Computer Engineering,EMAT0503,1.97,0.42,43,0,0.0
2024.0,CEA,Bachelor of Science in Computer Engineering,ENPS0104,1.46,0.28,38,0,0.0
2024.0,CEA,Bachelor of Science in Computer Engineering,ENPS0204,3.3,1.36,35,13,37.14
2024.0,CEA,Bachelor of Science in Computer Engineering,FOLA0103,2.8,0.74,27,9,33.33
2024.0,CEA,Bachelor of Science in Computer Engineering,FOLA0203,1.25,0.0,29,0,0.0
2024.0,CEA,Bachelor of Science in Computer Engineering,NGEC0103,1.64,0.69,37,1,2.7
2024.0,CEA,Bachelor of Science in Computer Engineering,NGEC0203,1.65,1.06,35,3,8.57
2024.0,CEA,Bachelor of Science in Computer Engineering,NGEC0303,1.57,0.2,19,0,0.0
2024.0,CEA,Bachelor of Science in Computer Engineering,NGEC0403,1.79,0.44,34,2,5.88
2024.0,CEA,Bachelor of Science in Computer Engineering,NGEC0503,1.51,0.18,25,0,0.0
2024.0,CEA,Bachelor of Science in Computer Engineering,NGEC0603,2.02,1.14,38,7,18.42
2024.0,CEA,Bachelor of Science in Computer Engineering,NGEC0703,1.49,0.24,21,0,0.0
2024.0,CEA,Bachelor of Science in Computer Engineering,NSTP0113,1.99,0.99,37,4,10.81
2024.0,CEA,Bachelor of Science in Computer Engineering,NSTP0223,1.35,0.22,33,0,0.0
2024.0,CEA,Bachelor of Science in Computer Engineering,PEDU0112,1.3,0.92,37,2,5.41
2024.0,CEA,Bachelor of Science in Computer Engineering,PEDU0222,1.46,0.42,34,0,0.0
2024.0,CEA,Bachelor of Science in Computer Engineering,PEDU0312,1.3,0.1,28,0,0.0
2024.0,CEA,Bachelor of Science in Computer Engineering,PEDU0422,1.58,0.28,29,0,0.0
2024.0,CEA,Bachelor of Science in Computer Engineering,UIEC0101,1.15,0.14,28,0,0.0
2024.0,CEA,Bachelor of Science in Computer Engineering,UIEC0201,1.44,0.13,28,0,0.0
2024.0,CEA,Bachelor of Science in Computer Engineering,UIEC0301,1.35,0.16,26,0,0.0
2024.0,CEA,Bachelor of Science in Electrical Engineering,ARCD0121,2.0,,1,0,0.0
2024.0,CEA,Bachelor of Science in Electrical Engineering,BECC0201,1.75,0.45,144,3,2.08
2024.0,CEA,Bachelor of Science in Electrical Engineering,BECC0403,1.44,0.14,107,0,0.0
2024.0,CEA,Bachelor of Science in Electrical Engineering,BECC1003,3.03,0.78,124,58,46.77
2024.0,CEA,Bachelor of Science in Electrical Engineering,EAAC0203,3.26,0.96,142,84,59.15
2024.0,CEA,Bachelor of Science in Electrical Engineering,EAAC0423,1.81,0.32,84,0,0.0
2024.0,CEA,Bachelor of Science in Electrical Engineering,EAAC0803,1.2,0.43,96,1,1.04
2024.0,CEA,Bachelor of Science in Electrical Engineering,EAAC0902,2.55,0.71,127,12,9.45
2024.0,CEA,Bachelor of Science in Electrical Engineering,EAAC1502,3.64,1.17,109,75,68.81
2024.0,CEA,Bachelor of Science in Electrical Engineering,EAAC1602,2.5,1.13,103,34,33.01
2024.0,CEA,Bachelor of Science in Electrical Engineering,EAAC1702,3.5,1.38,95,46,48.42
2024.0,CEA,Bachelor of Science in Electrical Engineering,EAAC1904,3.41,1.12,107,65,60.75
2024.0,CEA,Bachelor of Science in Electrical Engineering,EAAC2003,3.13,1.1,107,50,46.73
2024.0,CEA,Bachelor of Science in Electrical Engineering,EAAC2102,2.97,0.8,106,70,66.04
2024.0,CEA,Bachelor of Science in Electrical Engineering,EAAC2202,2.32,0.41,84,2,2.38
2024.0,CEA,Bachelor of Science in Electrical Engineering,ECEP0404,2.15,0.49,64,2,3.12
2024.0,CEA,Bachelor of Science in Electrical Engineering,EECE0423,2.93,0.71,96,53,55.21
2024.0,CEA,Bachelor of Science in Electrical Engineering,EEDS0423,3.33,1.04,108,73,67.59
2024.0,CEA,Bachelor of Science in Electrical Engineering,EEEL0413,2.09,0.59,109,18,16.51
2024.0,CEA,Bachelor of Science in Electrical Engineering,EEEL0423,2.7,0.43,108,62,57.41
2024.0,CEA,Bachelor of Science in Electrical Engineering,EEEM0412,1.68,0.5,112,2,1.79
2024.0,CEA,Bachelor of Science in Electrical Engineering,EEIC0413,1.2,0.2,108,0,0.0
2024.0,CEA,Bachelor of Science in Electrical Engineering,EEMP0412,2.01,0.74,108,8,7.41
2024.0,CEA,Bachelor of Science in Electrical Engineering,EEOJT0302,1.89,0.5,40,1,2.5
2024.0,CEA,Bachelor of Science in Electrical Engineering,EEPP0421,2.22,0.69,104,11,10.58
2024.0,CEA,Bachelor of Science in Electrical Engineering,EEPS0424,3.45,1.16,108,61,56.48
2024.0,CEA,Bachelor of Science in Electrical Engineering,EERM0411,2.22,0.72,111,6,5.41
2024.0,CEA,Bachelor of Science in Electrical Engineering,EERP0421,2.24,0.68,108,5,4.63
2024.0,CEA,Bachelor of Science in Electrical Engineering,EESC0421,2.09,0.62,108,4,3.7
2024.0,CEA,Bachelor of Science in Electrical Engineering,EESD0415,2.7,0.68,114,24,21.05
2024.0,CEA,Bachelor of Science in Electrical Engineering,EESP0411,1.98,0.49,113,2,1.77
2024.0,CEA,Bachelor of Science in Electrical Engineering,EGEC0103,1.6,0.24,140,0,0.0
2024.0,CEA,Bachelor of Science in Electrical Engineering,EGEC0203,1.21,0.4,138,1,0.72
2024.0,CEA,Bachelor of Science in Electrical Engineering,EGEC0303,1.19,0.4,141,1,0.71
2024.0,CEA,Bachelor of Science in Electrical Engineering,ELCE0103,2.98,1.01,93,29,31.18
2024.0,CEA,Bachelor of Science in Electrical Engineering,ELEP0113,2.85,1.4,105,35,33.33
2024.0,CEA,Bachelor of Science in Electrical Engineering,ELEP0223,1.13,0.14,95,0,0.0
2024.0,CEA,Bachelor of Science in Electrical Engineering,ELEP0314,4.16,1.09,176,151,85.8
2024.0,CEA,Bachelor of Science in Electrical Engineering,ELEP0424,3.02,0.82,63,30,47.62
2024.0,CEA,Bachelor of Science in Electrical Engineering,ELEP0512,2.57,1.13,99,28,28.28
2024.0,CEA,Bachelor of Science in Electrical Engineering,ELEP0623,3.51,1.13,108,62,57.41
2024.0,CEA,Bachelor of Science in Electrical Engineering,ELEP0712,3.5,1.11,104,84,80.77
2024.0,CEA,Bachelor of Science in Electrical Engineering,ELEP0824,3.14,1.0,88,51,57.95
2024.0,CEA,Bachelor of Science in Electrical Engineering,ELEP1023,3.36,1.33,98,41,41.84
2024.0,CEA,Bachelor of Science in Electrical Engineering,ELEP1922,2.0,0.0,99,0,0.0
2024.0,CEA,Bachelor of Science in Electrical Engineering,EMAT0103,2.93,0.81,155,52,33.55
2024.0,CEA,Bachelor of Science in Electrical Engineering,EMAT0203,2.72,0.49,131,34,25.95
2024.0,CEA,Bachelor of Science in Electrical Engineering,EMAT0403,2.99,1.2,143,57,39.86
2024.0,CEA,Bachelor of Science in Electrical Engineering,EMAT0503,2.77,0.63,127,49,38.58
2024.0,CEA,Bachelor of Science in Electrical Engineering,ENPS0104,2.12,0.49,143,16,11.19
2024.0,CEA,Bachelor of Science in Electrical Engineering,ENPS0204,3.95,1.27,137,80,58.39
2024.0,CEA,Bachelor of Science in Electrical Engineering,FOLA0103,1.72,0.98,115,12,10.43
2024.0,CEA,Bachelor of Science in Electrical Engineering,FOLA0203,1.31,0.47,128,2,1.56
2024.0,CEA,Bachelor of Science in Electrical Engineering,GETE0413,1.78,0.25,110,0,0.0
2024.0,CEA,Bachelor of Science in Electrical Engineering,NGEC0103,1.69,0.2,141,0,0.0
2024.0,CEA,Bachelor of Science in Electrical Engineering,NGEC0203,1.26,0.39,138,1,0.72
2024.0,CEA,Bachelor of Science in Electrical Engineering,NGEC0303,1.64,0.94,103,9,8.74
2024.0,CEA,Bachelor of Science in Electrical Engineering,NGEC0403,1.82,0.57,137,3,2.19
2024.0,CEA,Bachelor of Science in Electrical Engineering,NGEC0503,1.5,0.83,127,6,4.72
2024.0,CEA,Bachelor of Science in Electrical Engineering,NGEC0603,1.48,0.42,145,1,0.69
2024.0,CEA,Bachelor of Science in Electrical Engineering,NGEC0703,1.53,0.75,106,4,3.77
2024.0,CEA,Bachelor of Science in Electrical Engineering,NGEC0803,1.86,0.61,142,3,2.11
2024.0,CEA,Bachelor of Science in Electrical Engineering,NGEC0903,1.3,0.14,86,0,0.0
2024.0,CEA,Bachelor of Science in Electrical Engineering,NSTP0113,1.45,0.32,140,0,0.0
2024.0,CEA,Bachelor of Science in Electrical Engineering,NSTP0223,1.35,0.34,139,1,0.72
2024.0,CEA,Bachelor of Science in Electrical Engineering,PEDU0112,1.09,0.14,140,0,0.0
2024.0,CEA,Bachelor of Science in Electrical Engineering,PEDU0222,1.32,0.56,138,3,2.17
2024.0,CEA,Bachelor of Science in Electrical Engineering,PEDU0312,1.28,0.84,128,6,4.69
2024.0,CEA,Bachelor of Science in Electrical Engineering,PEDU0422,1.2,0.2,123,0,0.0
2024.0,CEA,Bachelor of Science in Electrical Engineering,UIEC0101,1.71,0.8,121,6,4.96
2024.0,CEA,Bachelor of Science in Electrical Engineering,UIEC0201,1.64,0.76,140,5,3.57
2024.0,CEA,Bachelor of Science in Electrical Engineering,UIEC0301,1.48,0.72,140,4,2.86
2024.0,CEA,Bachelor of Science in Electronics Engineering,BECC0101,1.42,0.48,68,1,1.47
2024.0,CEA,Bachelor of Science in Electronics Engineering,BECC0303.,2.23,0.8,63,12,19.05
2024.0,CEA,Bachelor of Science in Electronics Engineering,BECC0402,2.1,0.59,75,2,2.67
2024.0,CEA,Bachelor of Science in Electronics Engineering,CEEN0423,1.55,0.41,51,0,0.0
2024.0,CEA,Bachelor of Science in Electronics Engineering,EAAC0104,2.51,0.92,70,15,21.43
2024.0,CEA,Bachelor of Science in Electronics Engineering,EAAC0202,1.69,0.18,77,0,0.0
2024.0,CEA,Bachelor of Science in Electronics Engineering,EAAC0303,2.03,0.89,69,5,7.25
2024.0,CEA,Bachelor of Science in Electronics Engineering,ECCD0423,3.21,1.07,51,13,25.49
2024.0,CEA,Bachelor of Science in Electronics Engineering,ECCE0324,2.25,0.0,5,0,0.0
2024.0,CEA,Bachelor of Science in Electronics Engineering,ECCE0423,3.1,1.08,51,12,23.53
2024.0,CEA,Bachelor of Science in Electronics Engineering,ECCS0324,2.34,0.12,17,0,0.0
2024.0,CEA,Bachelor of Science in Electronics Engineering,ECDE0324,2.89,0.74,11,3,27.27
2024.0,CEA,Bachelor of Science in Electronics Engineering,ECDP0411,2.15,1.11,50,6,12.0
2024.0,CEA,Bachelor of Science in Electronics Engineering,ECDP0421,1.45,0.17,33,0,0.0
2024.0,CEA,Bachelor of Science in Electronics Engineering,ECEM0414,1.61,0.39,48,0,0.0
2024.0,CEA,Bachelor of Science in Electronics Engineering,ECEP0103,2.25,1.24,71,13,18.31
2024.0,CEA,Bachelor of Science in Electronics Engineering,ECEP0204,1.5,0.35,66,0,0.0
2024.0,CEA,Bachelor of Science in Electronics Engineering,ECEP0304,1.47,0.62,53,1,1.89
2024.0,CEA,Bachelor of Science in Electronics Engineering,ECEP0404,3.45,1.26,101,50,49.5
2024.0,CEA,Bachelor of Science in Electronics Engineering,ECEP0504,2.61,0.86,67,14,20.9
2024.0,CEA,Bachelor of Science in Electronics Engineering,ECEP0604,2.03,0.61,52,2,3.85
2024.0,CEA,Bachelor of Science in Electronics Engineering,ECEP0704,2.87,1.04,63,14,22.22
2024.0,CEA,Bachelor of Science in Electronics Engineering,ECEP0804,2.26,0.33,43,0,0.0
2024.0,CEA,Bachelor of Science in Electronics Engineering,ECEP0904,4.36,1.41,52,43,82.69
2024.0,CEA,Bachelor of Science in Electronics Engineering,ECEP1004,3.7,1.25,74,47,63.51
2024.0,CEA,Bachelor of Science in Electronics Engineering,ECEP1104,2.52,0.72,45,9,20.0
2024.0,CEA,Bachelor of Science in Electronics Engineering,ECEP1204,1.54,0.37,44,1,2.27
2024.0,CEA,Bachelor of Science in Electronics Engineering,ECEP1304,2.12,0.83,44,4,9.09
2024.0,CEA,Bachelor of Science in Electronics Engineering,ECEP1404,1.45,0.58,52,1,1.92
2024.0,CEA,Bachelor of Science in Electronics Engineering,ECMR0413,1.81,0.36,49,0,0.0
2024.0,CEA,Bachelor of Science in Electronics Engineering,ECPE0414,1.5,0.28,51,0,0.0
2024.0,CEA,Bachelor of Science in Electronics Engineering,ECPE0424,1.16,0.12,36,0,0.0
2024.0,CEA,Bachelor of Science in Electronics Engineering,ECPS0413,2.15,0.52,51,1,1.96
2024.0,CEA,Bachelor of Science in Electronics Engineering,ECSC0421,1.0,0.0,51,0,0.0
2024.0,CEA,Bachelor of Science in Electronics Engineering,ECSS0414,2.7,1.07,41,11,26.83
2024.0,CEA,Bachelor of Science in Electronics Engineering,EGEC0103,1.38,0.48,67,1,1.49
2024.0,CEA,Bachelor of Science in Electronics Engineering,EGEC0203,1.16,0.12,66,0,0.0
2024.0,CEA,Bachelor of Science in Electronics Engineering,EGEC0303,1.35,0.68,66,2,3.03
2024.0,CEA,Bachelor of Science in Electronics Engineering,ELEP0314,2.81,0.56,82,40,48.78
2024.0,CEA,Bachelor of Science in Electronics Engineering,ELEP0424,2.69,0.66,79,35,44.3
2024.0,CEA,Bachelor of Science in Electronics Engineering,EMAT0103,2.04,0.75,65,4,6.15
2024.0,CEA,Bachelor of Science in Electronics Engineering,EMAT0203,2.83,0.72,64,37,57.81
2024.0,CEA,Bachelor of Science in Electronics Engineering,EMAT0403,3.19,1.35,88,44,50.0
2024.0,CEA,Bachelor of Science in Electronics Engineering,EMGT0312,1.98,0.21,50,0,0.0
2024.0,CEA,Bachelor of Science in Electronics Engineering,ENPS0104,2.25,,1,0,0.0
2024.0,CEA,Bachelor of Science in Electronics Engineering,ENPS0114,1.93,0.34,65,0,0.0
2024.0,CEA,Bachelor of Science in Electronics Engineering,ENPS0204,3.0,,1,1,100.0
2024.0,CEA,Bachelor of Science in Electronics Engineering,ENPS0224,2.25,0.97,66,11,16.67
2024.0,CEA,Bachelor of Science in Electronics Engineering,FOLA0103,1.29,0.28,65,1,1.54
2024.0,CEA,Bachelor of Science in Electronics Engineering,FOLA0203,1.84,0.88,54,4,7.41
2024.0,CEA,Bachelor of Science in Electronics Engineering,NGEC0103,1.55,0.68,66,2,3.03
2024.0,CEA,Bachelor of Science in Electronics Engineering,NGEC0203,1.73,0.25,65,0,0.0
2024.0,CEA,Bachelor of Science in Electronics Engineering,NGEC0303,1.77,0.27,52,0,0.0
2024.0,CEA,Bachelor of Science in Electronics Engineering,NGEC0403,1.51,0.52,66,1,1.52
2024.0,CEA,Bachelor of Science in Electronics Engineering,NGEC0503,1.51,0.49,68,1,1.47
2024.0,CEA,Bachelor of Science in Electronics Engineering,NGEC0603,1.5,0.91,52,3,5.77
2024.0,CEA,Bachelor of Science in Electronics Engineering,NGEC0703,1.34,0.61,66,1,1.52
2024.0,CEA,Bachelor of Science in Electronics Engineering,NGEC0803,1.08,0.12,62,0,0.0
2024.0,CEA,Bachelor of Science in Electronics Engineering,NGEC0903,1.35,0.52,63,1,1.59
2024.0,CEA,Bachelor of Science in Electronics Engineering,NSTP0113,1.95,0.83,65,4,6.15
2024.0,CEA,Bachelor of Science in Electronics Engineering,NSTP0223,1.27,0.57,66,1,1.52
2024.0,CEA,Bachelor of Science in Electronics Engineering,PEDU0112,1.16,0.7,66,2,3.03
2024.0,CEA,Bachelor of Science in Electronics Engineering,PEDU0222,1.1,0.52,65,1,1.54
2024.0,CEA,Bachelor of Science in Electronics Engineering,PEDU0312,1.16,0.69,67,2,2.99
2024.0,CEA,Bachelor of Science in Electronics Engineering,PEDU0422,1.82,0.88,68,4,5.88
2024.0,CEA,Bachelor of Science in Electronics Engineering,PHED0312,2.5,,1,0,0.0
2024.0,CEA,Bachelor of Science in Electronics Engineering,UIEC0101,1.11,0.53,68,1,1.47
2024.0,CEA,Bachelor of Science in Electronics Engineering,UIEC0201,1.12,0.5,67,1,1.49
2024.0,CEA,Bachelor of Science in Electronics Engineering,UIEC0301,1.54,0.14,70,0,0.0
2024.0,CEA,Bachelor of Science in Industrial Engineering,ACFA0303,2.06,0.42,90,1,1.11
2024.0,CEA,Bachelor of Science in Industrial Engineering,ACMA0103,1.86,0.25,85,0,0.0
2024.0,CEA,Bachelor of Science in Industrial Engineering,BECC0201,1.73,0.67,92,4,4.35
2024.0,CEA,Bachelor of Science in Industrial Engineering,BECC0303-...,2.8,1.11,88,30,34.09
2024.0,CEA,Bachelor of Science in Industrial Engineering,BECC0403,2.69,0.67,95,28,29.47
2024.0,CEA,Bachelor of Science in Industrial Engineering,BECC1003,2.53,0.58,105,16,15.24
2024.0,CEA,Bachelor of Science in Industrial Engineering,CEIE0423,1.58,0.35,72,0,0.0
2024.0,CEA,Bachelor of Science in Industrial Engineering,EAAC0802,2.07,1.28,95,23,24.21
2024.0,CEA,Bachelor of Science in Industrial Engineering,EAAC0903,2.52,0.34,98,16,16.33
2024.0,CEA,Bachelor of Science in Industrial Engineering,EAAC2403,1.56,0.51,108,1,0.93
2024.0,CEA,Bachelor of Science in Industrial Engineering,EEIE0413,2.31,1.11,89,12,13.48
2024.0,CEA,Bachelor of Science in Industrial Engineering,EGEC0103,1.5,0.39,101,1,0.99
2024.0,CEA,Bachelor of Science in Industrial Engineering,EGEC0203,1.75,0.76,89,4,4.49
2024.0,CEA,Bachelor of Science in Industrial Engineering,EGEC0303,1.36,0.85,105,5,4.76
2024.0,CEA,Bachelor of Science in Industrial Engineering,EMAT0103,1.91,0.22,102,0,0.0
2024.0,CEA,Bachelor of Science in Industrial Engineering,EMAT0203,2.96,0.78,109,69,63.3
2024.0,CEA,Bachelor of Science in Industrial Engineering,EMAT0403,2.97,0.75,96,62,64.58
2024.0,CEA,Bachelor of Science in Industrial Engineering,ENPS0104,1.96,0.63,102,4,3.92
2024.0,CEA,Bachelor of Science in Industrial Engineering,ENPS0204,2.13,0.76,104,6,5.77
2024.0,CEA,Bachelor of Science in Industrial Engineering,FOLA0103,2.92,0.93,91,24,26.37
2024.0,CEA,Bachelor of Science in Industrial Engineering,FOLA0203,1.66,0.54,89,2,2.25
2024.0,CEA,Bachelor of Science in Industrial Engineering,GETE0413,1.57,0.32,68,0,0.0
2024.0,CEA,Bachelor of Science in Industrial Engineering,IEAM0411,1.56,1.03,75,5,6.67
2024.0,CEA,Bachelor of Science in Industrial Engineering,IECE0103,2.76,0.35,78,43,55.13
2024.0,CEA,Bachelor of Science in Industrial Engineering,IECE0423,2.13,0.34,73,3,4.11
2024.0,CEA,Bachelor of Science in Industrial Engineering,IECP0412,1.94,0.37,66,0,0.0
2024.0,CEA,Bachelor of Science in Industrial Engineering,IECP0421,2.25,0.35,73,5,6.85
2024.0,CEA,Bachelor of Science in Industrial Engineering,IEFP0413,2.07,0.64,75,5,6.67
2024.0,CEA,Bachelor of Science in Industrial Engineering,IEIS0413,2.02,0.48,78,1,1.28
2024.0,CEA,Bachelor of Science in Industrial Engineering,IELS0422,2.38,0.57,78,21,26.92
2024.0,CEA,Bachelor of Science in Industrial Engineering,IEPC0123,2.23,0.4,87,1,1.15
2024.0,CEA,Bachelor of Science in Industrial Engineering,IEPC0213,1.9,0.38,102,2,1.96
2024.0,CEA,Bachelor of Science in Industrial Engineering,IEPC0313,3.1,1.22,90,34,37.78
2024.0,CEA,Bachelor of Science in Industrial Engineering,IEPC0423,2.59,0.68,106,28,26.42
2024.0,CEA,Bachelor of Science in Industrial Engineering,IEPC0513,2.44,0.49,99,15,15.15
2024.0,CEA,Bachelor of Science in Industrial Engineering,IEPC0624,2.6,1.0,93,12,12.9
2024.0,CEA,Bachelor of Science in Industrial Engineering,IEPC0713,2.87,0.87,115,62,53.91
2024.0,CEA,Bachelor of Science in Industrial Engineering,IEPC0823,2.55,0.63,92,24,26.09
2024.0,CEA,Bachelor of Science in Industrial Engineering,IEPC0913,2.77,0.75,93,21,22.58
2024.0,CEA,Bachelor of Science in Industrial Engineering,IEPC1113,1.71,0.42,95,1,1.05
2024.0,CEA,Bachelor of Science in Industrial Engineering,IEPC1223,1.92,0.43,95,2,2.11
2024.0,CEA,Bachelor of Science in Industrial Engineering,IEPC1324,2.39,0.39,85,13,15.29
2024.0,CEA,Bachelor of Science in Industrial Engineering,IEPC2013,2.69,0.85,91,18,19.78
2024.0,CEA,Bachelor of Science in Industrial Engineering,IEPC2321,1.34,0.77,108,3,2.78
2024.0,CEA,Bachelor of Science in Industrial Engineering,IEPC2411,2.31,0.66,93,6,6.45
2024.0,CEA,Bachelor of Science in Industrial Engineering,IEPC2512,3.1,1.23,91,34,37.36
2024.0,CEA,Bachelor of Science in Industrial Engineering,IEPC2623,2.08,0.62,88,6,6.82
2024.0,CEA,Bachelor of Science in Industrial Engineering,IEPC2722,2.23,0.55,95,2,2.11
2024.0,CEA,Bachelor of Science in Industrial Engineering,IEPF0413,1.67,0.56,76,2,2.63
2024.0,CEA,Bachelor of Science in Industrial Engineering,IEPM0423,1.66,0.32,70,1,1.43
2024.0,CEA,Bachelor of Science in Industrial Engineering,IESC0413,2.15,0.77,77,9,11.69
2024.0,CEA,Bachelor of Science in Industrial Engineering,IESE0413,2.01,0.52,78,2,2.56
2024.0,CEA,Bachelor of Science in Industrial Engineering,IESP0411,1.05,0.46,74,1,1.35
2024.0,CEA,Bachelor of Science in Industrial Engineering,IETQ0423,2.34,0.61,64,17,26.56
2024.0,CEA,Bachelor of Science in Industrial Engineering,NGEC0103,1.39,0.43,102,1,0.98
2024.0,CEA,Bachelor of Science in Industrial Engineering,NGEC0203,1.24,0.14,101,0,0.0
2024.0,CEA,Bachelor of Science in Industrial Engineering,NGEC0303,1.12,0.56,102,2,1.96
2024.0,CEA,Bachelor of Science in Industrial Engineering,NGEC0403,1.73,0.34,101,2,1.98
2024.0,CEA,Bachelor of Science in Industrial Engineering,NGEC0503,1.58,0.62,81,3,3.7
2024.0,CEA,Bachelor of Science in Industrial Engineering,NGEC0603,1.65,0.77,105,4,3.81
2024.0,CEA,Bachelor of Science in Industrial Engineering,NGEC0703,1.62,0.8,83,4,4.82
2024.0,CEA,Bachelor of Science in Industrial Engineering,NGEC0803,1.53,0.82,84,4,4.76
2024.0,CEA,Bachelor of Science in Industrial Engineering,NGEC0903,1.19,0.75,92,3,3.26
2024.0,CEA,Bachelor of Science in Industrial Engineering,NSTP0113,1.66,0.45,103,1,0.97
2024.0,CEA,Bachelor of Science in Industrial Engineering,NSTP0223,1.49,0.62,100,3,3.0
2024.0,CEA,Bachelor of Science in Industrial Engineering,PEDU0112,1.1,0.41,103,1,0.97
2024.0,CEA,Bachelor of Science in Industrial Engineering,PEDU0222,1.44,0.62,102,2,1.96
2024.0,CEA,Bachelor of Science in Industrial Engineering,PEDU0312,1.19,0.7,96,3,3.12
2024.0,CEA,Bachelor of Science in Industrial Engineering,PEDU0422,1.44,0.68,90,2,2.22
2024.0,CEA,Bachelor of Science in Industrial Engineering,PHED0312,1.5,,1,0,0.0
2024.0,CEA,Bachelor of Science in Industrial Engineering,PHED0422,2.5,,1,0,0.0
2024.0,CEA,Bachelor of Science in Industrial Engineering,UIEC0101,1.36,0.73,91,3,3.3
2024.0,CEA,Bachelor of Science in Industrial Engineering,UIEC0201,1.42,0.64,86,2,2.33
2024.0,CEA,Bachelor of Science in Industrial Engineering,UIEC0301,1.53,0.17,92,0,0.0
2024.0,CEA,Bachelor of Science in Mechanical Engineering,BECC0101,2.01,0.48,193,5,2.59
2024.0,CEA,Bachelor of Science in Mechanical Engineering,BECC0201,1.94,0.32,188,1,0.53
2024.0,CEA,Bachelor of Science in Mechanical Engineering,BECC0303-...,2.62,0.18,2,0,0.0
2024.0,CEA,Bachelor of Science in Mechanical Engineering,BECC0403,2.36,0.96,131,30,22.9
2024.0,CEA,Bachelor of Science in Mechanical Engineering,BECC0502,2.33,0.37,120,2,1.67
2024.0,CEA,Bachelor of Science in Mechanical Engineering,BECC0803,2.63,0.55,202,107,52.97
2024.0,CEA,Bachelor of Science in Mechanical Engineering,BECC0903,2.91,1.05,202,111,54.95
2024.0,CEA,Bachelor of Science in Mechanical Engineering,BECC1103,2.85,0.4,134,97,72.39
2024.0,CEA,Bachelor of Science in Mechanical Engineering,BOSH0101,1.32,0.54,121,2,1.65
2024.0,CEA,Bachelor of Science in Mechanical Engineering,EAAC0201,2.69,0.72,208,38,18.27
2024.0,CEA,Bachelor of Science in Mechanical Engineering,EAAC0423,2.08,0.36,132,1,0.76
2024.0,CEA,Bachelor of Science in Mechanical Engineering,EAAC0713,2.4,0.68,211,21,9.95
2024.0,CEA,Bachelor of Science in Mechanical Engineering,EAAC1803,1.94,0.52,208,13,6.25
2024.0,CEA,Bachelor of Science in Mechanical Engineering,EAAC2303,1.13,0.2,133,0,0.0
2024.0,CEA,Bachelor of Science in Mechanical Engineering,ECCE0413,1.66,0.33,139,0,0.0
2024.0,CEA,Bachelor of Science in Mechanical Engineering,EGEC0103,1.86,0.39,186,2,1.08
2024.0,CEA,Bachelor of Science in Mechanical Engineering,EGEC0203,1.32,0.23,188,0,0.0
2024.0,CEA,Bachelor of Science in Mechanical Engineering,EGEC0303,1.15,0.18,188,0,0.0
2024.0,CEA,Bachelor of Science in Mechanical Engineering,EMAT0103,2.03,0.41,196,2,1.02
2024.0,CEA,Bachelor of Science in Mechanical Engineering,EMAT0203,1.38,0.54,197,2,1.02
2024.0,CEA,Bachelor of Science in Mechanical Engineering,EMAT0403,1.77,0.39,203,2,0.99
2024.0,CEA,Bachelor of Science in Mechanical Engineering,EMAT0503,3.14,0.92,133,67,50.38
2024.0,CEA,Bachelor of Science in Mechanical Engineering,EMGT0312,2.27,0.47,124,6,4.84
2024.0,CEA,Bachelor of Science in Mechanical Engineering,ENPS0104,1.85,0.35,189,4,2.12
2024.0,CEA,Bachelor of Science in Mechanical Engineering,ENPS0204,2.37,0.5,197,36,18.27
2024.0,CEA,Bachelor of Science in Mechanical Engineering,FOLA0103,2.02,0.59,192,8,4.17
2024.0,CEA,Bachelor of Science in Mechanical Engineering,FOLA0203,1.32,0.52,205,4,1.95
2024.0,CEA,Bachelor of Science in Mechanical Engineering,GETE0413,1.47,0.61,142,3,2.11
2024.0,CEA,Bachelor of Science in Mechanical Engineering,MEAC0413,2.15,0.69,132,19,14.39
2024.0,CEA,Bachelor of Science in Mechanical Engineering,MECE0103,3.16,1.31,167,67,40.12
2024.0,CEA,Bachelor of Science in Mechanical Engineering,MEEC0423,2.16,0.55,137,16,11.68
2024.0,CEA,Bachelor of Science in Mechanical Engineering,MEFC0101,2.09,0.46,192,7,3.65
2024.0,CEA,Bachelor of Science in Mechanical Engineering,MEFC0201,1.61,0.47,190,0,0.0
2024.0,CEA,Bachelor of Science in Mechanical Engineering,MEFC0303,3.16,1.14,243,108,44.44
2024.0,CEA,Bachelor of Science in Mechanical Engineering,MEFC0402,2.09,0.53,207,4,1.93
2024.0,CEA,Bachelor of Science in Mechanical Engineering,MEFC0503,1.58,0.5,203,3,1.48
2024.0,CEA,Bachelor of Science in Mechanical Engineering,MEFC0603,1.73,0.46,168,3,1.79
2024.0,CEA,Bachelor of Science in Mechanical Engineering,MEFC0702,3.39,1.28,149,69,46.31
2024.0,CEA,Bachelor of Science in Mechanical Engineering,MEFC0803,3.26,1.11,132,85,64.39
2024.0,CEA,Bachelor of Science in Mechanical Engineering,MEFC0903,1.96,0.87,133,10,7.52
2024.0,CEA,Bachelor of Science in Mechanical Engineering,MEFC1001,2.16,0.99,133,13,9.77
2024.0,CEA,Bachelor of Science in Mechanical Engineering,MEFC1101,1.32,0.24,109,0,0.0
2024.0,CEA,Bachelor of Science in Mechanical Engineering,MEFC1202,3.33,1.08,106,66,62.26
2024.0,CEA,Bachelor of Science in Mechanical Engineering,MEFC1303,2.28,0.87,106,18,16.98
2024.0,CEA,Bachelor of Science in Mechanical Engineering,MEFC1403,3.26,1.17,132,68,51.52
2024.0,CEA,Bachelor of Science in Mechanical Engineering,MEFC1503,1.9,0.65,135,5,3.7
2024.0,CEA,Bachelor of Science in Mechanical Engineering,MEFC1602,1.22,0.36,131,3,2.29
2024.0,CEA,Bachelor of Science in Mechanical Engineering,MEFC1702,1.78,0.39,108,0,0.0
2024.0,CEA,Bachelor of Science in Mechanical Engineering,MEFC1803,1.65,0.64,128,4,3.12
2024.0,CEA,Bachelor of Science in Mechanical Engineering,MEFC1903,1.62,0.43,127,0,0.0
2024.0,CEA,Bachelor of Science in Mechanical Engineering,MEIC0322,2.5,0.0,10,0,0.0
2024.0,CEA,Bachelor of Science in Mechanical Engineering,MEIP0422,1.3,0.15,140,0,0.0
2024.0,CEA,Bachelor of Science in Mechanical Engineering,MEIP0424,1.93,0.36,129,2,1.55
2024.0,CEA,Bachelor of Science in Mechanical Engineering,MELB0412,1.99,0.57,137,9,6.57
2024.0,CEA,Bachelor of Science in Mechanical Engineering,MELB0422,1.8,0.58,127,2,1.57
2024.0,CEA,Bachelor of Science in Mechanical Engineering,MELC0422,1.98,0.27,129,1,0.78
2024.0,CEA,Bachelor of Science in Mechanical Engineering,MELE0412,1.72,0.42,125,1,0.8
2024.0,CEA,Bachelor of Science in Mechanical Engineering,MEMD0413,3.12,0.95,155,74,47.74
2024.0,CEA,Bachelor of Science in Mechanical Engineering,MEMD0423,2.5,0.43,116,26,22.41
2024.0,CEA,Bachelor of Science in Mechanical Engineering,MEPD0414,2.7,0.39,140,49,35.0
2024.0,CEA,Bachelor of Science in Mechanical Engineering,MEPS0411,1.93,0.7,145,8,5.52
2024.0,CEA,Bachelor of Science in Mechanical Engineering,MEPS0421,2.0,0.52,145,8,5.52
2024.0,CEA,Bachelor of Science in Mechanical Engineering,MERE0323,3.0,0.82,8,2,25.0
2024.0,CEA,Bachelor of Science in Mechanical Engineering,MOJT0402,2.35,1.73,48,14,29.17
2024.0,CEA,Bachelor of Science in Mechanical Engineering,NGEC0103,1.49,0.5,188,3,1.6
2024.0,CEA,Bachelor of Science in Mechanical Engineering,NGEC0203,1.29,0.17,187,0,0.0
2024.0,CEA,Bachelor of Science in Mechanical Engineering,NGEC0303,1.16,0.71,187,6,3.21
2024.0,CEA,Bachelor of Science in Mechanical Engineering,NGEC0403,1.83,0.56,190,8,4.21
2024.0,CEA,Bachelor of Science in Mechanical Engineering,NGEC0503,1.58,0.68,187,6,3.21
2024.0,CEA,Bachelor of Science in Mechanical Engineering,NGEC0603,1.38,0.22,201,0,0.0
2024.0,CEA,Bachelor of Science in Mechanical Engineering,NGEC0703,1.59,0.51,195,2,1.03
2024.0,CEA,Bachelor of Science in Mechanical Engineering,NGEC0803,1.29,0.48,205,2,0.98
2024.0,CEA,Bachelor of Science in Mechanical Engineering,NGEC0903,2.21,0.49,206,15,7.28
2024.0,CEA,Bachelor of Science in Mechanical Engineering,NGEC1223,5.0,,1,1,100.0
2024.0,CEA,Bachelor of Science in Mechanical Engineering,NSTP0113,1.46,0.37,186,1,0.54
2024.0,CEA,Bachelor of Science in Mechanical Engineering,NSTP0223,1.44,0.54,187,3,1.6
2024.0,CEA,Bachelor of Science in Mechanical Engineering,PEDU0112,1.11,0.51,191,3,1.57
2024.0,CEA,Bachelor of Science in Mechanical Engineering,PEDU0222,1.3,0.63,185,5,2.7
2024.0,CEA,Bachelor of Science in Mechanical Engineering,PEDU0312,1.29,0.74,222,8,3.6
2024.0,CEA,Bachelor of Science in Mechanical Engineering,PEDU0422,1.2,0.49,216,3,1.39
2024.0,CEA,Bachelor of Science in Mechanical Engineering,PHED0222,2.5,,1,0,0.0
2024.0,CEA,Bachelor of Science in Mechanical Engineering,UIEC0101,1.31,0.76,205,8,3.9
2024.0,CEA,Bachelor of Science in Mechanical Engineering,UIEC0201,1.53,0.47,204,2,0.98
2024.0,CEA,Bachelor of Science in Mechanical Engineering,UIEC0301,1.43,0.51,203,3,1.48
2024.0,CEA,Bachelor of Science in Railway Engineering,CEPC0104,5.0,0.0,2,2,100.0
2024.0,CEA,Bachelor of Science in Railway Engineering,EAAC0201,5.0,,1,1,100.0
2024.0,CEA,Bachelor of Science in Railway Engineering,EGEC0203,1.25,0.0,2,0,0.0
2024.0,CEA,Bachelor of Science in Railway Engineering,NGEC0203,2.38,0.53,2,0,0.0
2024.0,CEA,Bachelor of Science in Railway Engineering,NGEC0303,3.0,2.83,2,1,50.0
2024.0,CEA,Bachelor of Science in Railway Engineering,NGEC0903,1.38,0.18,2,0,0.0
2024.0,CEA,Bachelor of Science in Railway Engineering,PEDU0312,1.25,0.35,2,0,0.0
2024.0,CEA,Bachelor of Science in Railway Engineering,UIEC0101,3.25,2.47,2,1,50.0
2024.0,COAS,Bachelor of Arts in Communication,ACOM0113,1.85,0.84,101,15,14.85
2024.0,COAS,Bachelor of Arts in Communication,ACOM0223,2.24,1.0,95,10,10.53
2024.0,COAS,Bachelor of Arts in Communication,ACOM0323,1.54,0.66,84,2,2.38
2024.0,COAS,Bachelor of Arts in Communication,ACOM0413,1.76,0.95,136,9,6.62
2024.0,COAS,Bachelor of Arts in Communication,ACOM0523,1.91,0.55,126,3,2.38
2024.0,COAS,Bachelor of Arts in Communication,BCEC0113,1.89,0.76,136,8,5.88
2024.0,COAS,Bachelor of Arts in Communication,BCEC0213,1.7,0.15,136,0,0.0
2024.0,COAS,Bachelor of Arts in Communication,BCEC0313,1.55,0.73,42,1,2.38
2024.0,COAS,Bachelor of Arts in Communication,BCEC0513,2.54,1.24,93,19,20.43
2024.0,COAS,Bachelor of Arts in Communication,BCNM0113,2.38,1.05,94,12,12.77
2024.0,COAS,Bachelor of Arts in Communication,BCNM0213,1.65,0.77,94,4,4.26
2024.0,COAS,Bachelor of Arts in Communication,BCNM0313,2.04,1.25,89,13,14.61
2024.0,COAS,Bachelor of Arts in Communication,BCNM0423,1.69,0.65,89,3,3.37
2024.0,COAS,Bachelor of Arts in Communication,BCNM0523,1.88,0.97,89,7,7.87
2024.0,COAS,Bachelor of Arts in Communication,BCOM0123,1.74,0.79,84,4,4.76
2024.0,COAS,Bachelor of Arts in Communication,BCOM0213,1.7,1.07,87,8,9.2
2024.0,COAS,Bachelor of Arts in Communication,BCOM0313,1.84,1.13,136,15,11.03
2024.0,COAS,Bachelor of Arts in Communication,BCOM0413,2.48,1.07,127,20,15.75
2024.0,COAS,Bachelor of Arts in Communication,BCOM0623,2.09,0.92,127,13,10.24
2024.0,COAS,Bachelor of Arts in Communication,BCOM1133,1.06,0.12,73,0,0.0
2024.0,COAS,Bachelor of Arts in Communication,BCOM1213,1.51,0.55,71,1,1.41
2024.0,COAS,Bachelor of Arts in Communication,BCOM1323,1.46,0.34,70,0,0.0
2024.0,COAS,Bachelor of Arts in Communication,BCOM1423,1.58,0.32,69,0,0.0
2024.0,COAS,Bachelor of Arts in Communication,BCOM1523,1.49,0.34,69,0,0.0
2024.0,COAS,Bachelor of Arts in Communication,BCPA0113,2.8,1.35,42,11,26.19
2024.0,COAS,Bachelor of Arts in Communication,BCPA0213,2.11,0.97,42,4,9.52
2024.0,COAS,Bachelor of Arts in Communication,BCPA0313,2.12,0.68,39,1,2.56
2024.0,COAS,Bachelor of Arts in Communication,BCPA0423,1.81,0.32,39,0,0.0
2024.0,COAS,Bachelor of Arts in Communication,BCPA0523,1.76,0.87,39,2,5.13
2024.0,COAS,Bachelor of Arts in Communication,ECOM0413,1.39,0.34,69,1,1.45
2024.0,COAS,Bachelor of Arts in Communication,ECOM0613,1.49,0.38,69,1,1.45
2024.0,COAS,Bachelor of Arts in Communication,ECOM0713,1.29,0.32,70,0,0.0
2024.0,COAS,Bachelor of Arts in Communication,ECOM0813,1.88,0.39,69,1,1.45
2024.0,COAS,Bachelor of Arts in Communication,EGEC0103,1.81,0.43,97,2,2.06
2024.0,COAS,Bachelor of Arts in Communication,EGEC0203,2.09,0.96,96,9,9.38
2024.0,COAS,Bachelor of Arts in Communication,EGEC0303,2.09,0.71,90,4,4.44
2024.0,COAS,Bachelor of Arts in Communication,FOLA0103,1.92,0.7,79,7,8.86
2024.0,COAS,Bachelor of Arts in Communication,FOLA0113,5.0,,1,1,100.0
2024.0,COAS,Bachelor of Arts in Communication,FOLA0203,1.66,0.65,80,3,3.75
2024.0,COAS,Bachelor of Arts in Communication,NGEC0103,1.55,0.79,91,3,3.3
2024.0,COAS,Bachelor of Arts in Communication,NGEC0203,1.54,0.68,95,3,3.16
2024.0,COAS,Bachelor of Arts in Communication,NGEC0303,1.39,1.17,96,9,9.38
2024.0,COAS,Bachelor of Arts in Communication,NGEC0403,2.38,1.32,94,18,19.15
2024.0,COAS,Bachelor of Arts in Communication,NGEC0503,1.91,1.02,70,6,8.57
2024.0,COAS,Bachelor of Arts in Communication,NGEC0603,1.89,1.29,71,10,14.08
2024.0,COAS,Bachelor of Arts in Communication,NGEC0703,1.87,1.09,71,7,9.86
2024.0,COAS,Bachelor of Arts in Communication,NGEC0803,1.88,0.83,70,4,5.71
2024.0,COAS,Bachelor of Arts in Communication,NGEC0903,1.35,1.09,75,6,8.0
2024.0,COAS,Bachelor of Arts in Communication,NSTP0113,1.72,1.08,95,8,8.42
2024.0,COAS,Bachelor of Arts in Communication,NSTP0223,1.77,0.93,86,6,6.98
2024.0,COAS,Bachelor of Arts in Communication,PEDU0112,2.03,1.31,97,15,15.46
2024.0,COAS,Bachelor of Arts in Communication,PEDU0222,1.24,0.1,81,0,0.0
2024.0,COAS,Bachelor of Arts in Communication,PEDU0312,1.55,0.72,72,2,2.78
2024.0,COAS,Bachelor of Arts in Communication,PEDU0422,1.5,0.3,71,0,0.0
2024.0,COAS,Bachelor of Arts in Communication,UIEC0101,2.16,1.19,107,16,14.95
2024.0,COAS,Bachelor of Arts in Communication,UIEC0201,1.45,1.12,94,8,8.51
2024.0,COAS,Bachelor of Arts in Communication,UIEC0301,1.59,0.94,77,5,6.49
2024.0,CTEC,Bachelor of Science in Industrial Technology,BECC0303,2.04,0.37,231,1,0.43
2024.0,CTEC,Bachelor of Science in Industrial Technology,BTDR0915,2.5,,1,0,0.0
2024.0,CTEC,Bachelor of Science in Industrial Technology,BTDR1012,2.5,,1,0,0.0
2024.0,CTEC,Bachelor of Science in Industrial Technology,BTDR1125,2.0,,1,0,0.0
2024.0,CTEC,Bachelor of Science in Industrial Technology,BTDR1222,2.75,,1,0,0.0
2024.0,CTEC,Bachelor of Science in Industrial Technology,BTIP0112,1.52,0.96,207,14,6.76
2024.0,CTEC,Bachelor of Science in Industrial Technology,BTIP0212,1.45,0.46,209,2,0.96
2024.0,CTEC,Bachelor of Science in Industrial Technology,BTPS0623,3.62,1.94,2,1,50.0
2024.0,CTEC,Bachelor of Science in Industrial Technology,BTPS0823,4.38,1.25,4,3,75.0
2024.0,CTEC,Bachelor of Science in Industrial Technology,DRAW0221,5.0,,1,1,100.0
2024.0,CTEC,Bachelor of Science in Industrial Technology,DRAW0311,5.0,0.0,4,4,100.0
2024.0,CTEC,Bachelor of Science in Industrial Technology,DRAW0421,2.73,1.09,13,2,15.38
2024.0,CTEC,Bachelor of Science in Industrial Technology,EGEC0103,2.4,1.29,598,119,19.9
2024.0,CTEC,Bachelor of Science in Industrial Technology,EGEC0203,2.2,1.14,600,82,13.67
2024.0,CTEC,Bachelor of Science in Industrial Technology,EGEC0303,1.7,0.87,535,31,5.79
2024.0,CTEC,Bachelor of Science in Industrial Technology,EMAT0103,2.63,0.75,481,62,12.89
2024.0,CTEC,Bachelor of Science in Industrial Technology,EMAT0203,2.47,0.88,441,97,22.0
2024.0,CTEC,Bachelor of Science in Industrial Technology,FCHM0713,1.25,,1,0,0.0
2024.0,CTEC,Bachelor of Science in Industrial Technology,FOLA0103,5.0,,1,1,100.0
2024.0,CTEC,Bachelor of Science in Industrial Technology,FOLA0203,1.83,0.59,229,6,2.62
2024.0,CTEC,Bachelor of Science in Industrial Technology,ICTE0813,5.0,0.0,3,3,100.0
2024.0,CTEC,Bachelor of Science in Industrial Technology,ICTE0923,1.25,,1,0,0.0
2024.0,CTEC,Bachelor of Science in Industrial Technology,NGEC0103,2.25,0.73,531,28,5.27
2024.0,CTEC,Bachelor of Science in Industrial Technology,NGEC0203,1.67,1.07,215,19,8.84
2024.0,CTEC,Bachelor of Science in Industrial Technology,NGEC0303,2.1,1.44,455,85,18.68
2024.0,CTEC,Bachelor of Science in Industrial Technology,NGEC0403,2.51,0.99,593,99,16.69
2024.0,CTEC,Bachelor of Science in Industrial Technology,NGEC0503,2.08,0.87,217,17,7.83
2024.0,CTEC,Bachelor of Science in Industrial Technology,NGEC0603,1.9,1.09,536,62,11.57
2024.0,CTEC,Bachelor of Science in Industrial Technology,NGEC0703,1.96,1.03,483,53,10.97
2024.0,CTEC,Bachelor of Science in Industrial Technology,NGEC0803,1.74,0.6,482,35,7.26
2024.0,CTEC,Bachelor of Science in Industrial Technology,NGEC1223,3.08,1.66,3,1,33.33
2024.0,CTEC,Bachelor of Science in Industrial Technology,NSTP0113,1.81,0.99,591,48,8.12
2024.0,CTEC,Bachelor of Science in Industrial Technology,NSTP0223,1.87,0.94,542,42,7.75
2024.0,CTEC,Bachelor of Science in Industrial Technology,PEDU0112,1.92,1.06,591,60,10.15
2024.0,CTEC,Bachelor of Science in Industrial Technology,PEDU0222,1.93,1.22,542,68,12.55
2024.0,CTEC,Bachelor of Science in Industrial Technology,PEDU0312,1.74,0.87,457,27,5.91
2024.0,CTEC,Bachelor of Science in Industrial Technology,PEDU0422,1.49,0.8,428,17,3.97
2024.0,CTEC,Bachelor of Science in Industrial Technology,PSSC0613,2.5,0.0,2,0,0.0
2024.0,CTEC,Bachelor of Science in Industrial Technology,TADT0203,2.0,0.8,73,4,5.48
2024.0,CTEC,Bachelor of Science in Industrial Technology,TADT0303,1.98,0.72,69,3,4.35
2024.0,CTEC,Bachelor of Science in Industrial Technology,TADT0403,1.78,0.62,68,2,2.94
2024.0,CTEC,Bachelor of Science in Industrial Technology,TADT0503,2.15,1.17,52,7,13.46
2024.0,CTEC,Bachelor of Science in Industrial Technology,TADT0603,2.21,1.15,52,7,13.46
2024.0,CTEC,Bachelor of Science in Industrial Technology,TADT0703,1.58,0.61,48,1,2.08
2024.0,CTEC,Bachelor of Science in Industrial Technology,TADT0803,1.68,0.62,48,1,2.08
2024.0,CTEC,Bachelor of Science in Industrial Technology,TADT0903,1.73,0.61,48,2,4.17
2024.0,CTEC,Bachelor of Science in Industrial Technology,TADT1003,1.91,0.43,23,0,0.0
2024.0,CTEC,Bachelor of Science in Industrial Technology,TADT1103,1.88,0.43,23,1,4.35
2024.0,CTEC,Bachelor of Science in Industrial Technology,TADT1203,1.83,0.41,23,1,4.35
2024.0,CTEC,Bachelor of Science in Industrial Technology,TADT1303,1.83,0.41,23,1,4.35
2024.0,CTEC,Bachelor of Science in Industrial Technology,TADTC0112,2.16,0.76,73,4,5.48
2024.0,CTEC,Bachelor of Science in Industrial Technology,TAFT0103,2.23,1.44,15,3,20.0
2024.0,CTEC,Bachelor of Science in Industrial Technology,TAFT0203,2.3,1.41,15,3,20.0
2024.0,CTEC,Bachelor of Science in Industrial Technology,TAFT0303,2.23,1.31,12,2,16.67
2024.0,CTEC,Bachelor of Science in Industrial Technology,TAFT0403,2.17,1.35,12,2,16.67
2024.0,CTEC,Bachelor of Science in Industrial Technology,TAFT0503,1.5,0.25,13,0,0.0
2024.0,CTEC,Bachelor of Science in Industrial Technology,TAFT0603,1.46,0.27,13,0,0.0
2024.0,CTEC,Bachelor of Science in Industrial Technology,TAFT0703,1.73,0.24,13,0,0.0
2024.0,CTEC,Bachelor of Science in Industrial Technology,TAFT0803,1.46,0.22,13,0,0.0
2024.0,CTEC,Bachelor of Science in Industrial Technology,TAFT0903,1.48,0.28,13,0,0.0
2024.0,CTEC,Bachelor of Science in Industrial Technology,TAFT1003,1.75,0.27,8,0,0.0
2024.0,CTEC,Bachelor of Science in Industrial Technology,TAFT1103,3.53,1.57,8,4,50.0
2024.0,CTEC,Bachelor of Science in Industrial Technology,TAFT1203,1.62,0.19,8,0,0.0
2024.0,CTEC,Bachelor of Science in Industrial Technology,TAFT1303,1.69,0.35,8,0,0.0
2024.0,CTEC,Bachelor of Science in Industrial Technology,TATM0103,2.42,1.03,124,19,15.32
2024.0,CTEC,Bachelor of Science in Industrial Technology,TATM0203,2.24,1.29,81,14,17.28
2024.0,CTEC,Bachelor of Science in Industrial Technology,TATM0303,1.88,0.63,81,2,2.47
2024.0,CTEC,Bachelor of Science in Industrial Technology,TATM0403,2.65,1.42,97,25,25.77
2024.0,CTEC,Bachelor of Science in Industrial Technology,TATM0503,2.0,0.0,35,0,0.0
2024.0,CTEC,Bachelor of Science in Industrial Technology,TATM0603,2.43,1.13,97,15,15.46
2024.0,CTEC,Bachelor of Science in Industrial Technology,TATM0703,2.37,1.24,106,20,18.87
2024.0,CTEC,Bachelor of Science in Industrial Technology,TATM0803,1.79,0.6,81,2,2.47
2024.0,CTEC,Bachelor of Science in Industrial Technology,TATM1103,2.77,1.34,35,9,25.71
2024.0,CTEC,Bachelor of Science in Industrial Technology,TATM1203,2.15,0.79,34,3,8.82
2024.0,CTEC,Bachelor of Science in Industrial Technology,TATM1303,2.47,1.2,34,6,17.65
2024.0,CTEC,Bachelor of Science in Industrial Technology,TATM1503,2.42,1.03,124,19,15.32
2024.0,CTEC,Bachelor of Science in Industrial Technology,TATM1603,2.37,1.24,106,20,18.87
2024.0,CTEC,Bachelor of Science in Industrial Technology,TCEC0103,1.89,0.49,231,4,1.73
2024.0,CTEC,Bachelor of Science in Industrial Technology,TCEC0203,1.88,0.59,227,6,2.64
2024.0,CTEC,Bachelor of Science in Industrial Technology,TCUT0113,2.16,0.79,120,9,7.5
2024.0,CTEC,Bachelor of Science in Industrial Technology,TCUT0213,2.54,1.28,120,24,20.0
2024.0,CTEC,Bachelor of Science in Industrial Technology,TCUT0323,2.3,1.04,114,13,11.4
2024.0,CTEC,Bachelor of Science in Industrial Technology,TCUT0423,2.36,1.09,114,15,13.16
2024.0,CTEC,Bachelor of Science in Industrial Technology,TCUT0513,2.56,1.42,77,18,23.38
2024.0,CTEC,Bachelor of Science in Industrial Technology,TCUT0613,2.47,1.42,77,17,22.08
2024.0,CTEC,Bachelor of Science in Industrial Technology,TCUT0723,1.91,0.56,76,1,1.32
2024.0,CTEC,Bachelor of Science in Industrial Technology,TCUT0823,1.91,0.55,76,1,1.32
2024.0,CTEC,Bachelor of Science in Industrial Technology,TCUT0923,1.94,0.54,76,2,2.63
2024.0,CTEC,Bachelor of Science in Industrial Technology,TCUT1013,2.23,0.34,38,2,5.26
2024.0,CTEC,Bachelor of Science in Industrial Technology,TCUT1113,1.85,0.65,38,1,2.63
2024.0,CTEC,Bachelor of Science in Industrial Technology,TCUT1223,2.02,0.5,38,3,7.89
2024.0,CTEC,Bachelor of Science in Industrial Technology,TCUT1323,1.77,0.36,38,0,0.0
2024.0,CTEC,Bachelor of Science in Industrial Technology,TEAC0112,2.55,1.19,625,123,19.68
2024.0,CTEC,Bachelor of Science in Industrial Technology,TEAC0222,1.91,0.84,461,31,6.72
2024.0,CTEC,Bachelor of Science in Industrial Technology,TEAC0313,1.85,0.54,226,7,3.1
2024.0,CTEC,Bachelor of Science in Industrial Technology,TEAC0413,2.46,1.31,462,105,22.73
2024.0,CTEC,Bachelor of Science in Industrial Technology,TEAC0513,2.41,0.95,231,26,11.26
2024.0,CTEC,Bachelor of Science in Industrial Technology,TEAC0623,2.18,1.17,228,32,14.04
2024.0,CTEC,Bachelor of Science in Industrial Technology,TEAC0723,2.11,1.0,466,76,16.31
2024.0,CTEC,Bachelor of Science in Industrial Technology,TEFC0113,2.29,0.83,623,72,11.56
2024.0,CTEC,Bachelor of Science in Industrial Technology,TEFC0223,2.0,0.94,559,42,7.51
2024.0,CTEC,Bachelor of Science in Industrial Technology,TEFC0313,2.38,1.47,495,112,22.63
2024.0,CTEC,Bachelor of Science in Industrial Technology,TEFC0423,2.22,1.22,430,78,18.14
2024.0,CTEC,Bachelor of Science in Industrial Technology,TEFC0523,2.68,1.18,563,138,24.51
2024.0,CTEC,Bachelor of Science in Industrial Technology,TEFC0823,2.07,0.84,225,34,15.11
2024.0,CTEC,Bachelor of Science in Industrial Technology,TELC0103,2.97,1.29,90,31,34.44
2024.0,CTEC,Bachelor of Science in Industrial Technology,TELC0203,3.0,1.27,90,30,33.33
2024.0,CTEC,Bachelor of Science in Industrial Technology,TELC0303,3.1,1.43,77,27,35.06
2024.0,CTEC,Bachelor of Science in Industrial Technology,TELC0403,3.12,1.41,77,27,35.06
2024.0,CTEC,Bachelor of Science in Industrial Technology,TELC0503,2.13,0.79,82,5,6.1
2024.0,CTEC,Bachelor of Science in Industrial Technology,TELC0603,2.08,0.82,82,6,7.32
2024.0,CTEC,Bachelor of Science in Industrial Technology,TELC0703,1.98,0.42,74,0,0.0
2024.0,CTEC,Bachelor of Science in Industrial Technology,TELC0803,1.93,0.4,74,0,0.0
2024.0,CTEC,Bachelor of Science in Industrial Technology,TELC0903,1.99,0.43,74,0,0.0
2024.0,CTEC,Bachelor of Science in Industrial Technology,TELC1003,1.56,0.22,27,0,0.0
2024.0,CTEC,Bachelor of Science in Industrial Technology,TELC1103,1.56,0.22,27,0,0.0
2024.0,CTEC,Bachelor of Science in Industrial Technology,TELC1203,1.66,0.27,27,0,0.0
2024.0,CTEC,Bachelor of Science in Industrial Technology,TELC1303,1.66,0.27,27,0,0.0
2024.0,CTEC,Bachelor of Science in Industrial Technology,TELX0103,3.06,0.82,38,21,55.26
2024.0,CTEC,Bachelor of Science in Industrial Technology,TELX0203,3.11,0.87,39,22,56.41
2024.0,CTEC,Bachelor of Science in Industrial Technology,TELX0303,2.72,0.67,34,10,29.41
2024.0,CTEC,Bachelor of Science in Industrial Technology,TELX0403,2.72,0.67,34,10,29.41
2024.0,CTEC,Bachelor of Science in Industrial Technology,TELX0503,4.12,1.3,37,26,70.27
2024.0,CTEC,Bachelor of Science in Industrial Technology,TELX0603,4.12,1.3,37,26,70.27
2024.0,CTEC,Bachelor of Science in Industrial Technology,TELX0703,4.51,1.16,32,27,84.38
2024.0,CTEC,Bachelor of Science in Industrial Technology,TELX0803,4.53,1.12,32,28,87.5
2024.0,CTEC,Bachelor of Science in Industrial Technology,TELX0903,4.6,1.07,32,28,87.5
2024.0,CTEC,Bachelor of Science in Industrial Technology,TELX1003,1.45,0.1,20,0,0.0
2024.0,CTEC,Bachelor of Science in Industrial Technology,TELX1103,1.45,0.1,20,0,0.0
2024.0,CTEC,Bachelor of Science in Industrial Technology,TELX1203,1.81,0.14,20,0,0.0
2024.0,CTEC,Bachelor of Science in Industrial Technology,TELX1303,1.95,0.25,20,0,0.0
2024.0,CTEC,Bachelor of Science in Industrial Technology,TEPC0103,2.69,1.31,628,167,26.59
2024.0,CTEC,Bachelor of Science in Industrial Technology,TEPC0202,2.63,1.35,562,133,23.67
2024.0,CTEC,Bachelor of Science in Industrial Technology,TEPC0303,2.06,0.57,229,24,10.48
2024.0,CTEC,Bachelor of Science in Industrial Technology,TEPC0423,1.41,0.42,228,2,0.88
2024.0,CTEC,Bachelor of Science in Industrial Technology,THVA0103,1.91,0.9,14,1,7.14
2024.0,CTEC,Bachelor of Science in Industrial Technology,THVA0203,1.75,0.43,13,0,0.0
2024.0,CTEC,Bachelor of Science in Industrial Technology,THVA0303,1.91,0.9,14,1,7.14
2024.0,CTEC,Bachelor of Science in Industrial Technology,THVA0403,1.83,0.36,13,0,0.0
2024.0,CTEC,Bachelor of Science in Industrial Technology,THVA0503,1.72,0.29,19,0,0.0
2024.0,CTEC,Bachelor of Science in Industrial Technology,THVA0603,1.74,0.35,19,1,5.26
2024.0,CTEC,Bachelor of Science in Industrial Technology,THVA0703,1.66,0.13,16,0,0.0
2024.0,CTEC,Bachelor of Science in Industrial Technology,THVA0803,1.86,0.24,16,0,0.0
2024.0,CTEC,Bachelor of Science in Industrial Technology,THVA0903,1.73,0.31,25,0,0.0
2024.0,CTEC,Bachelor of Science in Industrial Technology,THVA1003,1.95,0.67,25,1,4.0
2024.0,CTEC,Bachelor of Science in Industrial Technology,THVA1103,2.62,1.1,25,4,16.0
2024.0,CTEC,Bachelor of Science in Industrial Technology,THVA1203,2.53,0.97,25,3,12.0
2024.0,CTEC,Bachelor of Science in Industrial Technology,THVA1603,1.81,0.27,16,0,0.0
2024.0,CTEC,Bachelor of Science in Industrial Technology,TMEC0103,1.87,0.69,105,3,2.86
2024.0,CTEC,Bachelor of Science in Industrial Technology,TMEC0203,2.11,0.63,105,4,3.81
2024.0,CTEC,Bachelor of Science in Industrial Technology,TMEC0303,2.5,1.46,96,23,23.96
2024.0,CTEC,Bachelor of Science in Industrial Technology,TMEC0403,2.47,1.47,96,23,23.96
2024.0,CTEC,Bachelor of Science in Industrial Technology,TMEC0503,2.41,1.0,84,9,10.71
2024.0,CTEC,Bachelor of Science in Industrial Technology,TMEC0603,2.46,1.03,84,10,11.9
2024.0,CTEC,Bachelor of Science in Industrial Technology,TMEC0703,2.19,0.95,79,7,8.86
2024.0,CTEC,Bachelor of Science in Industrial Technology,TMEC0803,2.13,0.84,79,5,6.33
2024.0,CTEC,Bachelor of Science in Industrial Technology,TMEC0903,1.93,0.59,79,2,2.53
2024.0,CTEC,Bachelor of Science in Industrial Technology,TMEC1003,1.77,0.62,32,1,3.12
2024.0,CTEC,Bachelor of Science in Industrial Technology,TMEC1103,1.77,0.62,32,1,3.12
2024.0,CTEC,Bachelor of Science in Industrial Technology,TMEC1203,2.07,0.79,31,2,6.45
2024.0,CTEC,Bachelor of Science in Industrial Technology,TMEC1303,2.07,0.79,31,2,6.45
2024.0,CTEC,Bachelor of Science in Industrial Technology,TWAF0103,2.74,0.89,45,13,28.89
2024.0,CTEC,Bachelor of Science in Industrial Technology,TWAF0203,2.67,0.82,45,8,17.78
2024.0,CTEC,Bachelor of Science in Industrial Technology,TWAF0303,2.51,0.88,39,9,23.08
2024.0,CTEC,Bachelor of Science in Industrial Technology,TWAF0403,2.46,0.79,39,9,23.08
2024.0,CTEC,Bachelor of Science in Industrial Technology,TWAF0503,2.46,0.81,36,9,25.0
2024.0,CTEC,Bachelor of Science in Industrial Technology,TWAF0603,2.53,0.74,36,5,13.89
2024.0,CTEC,Bachelor of Science in Industrial Technology,TWAF0703,2.59,1.16,34,6,17.65
2024.0,CTEC,Bachelor of Science in Industrial Technology,TWAF0803,2.52,1.1,33,5,15.15
2024.0,CTEC,Bachelor of Science in Industrial Technology,TWAF0903,2.52,1.1,33,5,15.15
2024.0,CTEC,Bachelor of Science in Industrial Technology,TWAF1003,2.82,1.15,20,5,25.0
2024.0,CTEC,Bachelor of Science in Industrial Technology,TWAF1103,2.82,1.15,20,5,25.0
2024.0,CTEC,Bachelor of Science in Industrial Technology,TWAF1203,2.32,0.74,19,3,15.79
2024.0,CTEC,Bachelor of Science in Industrial Technology,TWAF1303,2.55,1.13,19,4,21.05
2024.0,CTEC,Bachelor of Science in Industrial Technology,UIEC0101,2.15,1.24,491,80,16.29
2024.0,CTEC,Bachelor of Science in Industrial Technology,UIEC0201,2.99,1.5,490,172,35.1
2024.0,CTEC,Bachelor of Science in Industrial Technology,UIEC0301,2.27,1.35,494,95,19.23
2024.0,CTEC,Bachelor of Technical-Vocational Teacher Education,BTLE0203,1.67,0.76,110,5,4.55
2024.0,CTEC,Bachelor of Technical-Vocational Teacher Education,BTLE0803,2.39,0.72,63,4,6.35
2024.0,CTEC,Bachelor of Technical-Vocational Teacher Education,BTLE1413,1.88,0.71,72,3,4.17
2024.0,CTEC,Bachelor of Technical-Vocational Teacher Education,CENC0223,1.28,0.32,123,0,0.0
2024.0,CTEC,Bachelor of Technical-Vocational Teacher Education,DRAW0221,5.0,,1,1,100.0
2024.0,CTEC,Bachelor of Technical-Vocational Teacher Education,DRAW0311,1.75,,1,0,0.0
2024.0,CTEC,Bachelor of Technical-Vocational Teacher Education,DRAW0421,1.75,0.0,2,0,0.0
2024.0,CTEC,Bachelor of Technical-Vocational Teacher Education,EANI0913,5.0,0.0,11,11,100.0
2024.0,CTEC,Bachelor of Technical-Vocational Teacher Education,EANI1013,5.0,0.0,11,11,100.0
2024.0,CTEC,Bachelor of Technical-Vocational Teacher Education,EANI1123,2.14,1.01,11,1,9.09
2024.0,CTEC,Bachelor of Technical-Vocational Teacher Education,EANI1223,1.75,1.15,11,1,9.09
2024.0,CTEC,Bachelor of Technical-Vocational Teacher Education,ECCT0113,1.8,0.48,5,0,0.0
2024.0,CTEC,Bachelor of Technical-Vocational Teacher Education,ECCT0323,1.6,0.29,5,0,0.0
2024.0,CTEC,Bachelor of Technical-Vocational Teacher Education,ECCT0423,1.65,0.29,5,0,0.0
2024.0,CTEC,Bachelor of Technical-Vocational Teacher Education,ECCT0913,1.59,0.13,8,0,0.0
2024.0,CTEC,Bachelor of Technical-Vocational Teacher Education,ECCT1013,1.62,0.13,8,0,0.0
2024.0,CTEC,Bachelor of Technical-Vocational Teacher Education,ECCT1123,1.59,0.13,8,0,0.0
2024.0,CTEC,Bachelor of Technical-Vocational Teacher Education,ECCT1223,1.59,0.13,8,0,0.0
2024.0,CTEC,Bachelor of Technical-Vocational Teacher Education,EDRT0113,1.69,0.32,8,0,0.0
2024.0,CTEC,Bachelor of Technical-Vocational Teacher Education,EDRT0323,2.0,0.32,7,0,0.0
2024.0,CTEC,Bachelor of Technical-Vocational Teacher Education,EDRT0423,2.0,0.32,7,0,0.0
2024.0,CTEC,Bachelor of Technical-Vocational Teacher Education,EDRT0913,1.86,0.38,11,0,0.0
2024.0,CTEC,Bachelor of Technical-Vocational Teacher Education,EDRT1013,1.84,0.36,11,0,0.0
2024.0,CTEC,Bachelor of Technical-Vocational Teacher Education,EDRT1123,1.86,0.3,11,0,0.0
2024.0,CTEC,Bachelor of Technical-Vocational Teacher Education,EDRT1223,1.84,0.3,11,0,0.0
2024.0,CTEC,Bachelor of Technical-Vocational Teacher Education,EFSM0113,2.15,1.0,20,2,10.0
2024.0,CTEC,Bachelor of Technical-Vocational Teacher Education,EFSM0323,1.67,0.26,18,0,0.0
2024.0,CTEC,Bachelor of Technical-Vocational Teacher Education,EFSM0423,1.5,0.23,18,0,0.0
2024.0,CTEC,Bachelor of Technical-Vocational Teacher Education,EFSM0513,1.64,0.22,20,0,0.0
2024.0,CTEC,Bachelor of Technical-Vocational Teacher Education,EFSM0613,1.71,0.27,20,0,0.0
2024.0,CTEC,Bachelor of Technical-Vocational Teacher Education,EFSM0723,2.2,1.07,19,2,10.53
2024.0,CTEC,Bachelor of Technical-Vocational Teacher Education,EFSM0823,2.03,1.1,19,2,10.53
2024.0,CTEC,Bachelor of Technical-Vocational Teacher Education,EFSM0913,1.75,0.09,16,0,0.0
2024.0,CTEC,Bachelor of Technical-Vocational Teacher Education,EFSM1013,1.77,0.06,16,0,0.0
2024.0,CTEC,Bachelor of Technical-Vocational Teacher Education,EFSM1123,1.75,0.0,16,0,0.0
2024.0,CTEC,Bachelor of Technical-Vocational Teacher Education,EFSM1223,1.66,0.12,16,0,0.0
2024.0,CTEC,Bachelor of Technical-Vocational Teacher Education,EGEC0103,2.0,0.51,98,2,2.04
2024.0,CTEC,Bachelor of Technical-Vocational Teacher Education,EGEC0203,1.55,0.49,93,1,1.08
2024.0,CTEC,Bachelor of Technical-Vocational Teacher Education,EGEC0303,2.03,1.42,117,21,17.95
2024.0,CTEC,Bachelor of Technical-Vocational Teacher Education,EGFD0113,1.58,0.14,3,0,0.0
2024.0,CTEC,Bachelor of Technical-Vocational Teacher Education,EGFD0323,1.75,0.25,3,0,0.0
2024.0,CTEC,Bachelor of Technical-Vocational Teacher Education,EGFD0423,1.67,0.29,3,0,0.0
2024.0,CTEC,Bachelor of Technical-Vocational Teacher Education,EGFD0513,1.55,0.27,5,0,0.0
2024.0,CTEC,Bachelor of Technical-Vocational Teacher Education,EGFD0613,1.7,0.33,5,0,0.0
2024.0,CTEC,Bachelor of Technical-Vocational Teacher Education,EGFD0723,1.44,0.24,4,0,0.0
2024.0,CTEC,Bachelor of Technical-Vocational Teacher Education,EGFD0823,1.25,0.2,4,0,0.0
2024.0,CTEC,Bachelor of Technical-Vocational Teacher Education,EGFD0913,1.92,0.95,13,1,7.69
2024.0,CTEC,Bachelor of Technical-Vocational Teacher Education,EGFD1013,1.87,0.99,13,1,7.69
2024.0,CTEC,Bachelor of Technical-Vocational Teacher Education,EGFD1123,1.67,0.36,13,0,0.0
2024.0,CTEC,Bachelor of Technical-Vocational Teacher Education,EGFD1223,1.69,0.37,13,0,0.0
2024.0,CTEC,Bachelor of Technical-Vocational Teacher Education,EHRS0113,2.35,1.31,27,5,18.52
2024.0,CTEC,Bachelor of Technical-Vocational Teacher Education,EHRS0323,2.01,0.69,22,1,4.55
2024.0,CTEC,Bachelor of Technical-Vocational Teacher Education,EHRS0423,1.99,0.69,22,1,4.55
2024.0,CTEC,Bachelor of Technical-Vocational Teacher Education,EHRS0513,1.75,0.26,18,0,0.0
2024.0,CTEC,Bachelor of Technical-Vocational Teacher Education,EHRS0613,1.61,0.27,18,0,0.0
2024.0,CTEC,Bachelor of Technical-Vocational Teacher Education,EHRS0723,2.1,0.81,17,1,5.88
2024.0,CTEC,Bachelor of Technical-Vocational Teacher Education,EHRS0823,1.91,1.19,17,2,11.76
2024.0,CTEC,Bachelor of Technical-Vocational Teacher Education,EHRS0913,1.83,0.21,13,0,0.0
2024.0,CTEC,Bachelor of Technical-Vocational Teacher Education,EHRS1013,1.71,0.27,13,0,0.0
2024.0,CTEC,Bachelor of Technical-Vocational Teacher Education,EHRS1123,1.92,0.96,13,1,7.69
2024.0,CTEC,Bachelor of Technical-Vocational Teacher Education,EHRS1223,2.23,1.24,13,2,15.38
2024.0,CTEC,Bachelor of Technical-Vocational Teacher Education,ETIC0103,2.24,0.82,70,10,14.29
2024.0,CTEC,Bachelor of Technical-Vocational Teacher Education,ETIC0213,1.72,0.15,72,0,0.0
2024.0,CTEC,Bachelor of Technical-Vocational Teacher Education,ETIC0313,1.68,0.23,112,0,0.0
2024.0,CTEC,Bachelor of Technical-Vocational Teacher Education,ETIC0403,1.48,0.38,111,1,0.9
2024.0,CTEC,Bachelor of Technical-Vocational Teacher Education,ETIC0513,1.73,0.3,112,1,0.89
2024.0,CTEC,Bachelor of Technical-Vocational Teacher Education,ETIC0613,2.33,0.72,112,7,6.25
2024.0,CTEC,Bachelor of Technical-Vocational Teacher Education,ETIC0723,1.79,0.34,110,1,0.91
2024.0,CTEC,Bachelor of Technical-Vocational Teacher Education,FOLA0103,2.98,1.08,74,24,32.43
2024.0,CTEC,Bachelor of Technical-Vocational Teacher Education,FOLA0203,2.08,0.96,61,7,11.48
2024.0,CTEC,Bachelor of Technical-Vocational Teacher Education,NGEC0103,2.11,1.17,111,15,13.51
2024.0,CTEC,Bachelor of Technical-Vocational Teacher Education,NGEC0203,1.99,1.06,97,10,10.31
2024.0,CTEC,Bachelor of Technical-Vocational Teacher Education,NGEC0303,2.16,0.92,99,12,12.12
2024.0,CTEC,Bachelor of Technical-Vocational Teacher Education,NGEC0403,2.16,0.64,99,7,7.07
2024.0,CTEC,Bachelor of Technical-Vocational Teacher Education,NGEC0503,2.0,0.68,63,3,4.76
2024.0,CTEC,Bachelor of Technical-Vocational Teacher Education,NGEC0603,2.91,1.66,71,27,38.03
2024.0,CTEC,Bachelor of Technical-Vocational Teacher Education,NGEC0703,2.09,0.76,64,7,10.94
2024.0,CTEC,Bachelor of Technical-Vocational Teacher Education,NGEC0803,1.55,0.56,63,1,1.59
2024.0,CTEC,Bachelor of Technical-Vocational Teacher Education,NGEC0903,2.04,0.49,68,2,2.94
2024.0,CTEC,Bachelor of Technical-Vocational Teacher Education,NSTP0113,2.39,1.37,109,24,22.02
2024.0,CTEC,Bachelor of Technical-Vocational Teacher Education,NSTP0223,2.19,1.14,92,13,14.13
2024.0,CTEC,Bachelor of Technical-Vocational Teacher Education,PEDU0112,1.81,1.23,112,14,12.5
2024.0,CTEC,Bachelor of Technical-Vocational Teacher Education,PEDU0222,1.68,0.87,102,7,6.86
2024.0,CTEC,Bachelor of Technical-Vocational Teacher Education,PEDU0312,1.6,0.53,69,1,1.45
2024.0,CTEC,Bachelor of Technical-Vocational Teacher Education,PEDU0422,2.44,1.25,63,14,22.22
2024.0,CTEC,Bachelor of Technical-Vocational Teacher Education,PHED0222,2.25,0.35,2,0,0.0
2024.0,CTEC,Bachelor of Technical-Vocational Teacher Education,PRED0113,2.33,0.96,116,15,12.93
2024.0,CTEC,Bachelor of Technical-Vocational Teacher Education,PRED0213,3.09,0.89,117,63,53.85
2024.0,CTEC,Bachelor of Technical-Vocational Teacher Education,PRED0423,2.12,0.5,100,2,2.0
2024.0,CTEC,Bachelor of Technical-Vocational Teacher Education,PRED0623,2.5,0.97,104,17,16.35
2024.0,CTEC,Bachelor of Technical-Vocational Teacher Education,PRED0713,3.23,1.67,71,33,46.48
2024.0,CTEC,Bachelor of Technical-Vocational Teacher Education,PRED0813,2.21,0.82,73,5,6.85
2024.0,CTEC,Bachelor of Technical-Vocational Teacher Education,PRED1013,1.6,0.13,105,0,0.0
2024.0,CTEC,Bachelor of Technical-Vocational Teacher Education,PRED1223,2.1,0.98,63,6,9.52
2024.0,CTEC,Bachelor of Technical-Vocational Teacher Education,PRED1513,2.75,0.0,2,0,0.0
2024.0,CTEC,Bachelor of Technical-Vocational Teacher Education,PRED1523,1.91,0.54,110,2,1.82
2024.0,CTEC,Bachelor of Technical-Vocational Teacher Education,PRED1613,1.76,0.76,112,5,4.46
2024.0,CTEC,Bachelor of Technical-Vocational Teacher Education,PRED1713,1.82,0.26,114,0,0.0
2024.0,CTEC,Bachelor of Technical-Vocational Teacher Education,PRED1823,1.36,0.68,109,2,1.83
2024.0,CTEC,Bachelor of Technical-Vocational Teacher Education,PRED2023,1.76,0.58,110,3,2.73
2024.0,CTEC,Bachelor of Technical-Vocational Teacher Education,PRED2123,1.66,0.37,111,1,0.9
2024.0,CTEC,Bachelor of Technical-Vocational Teacher Education,PRED2213,1.41,1.08,123,10,8.13
2024.0,CTEC,Bachelor of Technical-Vocational Teacher Education,PRED2313,1.34,0.98,123,8,6.5
2024.0,CTEC,Bachelor of Technical-Vocational Teacher Education,PRED2426,1.16,0.21,123,0,0.0
2024.0,CTEC,Bachelor of Technical-Vocational Teacher Education,PRED2513,2.48,1.54,112,30,26.79
2024.0,CTEC,Bachelor of Technical-Vocational Teacher Education,TATM0103,2.6,1.19,18,4,22.22
2024.0,CTEC,Bachelor of Technical-Vocational Teacher Education,TATM0203,2.5,1.38,15,4,26.67
2024.0,CTEC,Bachelor of Technical-Vocational Teacher Education,TATM0303,2.33,1.45,15,3,20.0
2024.0,CTEC,Bachelor of Technical-Vocational Teacher Education,TATM0403,2.09,1.19,8,1,12.5
2024.0,CTEC,Bachelor of Technical-Vocational Teacher Education,TATM0503,2.09,1.19,8,1,12.5
2024.0,CTEC,Bachelor of Technical-Vocational Teacher Education,TATM0603,1.54,0.27,7,0,0.0
2024.0,CTEC,Bachelor of Technical-Vocational Teacher Education,TATM0703,1.86,0.38,7,0,0.0
2024.0,CTEC,Bachelor of Technical-Vocational Teacher Education,TATM0803,1.79,0.24,14,0,0.0
2024.0,CTEC,Bachelor of Technical-Vocational Teacher Education,TATM1203,1.79,0.24,14,0,0.0
2024.0,CTEC,Bachelor of Technical-Vocational Teacher Education,TATM1303,2.21,0.89,12,1,8.33
2024.0,CTEC,Bachelor of Technical-Vocational Teacher Education,TATM1403,1.79,0.1,12,0,0.0
2024.0,CTEC,Bachelor of Technical-Vocational Teacher Education,TEHV0723,2.0,,1,0,0.0
2024.0,CTEC,Bachelor of Technical-Vocational Teacher Education,TEHV0823,2.0,,1,0,0.0
2024.0,CTEC,Bachelor of Technical-Vocational Teacher Education,TEIP0113,1.43,0.76,122,5,4.1
2024.0,CTEC,Bachelor of Technical-Vocational Teacher Education,TELC0103,2.16,0.89,16,1,6.25
2024.0,CTEC,Bachelor of Technical-Vocational Teacher Education,TELC0303,3.45,1.52,15,7,46.67
2024.0,CTEC,Bachelor of Technical-Vocational Teacher Education,TELC0503,3.45,1.52,15,7,46.67
2024.0,CTEC,Bachelor of Technical-Vocational Teacher Education,TELC0603,1.78,0.23,9,0,0.0
2024.0,CTEC,Bachelor of Technical-Vocational Teacher Education,TELC0703,1.86,0.28,9,0,0.0
2024.0,CTEC,Bachelor of Technical-Vocational Teacher Education,TELC0803,2.47,1.02,9,1,11.11
2024.0,CTEC,Bachelor of Technical-Vocational Teacher Education,TELC1003,2.47,1.0,9,1,11.11
2024.0,CTEC,Bachelor of Technical-Vocational Teacher Education,TELC1203,1.5,0.0,6,0,0.0
2024.0,CTEC,Bachelor of Technical-Vocational Teacher Education,TELC1403.,1.5,0.0,6,0,0.0
2024.0,CTEC,Bachelor of Technical-Vocational Teacher Education,TELC1503.,1.62,0.14,6,0,0.0
2024.0,CTEC,Bachelor of Technical-Vocational Teacher Education,TELC1603.,1.62,0.14,6,0,0.0
2024.0,CTEC,Bachelor of Technical-Vocational Teacher Education,TELE0513,1.75,,1,0,0.0
2024.0,CTEC,Bachelor of Technical-Vocational Teacher Education,TELE0613,2.0,,1,0,0.0
2024.0,CTEC,Bachelor of Technical-Vocational Teacher Education,TELE0923,2.0,,1,0,0.0
2024.0,CTEC,Bachelor of Technical-Vocational Teacher Education,TELX0903,1.5,0.0,4,0,0.0
2024.0,CTEC,Bachelor of Technical-Vocational Teacher Education,TELX1103,1.5,0.0,4,0,0.0
2024.0,CTEC,Bachelor of Technical-Vocational Teacher Education,TELX1203,2.69,1.56,4,1,25.0
2024.0,CTEC,Bachelor of Technical-Vocational Teacher Education,TELX1303,2.62,1.59,4,1,25.0
2024.0,CTEC,Bachelor of Technical-Vocational Teacher Education,TEPC0103,2.08,1.01,120,11,9.17
2024.0,CTEC,Bachelor of Technical-Vocational Teacher Education,TEPC0112,2.48,1.01,119,15,12.61
2024.0,CTEC,Bachelor of Technical-Vocational Teacher Education,THVA0103,1.89,1.17,9,1,11.11
2024.0,CTEC,Bachelor of Technical-Vocational Teacher Education,THVA0203,1.72,0.53,8,1,12.5
2024.0,CTEC,Bachelor of Technical-Vocational Teacher Education,THVA0303,1.84,0.48,8,1,12.5
2024.0,CTEC,Bachelor of Technical-Vocational Teacher Education,THVA1103,2.5,,1,0,0.0
2024.0,CTEC,Bachelor of Technical-Vocational Teacher Education,THVA1203,2.5,,1,0,0.0
2024.0,CTEC,Bachelor of Technical-Vocational Teacher Education,TMEC0103,1.3,0.11,5,0,0.0
2024.0,CTEC,Bachelor of Technical-Vocational Teacher Education,TMEC0303,1.55,0.11,5,0,0.0
2024.0,CTEC,Bachelor of Technical-Vocational Teacher Education,TMEC0503,1.55,0.11,5,0,0.0
2024.0,CTEC,Bachelor of Technical-Vocational Teacher Education,TMEC1103,2.5,0.0,9,0,0.0
2024.0,CTEC,Bachelor of Technical-Vocational Teacher Education,TMEC1203,2.5,0.0,9,0,0.0
2024.0,CTEC,Bachelor of Technical-Vocational Teacher Education,TMEC1503.,2.0,0.0,9,0,0.0
2024.0,CTEC,Bachelor of Technical-Vocational Teacher Education,TMEC1603.,2.0,0.0,9,0,0.0
2024.0,CTEC,Bachelor of Technical-Vocational Teacher Education,TWAF0103,2.25,0.19,8,0,0.0
2024.0,CTEC,Bachelor of Technical-Vocational Teacher Education,TWAF0303,1.91,0.19,8,0,0.0
2024.0,CTEC,Bachelor of Technical-Vocational Teacher Education,TWAF0403,1.91,0.19,8,0,0.0
2024.0,CTEC,Bachelor of Technical-Vocational Teacher Education,TWAF0503,1.96,0.27,7,0,0.0
2024.0,CTEC,Bachelor of Technical-Vocational Teacher Education,TWAF0603,1.96,0.27,7,0,0.0
2024.0,CTEC,Bachelor of Technical-Vocational Teacher Education,TWAF0703,1.84,0.35,8,0,0.0
2024.0,CTEC,Bachelor of Technical-Vocational Teacher Education,TWAF0803,1.84,0.35,8,0,0.0
2024.0,CTEC,Bachelor of Technical-Vocational Teacher Education,TWAF0903,2.08,0.31,9,0,0.0
2024.0,CTEC,Bachelor of Technical-Vocational Teacher Education,TWAF1003,2.08,0.31,9,0,0.0
2024.0,CTEC,Bachelor of Technical-Vocational Teacher Education,TWAF1103,1.61,0.13,9,0,0.0
2024.0,CTEC,Bachelor of Technical-Vocational Teacher Education,TWAF1203,1.56,0.11,9,0,0.0
2024.0,CTEC,Bachelor of Technical-Vocational Teacher Education,UIEC0101,2.11,1.22,116,16,13.79
2024.0,CTEC,Bachelor of Technical-Vocational Teacher Education,UIEC0201,2.21,1.15,112,19,16.96
2024.0,CTEC,Bachelor of Technical-Vocational Teacher Education,UIEC0301,2.22,1.25,117,18,15.38
